id,order_id_original,cliente_id,producto_id,cantidad,precio_unitario,descuento,monto_total,metodo_pago,fecha,calificacion_cliente,dias_entrega,region
1,10001,101,1,7,373.65,0.28,1883.2,Wallet,1/1/2022,4.7,10,South
2,10002,431,5,7,47.74,0.09,304.1,Card,1/2/2022,3.9,6,South
3,10003,850,1,3,311.28,0.31,644.35,COD,1/3/2022,2.5,6,East
4,10004,268,11,5,524.47,0.02,2569.9,Wallet,1/4/2022,1.6,6,West
5,10005,105,6,5,139.87,0.33,468.56,Wallet,1/5/2022,4.9,4,West
6,10006,70,12,2,264.44,0.2,423.1,Card,1/6/2022,3.3,3,West
7,10007,693,5,6,564.6,0.23,2608.45,Card,1/7/2022,1.8,1,South
8,10008,21,4,6,265.71,0.13,1387.01,Card,1/8/2022,3.7,2,North
9,10009,609,7,6,224.65,0.27,983.97,Card,1/9/2022,1.4,2,South
10,10010,120,7,4,272.71,0.06,1025.39,Card,1/10/2022,4.5,10,West
11,10011,462,8,6,318.88,0.02,1875.01,COD,1/11/2022,1.4,7,West
12,10012,212,10,3,384.71,0.14,992.55,COD,1/12/2022,1.9,11,West
13,10013,327,4,7,483.41,0.3,2368.71,COD,1/13/2022,1.4,6,South
14,10014,454,7,7,279.48,0.26,1447.71,COD,1/14/2022,1.4,8,West
15,10015,86,8,4,493.23,0.18,1617.79,Card,1/15/2022,3.1,9,East
16,10016,369,5,2,327.23,0.2,523.57,Wallet,1/16/2022,3.7,5,West
17,10017,98,5,3,213.01,0.05,607.08,Wallet,1/17/2022,4.2,11,North
18,10018,861,10,7,399.9,0.29,1987.5,COD,1/18/2022,3.8,3,East
19,10019,658,16,3,434.87,0.28,939.32,Wallet,1/19/2022,2.5,4,West
20,10020,129,12,7,341.46,0.23,1840.47,Card,1/20/2022,3.2,11,East
21,10021,656,16,1,48.12,0.16,40.42,COD,1/21/2022,4.7,8,West
22,10022,305,16,2,114.38,0.34,150.98,Card,1/22/2022,2.6,3,North
23,10023,760,14,2,181.9,0.31,251.02,Card,1/23/2022,2.0,2,West
24,10024,340,7,1,180.34,0.23,138.86,Card,1/24/2022,3.1,7,East
25,10025,487,6,4,408.95,0.13,1423.15,COD,1/25/2022,2.2,4,North
26,10026,410,11,7,25.73,0.22,140.49,Card,1/26/2022,2.0,8,South
27,10027,796,15,7,457.07,0.2,2559.59,COD,1/27/2022,4.1,1,North
28,10028,382,11,7,170.23,0.14,1024.78,Card,1/28/2022,4.6,8,North
29,10029,190,8,6,196.36,0.11,1048.56,Wallet,1/29/2022,3.0,5,North
30,10030,945,10,6,323.83,0.14,1670.96,COD,1/30/2022,4.1,2,East
31,10031,274,11,6,141.32,0.2,678.34,Card,1/31/2022,1.7,1,North
32,10032,159,5,6,532.42,0.15,2715.34,Card,2/1/2022,3.2,6,West
33,10033,455,11,6,64.94,0.09,354.57,Wallet,2/2/2022,3.5,9,North
34,10034,310,14,1,274.96,0.27,200.72,Card,2/3/2022,3.0,9,North
35,10035,22,12,2,511.91,0.19,829.29,COD,2/4/2022,1.5,9,West
36,10036,250,9,4,375.27,0.02,1471.06,COD,2/5/2022,3.9,11,West
37,10037,740,7,3,186.01,0.13,485.49,Card,2/6/2022,4.4,4,South
38,10038,846,12,6,261.14,0.31,1081.12,Card,2/7/2022,3.5,6,North
39,10039,556,10,1,428.42,0.26,317.03,COD,2/8/2022,1.7,10,East
40,10040,470,14,7,584.36,0.11,3640.56,Card,2/9/2022,1.3,6,North
41,10041,58,9,4,537.49,0.33,1440.47,Card,2/10/2022,2.2,5,North
42,10042,506,13,4,215.32,0.03,835.44,Card,2/11/2022,1.1,2,West
43,10043,675,11,4,598.95,0.34,1581.23,Card,2/12/2022,4.4,7,South
44,10044,471,12,1,17.05,0.09,15.52,Card,2/13/2022,3.8,1,North
45,10045,692,16,3,31.16,0.0,93.48,Wallet,2/14/2022,3.3,6,East
46,10046,965,10,6,496.95,0.15,2534.44,COD,2/15/2022,4.6,5,North
47,10047,773,10,4,131.69,0.13,458.28,COD,2/16/2022,1.4,5,East
48,10048,188,7,1,50.55,0.19,40.95,Card,2/17/2022,3.9,8,West
49,10049,947,11,7,153.73,0.28,774.8,Card,2/18/2022,1.6,9,South
50,10050,680,14,2,264.27,0.29,375.26,Wallet,2/19/2022,1.2,7,North
51,10051,947,10,7,442.38,0.14,2663.13,COD,2/20/2022,1.5,10,South
52,10052,558,16,1,380.24,0.15,323.2,Card,2/21/2022,4.8,8,North
53,10053,865,4,1,154.01,0.05,146.31,Card,2/22/2022,2.8,2,East
54,10054,562,8,1,309.41,0.02,303.22,COD,2/23/2022,1.2,2,South
55,10055,241,3,4,556.84,0.22,1737.34,Wallet,2/24/2022,3.3,8,North
56,10056,821,8,1,491.78,0.02,481.94,Card,2/25/2022,1.8,6,West
57,10057,500,1,2,204.07,0.26,302.02,COD,2/26/2022,1.0,8,East
58,10058,129,9,4,589.62,0.19,1910.37,COD,2/27/2022,4.0,9,South
59,10059,480,16,7,429.54,0.07,2796.31,Wallet,2/28/2022,1.6,9,North
60,10060,808,8,2,51.53,0.19,83.48,Wallet,3/1/2022,4.8,11,South
61,10061,641,6,5,35.57,0.06,167.18,Card,3/2/2022,3.4,6,North
62,10062,21,6,7,113.52,0.15,675.44,COD,3/3/2022,1.3,8,East
63,10063,830,15,1,440.8,0.28,317.38,COD,3/4/2022,1.9,2,West
64,10064,165,9,6,122.49,0.16,617.35,COD,3/5/2022,3.4,8,East
65,10065,271,9,6,314.22,0.05,1791.05,Wallet,3/6/2022,2.4,3,South
66,10066,384,15,4,69.56,0.25,208.68,Wallet,3/7/2022,3.1,1,South
67,10067,595,16,6,553.72,0.07,3089.76,Card,3/8/2022,4.2,7,North
68,10068,312,4,7,216.22,0.26,1120.02,Card,3/9/2022,4.2,1,East
69,10069,14,15,4,546.26,0.17,1813.58,COD,3/10/2022,3.8,11,North
70,10070,239,1,7,567.75,0.16,3338.37,Card,3/11/2022,4.5,1,East
71,10071,767,13,1,18.59,0.3,13.01,Card,3/12/2022,1.8,1,South
72,10072,342,12,3,286.52,0.25,644.67,Card,3/13/2022,1.7,4,North
73,10073,560,10,3,29.42,0.01,87.38,Wallet,3/14/2022,4.2,4,North
74,10074,887,15,2,546.59,0.1,983.86,Card,3/15/2022,2.3,10,East
75,10075,336,7,1,318.27,0.3,222.79,COD,3/16/2022,3.0,11,West
76,10076,90,12,6,58.84,0.01,349.51,Card,3/17/2022,4.0,6,East
77,10077,363,7,1,79.51,0.19,64.4,Card,3/18/2022,2.6,10,West
78,10078,945,1,5,239.35,0.25,897.56,Card,3/19/2022,1.5,3,East
79,10079,450,8,3,565.04,0.22,1322.19,Card,3/20/2022,3.7,10,South
80,10080,424,5,6,420.35,0.27,1841.13,Wallet,3/21/2022,4.3,6,North
81,10081,504,6,7,522.56,0.25,2743.44,Wallet,3/22/2022,1.1,7,East
82,10082,766,11,7,229.38,0.24,1220.3,COD,3/23/2022,3.3,11,South
83,10083,932,7,3,40.28,0.29,85.8,Card,3/24/2022,2.9,1,East
84,10084,35,5,1,584.98,0.23,450.43,COD,3/25/2022,2.0,6,North
85,10085,203,12,6,25.05,0.14,129.26,Card,3/26/2022,1.6,10,East
86,10086,79,16,2,569.38,0.17,945.17,Card,3/27/2022,1.8,1,West
87,10087,921,7,7,230.68,0.25,1211.07,COD,3/28/2022,3.9,7,North
88,10088,557,13,1,20.9,0.31,14.42,COD,3/29/2022,3.1,10,West
89,10089,861,2,2,418.16,0.1,752.69,Card,3/30/2022,4.9,5,South
90,10090,384,9,6,588.62,0.12,3107.91,Card,3/31/2022,2.0,10,South
91,10091,2,16,3,579.89,0.33,1165.58,Wallet,4/1/2022,4.8,4,East
92,10092,386,7,5,109.15,0.2,436.6,Card,4/2/2022,3.1,1,West
93,10093,561,3,4,121.03,0.06,455.07,Wallet,4/3/2022,1.6,9,West
94,10094,104,11,3,345.84,0.23,798.89,Wallet,4/4/2022,1.6,7,North
95,10095,762,14,2,387.82,0.35,504.17,COD,4/5/2022,3.4,2,West
96,10096,811,6,1,447.56,0.29,317.77,Card,4/6/2022,4.3,4,West
97,10097,472,12,7,120.91,0.26,626.31,COD,4/7/2022,4.0,4,North
98,10098,695,9,6,576.02,0.07,3214.19,Card,4/8/2022,3.6,8,North
99,10099,398,13,3,388.66,0.31,804.53,Card,4/9/2022,1.7,2,West
100,10100,722,13,7,510.52,0.18,2930.38,COD,4/10/2022,1.4,11,East
101,10101,551,10,7,330.94,0.31,1598.44,Card,4/11/2022,1.0,5,North
102,10102,160,7,5,257.35,0.12,1132.34,Card,4/12/2022,1.4,10,North
103,10103,199,8,6,586.65,0.02,3449.5,COD,4/13/2022,4.1,8,West
104,10104,947,16,2,355.54,0.17,590.2,COD,4/14/2022,4.6,6,West
105,10105,985,10,6,522.12,0.09,2850.78,Card,4/15/2022,2.0,4,North
106,10106,267,2,6,572.68,0.25,2577.06,Card,4/16/2022,4.2,5,West
107,10107,852,11,1,410.08,0.33,274.75,Card,4/17/2022,1.8,2,North
108,10108,805,7,4,336.13,0.24,1021.84,Card,4/18/2022,2.0,5,East
109,10109,268,10,7,17.05,0.31,82.35,COD,4/19/2022,1.9,3,East
110,10110,451,12,2,38.41,0.16,64.53,COD,4/20/2022,1.2,3,North
111,10111,457,7,1,132.5,0.27,96.72,COD,4/21/2022,1.8,7,North
112,10112,719,11,7,123.81,0.3,606.67,Card,4/22/2022,2.5,3,South
113,10113,249,16,4,164.03,0.25,492.09,Card,4/23/2022,2.6,4,South
114,10114,694,11,1,193.39,0.18,158.58,Card,4/24/2022,2.2,7,West
115,10115,293,8,4,225.64,0.22,704.0,Card,4/25/2022,3.1,3,West
116,10116,717,9,4,261.01,0.25,783.03,Card,4/26/2022,2.5,10,North
117,10117,712,11,4,72.84,0.09,265.14,Card,4/27/2022,4.9,10,North
118,10118,741,11,1,39.78,0.28,28.64,Card,4/28/2022,4.2,2,South
119,10119,334,5,6,409.26,0.33,1645.23,COD,4/29/2022,4.7,10,South
120,10120,868,8,4,329.34,0.16,1106.58,COD,4/30/2022,3.2,7,North
121,10121,52,7,6,274.82,0.25,1236.69,COD,5/1/2022,3.7,5,East
122,10122,782,5,7,386.15,0.26,2000.26,Card,5/2/2022,1.7,1,East
123,10123,911,8,7,499.19,0.23,2690.63,Wallet,5/3/2022,4.0,10,West
124,10124,214,11,2,265.2,0.19,429.62,Wallet,5/4/2022,1.9,8,North
125,10125,755,6,5,390.05,0.31,1345.67,Card,5/5/2022,1.6,3,North
126,10126,186,1,6,572.84,0.16,2887.11,COD,5/6/2022,1.2,11,West
127,10127,376,8,7,506.18,0.02,3472.39,Wallet,5/7/2022,2.9,7,South
128,10128,488,14,5,264.21,0.3,924.73,COD,5/8/2022,2.1,6,South
129,10129,41,12,4,392.16,0.24,1192.17,Card,5/9/2022,4.9,10,East
130,10130,155,14,5,118.59,0.3,415.06,COD,5/10/2022,2.0,6,North
131,10131,15,14,5,342.91,0.05,1628.82,COD,5/11/2022,4.5,8,South
132,10132,802,5,4,589.08,0.01,2332.76,Card,5/12/2022,2.3,4,East
133,10133,64,1,6,318.21,0.33,1279.2,Wallet,5/13/2022,4.0,4,East
134,10134,846,10,4,557.67,0.05,2119.15,COD,5/14/2022,3.6,3,East
135,10135,828,9,2,253.29,0.28,364.74,Card,5/15/2022,3.2,1,South
136,10136,516,16,3,599.32,0.29,1276.55,COD,5/16/2022,2.7,10,South
137,10137,340,15,1,353.84,0.25,265.38,COD,5/17/2022,3.7,3,North
138,10138,127,12,4,39.73,0.05,150.97,Card,5/18/2022,2.6,1,North
139,10139,642,10,4,358.25,0.23,1103.41,Card,5/19/2022,3.2,6,East
140,10140,467,12,5,175.63,0.31,605.92,Wallet,5/20/2022,3.4,8,East
141,10141,62,10,2,34.0,0.15,57.8,COD,5/21/2022,2.1,3,South
142,10142,137,16,7,495.2,0.14,2981.1,Card,5/22/2022,2.4,4,South
143,10143,494,8,7,176.3,0.16,1036.64,Card,5/23/2022,1.1,5,North
144,10144,588,9,5,480.98,0.03,2332.75,COD,5/24/2022,4.4,7,North
145,10145,388,6,6,183.61,0.31,760.15,COD,5/25/2022,4.0,11,West
146,10146,668,10,4,128.68,0.3,360.3,Card,5/26/2022,1.7,6,North
147,10147,415,11,4,584.75,0.35,1520.35,COD,5/27/2022,2.4,2,South
148,10148,286,8,5,226.56,0.2,906.24,Card,5/28/2022,2.7,7,East
149,10149,375,4,4,366.81,0.26,1085.76,Card,5/29/2022,2.3,8,West
150,10150,763,15,6,371.84,0.07,2074.87,COD,5/30/2022,4.2,1,North
151,10151,485,10,3,342.88,0.23,792.05,Card,5/31/2022,3.9,6,North
152,10152,228,4,1,550.1,0.23,423.58,Wallet,6/1/2022,4.1,11,South
153,10153,41,15,1,409.55,0.32,278.49,Card,6/2/2022,4.6,9,West
154,10154,28,15,1,251.18,0.29,178.34,COD,6/3/2022,3.4,7,North
155,10155,133,7,3,519.49,0.33,1044.17,Card,6/4/2022,3.5,5,East
156,10156,198,8,4,120.92,0.3,338.58,Card,6/5/2022,3.9,10,South
157,10157,829,10,5,333.38,0.3,1166.83,COD,6/6/2022,3.7,11,West
158,10158,770,10,7,571.07,0.02,3917.54,COD,6/7/2022,4.5,10,North
159,10159,919,11,2,380.86,0.3,533.2,COD,6/8/2022,4.1,9,North
160,10160,33,11,4,492.93,0.21,1557.66,COD,6/9/2022,1.5,2,West
161,10161,48,6,3,397.33,0.13,1037.03,COD,6/10/2022,4.7,7,South
162,10162,498,15,6,506.03,0.02,2975.46,COD,6/11/2022,3.7,9,West
163,10163,403,7,3,567.53,0.24,1293.97,COD,6/12/2022,1.5,2,West
164,10164,569,10,7,174.66,0.11,1088.13,COD,6/13/2022,4.1,11,South
165,10165,720,4,1,114.25,0.16,95.97,COD,6/14/2022,2.4,10,North
166,10166,795,3,4,298.13,0.24,906.32,Wallet,6/15/2022,4.2,6,East
167,10167,97,16,7,425.59,0.32,2025.81,Card,6/16/2022,4.8,9,South
168,10168,677,3,1,147.91,0.29,105.02,COD,6/17/2022,2.0,3,East
169,10169,861,7,2,17.4,0.16,29.23,Card,6/18/2022,4.4,8,North
170,10170,718,3,6,215.62,0.14,1112.6,Card,6/19/2022,4.1,5,West
171,10171,976,9,1,581.78,0.08,535.24,Card,6/20/2022,3.7,7,East
172,10172,542,8,2,421.56,0.13,733.51,Wallet,6/21/2022,2.5,3,North
173,10173,950,12,3,249.78,0.04,719.37,COD,6/22/2022,1.4,8,North
174,10174,731,11,1,127.66,0.34,84.26,COD,6/23/2022,2.9,2,West
175,10175,607,10,1,223.31,0.2,178.65,Card,6/24/2022,1.4,8,West
176,10176,932,7,5,114.36,0.04,548.93,COD,6/25/2022,3.0,2,North
177,10177,457,13,6,77.19,0.12,407.56,Wallet,6/26/2022,4.3,7,North
178,10178,637,7,6,545.44,0.19,2650.84,Card,6/27/2022,5.0,2,East
179,10179,759,9,7,598.63,0.19,3394.23,Card,6/28/2022,1.8,7,North
180,10180,5,15,3,111.01,0.01,329.7,Card,6/29/2022,1.8,1,North
181,10181,215,8,5,46.9,0.33,157.11,COD,6/30/2022,4.2,6,East
182,10182,498,7,7,207.89,0.1,1309.71,COD,7/1/2022,2.9,10,South
183,10183,757,16,2,285.07,0.01,564.44,COD,7/2/2022,4.7,7,East
184,10184,394,10,7,134.82,0.03,915.43,COD,7/3/2022,4.1,4,East
185,10185,860,10,2,191.33,0.2,306.13,Card,7/4/2022,3.9,11,West
186,10186,785,3,3,132.51,0.05,377.65,COD,7/5/2022,1.4,11,East
187,10187,389,11,6,467.94,0.01,2779.56,Card,7/6/2022,1.1,1,North
188,10188,204,6,2,431.86,0.13,751.44,Card,7/7/2022,2.3,6,North
189,10189,15,1,3,386.45,0.22,904.29,COD,7/8/2022,1.9,4,North
190,10190,847,14,7,241.52,0.04,1623.01,Wallet,7/9/2022,3.8,3,South
191,10191,549,10,2,546.79,0.11,973.29,COD,7/10/2022,2.8,4,North
192,10192,881,9,4,582.18,0.15,1979.41,COD,7/11/2022,3.1,6,South
193,10193,456,10,1,116.58,0.06,109.59,Card,7/12/2022,4.3,5,North
194,10194,684,6,7,145.46,0.18,834.94,Card,7/13/2022,2.9,2,East
195,10195,570,5,6,322.49,0.03,1876.89,Card,7/14/2022,3.2,2,West
196,10196,853,9,7,68.38,0.02,469.09,Wallet,7/15/2022,4.4,3,North
197,10197,735,4,4,270.32,0.18,886.65,Wallet,7/16/2022,2.7,11,South
198,10198,238,7,3,355.35,0.09,970.11,Wallet,7/17/2022,1.3,6,South
199,10199,559,12,3,320.41,0.03,932.39,Card,7/18/2022,3.1,1,West
200,10200,94,5,7,208.58,0.15,1241.05,COD,7/19/2022,3.3,11,North
201,10201,889,14,4,332.33,0.32,903.94,COD,7/20/2022,3.0,7,East
202,10202,726,9,7,575.9,0.25,3023.48,COD,7/21/2022,2.0,8,North
203,10203,480,10,1,135.52,0.29,96.22,COD,7/22/2022,1.9,7,North
204,10204,403,16,1,398.08,0.31,274.68,COD,7/23/2022,2.5,11,West
205,10205,228,8,5,40.39,0.34,133.29,Card,7/24/2022,1.7,3,North
206,10206,741,8,2,53.85,0.27,78.62,Card,7/25/2022,3.7,6,East
207,10207,649,6,5,337.82,0.21,1334.39,Card,7/26/2022,3.5,4,South
208,10208,169,11,1,76.39,0.13,66.46,Card,7/27/2022,3.5,5,West
209,10209,536,11,4,28.07,0.06,105.54,Card,7/28/2022,1.9,3,East
210,10210,36,7,2,115.34,0.24,175.32,Card,7/29/2022,2.0,5,South
211,10211,520,9,4,345.44,0.35,898.14,Card,7/30/2022,4.1,6,West
212,10212,158,9,5,426.45,0.16,1791.09,COD,7/31/2022,3.8,8,West
213,10213,828,14,3,133.45,0.25,300.26,Wallet,8/1/2022,4.5,6,South
214,10214,691,1,4,405.93,0.17,1347.69,Wallet,8/2/2022,2.6,9,South
215,10215,240,14,5,121.75,0.15,517.44,Card,8/3/2022,3.2,10,East
216,10216,84,4,5,373.87,0.14,1607.64,Card,8/4/2022,4.0,10,North
217,10217,786,10,5,256.0,0.18,1049.6,Card,8/5/2022,4.9,10,North
218,10218,573,1,3,397.47,0.13,1037.4,Wallet,8/6/2022,5.0,10,North
219,10219,675,12,3,597.11,0.26,1325.58,COD,8/7/2022,5.0,4,North
220,10220,552,4,7,563.62,0.31,2722.28,Card,8/8/2022,4.6,2,North
221,10221,569,2,3,17.5,0.31,36.22,Wallet,8/9/2022,3.6,9,East
222,10222,942,15,2,532.98,0.08,980.68,Card,8/10/2022,1.0,11,West
223,10223,640,1,3,53.9,0.31,111.57,Wallet,8/11/2022,3.8,3,East
224,10224,786,5,3,572.53,0.12,1511.48,Card,8/12/2022,2.0,11,East
225,10225,28,11,3,179.87,0.11,480.25,Card,8/13/2022,1.2,7,East
226,10226,614,5,4,238.49,0.25,715.47,COD,8/14/2022,3.8,4,West
227,10227,551,7,3,68.61,0.11,183.19,Wallet,8/15/2022,4.0,1,East
228,10228,336,11,2,80.68,0.02,158.13,Wallet,8/16/2022,3.6,8,East
229,10229,788,8,5,440.14,0.13,1914.61,COD,8/17/2022,2.5,4,West
230,10230,947,4,4,567.43,0.25,1702.29,Card,8/18/2022,3.0,11,East
231,10231,327,10,1,372.29,0.11,331.34,Card,8/19/2022,4.7,6,North
232,10232,634,16,3,433.77,0.22,1015.02,Wallet,8/20/2022,3.9,7,South
233,10233,501,3,7,460.75,0.23,2483.44,COD,8/21/2022,3.0,8,East
234,10234,344,2,7,168.75,0.26,874.12,COD,8/22/2022,3.4,10,South
235,10235,468,1,5,41.46,0.31,143.04,Card,8/23/2022,4.7,2,East
236,10236,228,7,5,16.1,0.15,68.42,COD,8/24/2022,2.6,9,East
237,10237,188,2,4,220.13,0.06,827.69,Card,8/25/2022,1.4,10,North
238,10238,222,16,7,156.26,0.11,973.5,COD,8/26/2022,2.3,3,West
239,10239,381,11,1,51.46,0.15,43.74,Wallet,8/27/2022,2.7,1,South
240,10240,373,6,6,120.02,0.25,540.09,COD,8/28/2022,2.1,2,West
241,10241,280,13,7,87.83,0.0,614.81,COD,8/29/2022,3.1,8,North
242,10242,947,11,7,550.2,0.11,3427.75,Card,8/30/2022,2.2,10,North
243,10243,627,7,2,97.06,0.27,141.71,Card,8/31/2022,1.4,6,South
244,10244,622,14,6,329.52,0.23,1522.38,Wallet,9/1/2022,1.8,11,West
245,10245,962,10,5,361.97,0.26,1339.29,Card,9/2/2022,4.7,1,North
246,10246,737,8,6,332.94,0.28,1438.3,Wallet,9/3/2022,3.5,11,East
247,10247,256,16,7,72.95,0.27,372.77,COD,9/4/2022,2.3,9,East
248,10248,355,7,5,201.5,0.24,765.7,COD,9/5/2022,2.5,7,East
249,10249,702,9,6,44.99,0.15,229.45,Wallet,9/6/2022,3.0,10,West
250,10250,451,12,5,246.47,0.34,813.35,COD,9/7/2022,3.7,11,East
251,10251,407,5,5,125.33,0.2,501.32,Wallet,9/8/2022,3.3,3,East
252,10252,643,2,4,343.56,0.07,1278.04,Card,9/9/2022,4.7,7,North
253,10253,314,10,1,420.29,0.1,378.26,COD,9/10/2022,3.5,6,North
254,10254,670,8,5,326.29,0.24,1239.9,COD,9/11/2022,4.6,3,East
255,10255,222,11,2,269.03,0.32,365.88,Card,9/12/2022,1.0,8,East
256,10256,808,10,7,241.59,0.06,1589.66,COD,9/13/2022,4.6,1,North
257,10257,231,13,7,507.39,0.03,3445.18,COD,9/14/2022,3.9,5,South
258,10258,677,15,2,143.33,0.31,197.8,Wallet,9/15/2022,1.7,8,West
259,10259,658,12,3,444.52,0.32,906.82,Card,9/16/2022,2.1,3,West
260,10260,964,6,5,458.13,0.1,2061.58,COD,9/17/2022,3.2,11,North
261,10261,816,12,5,260.23,0.13,1132.0,Card,9/18/2022,1.5,10,West
262,10262,370,7,5,188.92,0.23,727.34,COD,9/19/2022,4.1,11,North
263,10263,665,15,6,290.27,0.12,1532.63,COD,9/20/2022,4.2,6,North
264,10264,602,11,5,69.53,0.31,239.88,COD,9/21/2022,2.2,10,North
265,10265,467,9,5,41.87,0.04,200.98,Card,9/22/2022,1.3,11,North
266,10266,230,7,2,80.29,0.01,158.97,Card,9/23/2022,5.0,2,South
267,10267,685,3,1,124.48,0.07,115.77,Card,9/24/2022,2.0,9,East
268,10268,111,2,1,309.94,0.1,278.95,Card,9/25/2022,1.3,2,East
269,10269,819,9,3,511.74,0.04,1473.81,COD,9/26/2022,2.3,5,South
270,10270,492,13,2,152.85,0.02,299.59,Wallet,9/27/2022,4.9,3,West
271,10271,437,8,5,562.07,0.26,2079.66,Card,9/28/2022,4.2,10,West
272,10272,559,7,1,573.62,0.06,539.2,Card,9/29/2022,2.9,9,East
273,10273,265,14,4,575.96,0.32,1566.61,COD,9/30/2022,2.2,9,West
274,10274,505,4,4,504.97,0.13,1757.3,COD,10/1/2022,2.7,7,East
275,10275,797,3,4,227.84,0.23,701.75,Card,10/2/2022,1.1,10,East
276,10276,382,5,5,57.52,0.08,264.59,Card,10/3/2022,3.9,5,South
277,10277,383,7,5,347.76,0.08,1599.7,Card,10/4/2022,1.4,9,West
278,10278,111,15,3,341.83,0.2,820.39,Card,10/5/2022,3.1,7,South
279,10279,607,10,7,512.24,0.2,2868.54,Card,10/6/2022,3.3,2,East
280,10280,619,6,3,597.65,0.27,1308.85,Card,10/7/2022,1.0,10,East
281,10281,941,6,3,312.27,0.27,683.87,COD,10/8/2022,4.9,1,East
282,10282,79,16,6,216.94,0.23,1002.26,COD,10/9/2022,2.2,10,North
283,10283,691,10,4,123.75,0.16,415.8,Card,10/10/2022,1.3,10,North
284,10284,111,12,5,17.81,0.31,61.44,COD,10/11/2022,4.4,4,North
285,10285,2,3,4,312.83,0.22,976.03,COD,10/12/2022,1.6,10,South
286,10286,636,12,3,339.98,0.35,662.96,Wallet,10/13/2022,1.1,8,East
287,10287,217,8,5,497.59,0.29,1766.44,Card,10/14/2022,3.0,6,West
288,10288,561,10,2,310.18,0.02,607.95,COD,10/15/2022,1.5,2,South
289,10289,844,10,1,551.13,0.11,490.51,COD,10/16/2022,4.9,5,South
290,10290,986,9,1,382.43,0.2,305.94,Card,10/17/2022,1.0,9,South
291,10291,728,12,3,506.6,0.25,1139.85,Wallet,10/18/2022,1.2,6,West
292,10292,222,3,7,101.76,0.19,576.98,COD,10/19/2022,4.3,6,East
293,10293,381,9,4,515.37,0.28,1484.27,COD,10/20/2022,2.0,7,North
294,10294,399,1,2,409.96,0.1,737.93,Card,10/21/2022,4.6,11,East
295,10295,632,5,5,114.59,0.06,538.57,Card,10/22/2022,2.2,5,East
296,10296,128,6,7,126.01,0.02,864.43,COD,10/23/2022,1.3,3,South
297,10297,52,6,4,557.0,0.2,1782.4,Card,10/24/2022,1.0,3,South
298,10298,677,6,3,33.85,0.24,77.18,COD,10/25/2022,2.1,5,South
299,10299,722,15,4,285.58,0.11,1016.66,Card,10/26/2022,2.9,4,North
300,10300,665,12,3,198.38,0.21,470.16,COD,10/27/2022,1.0,5,North
301,10301,702,5,6,404.07,0.02,2375.93,COD,10/28/2022,3.3,9,North
302,10302,412,2,1,506.18,0.03,490.99,Card,10/29/2022,2.3,5,East
303,10303,244,4,7,225.82,0.25,1185.56,COD,10/30/2022,2.6,4,South
304,10304,825,1,1,264.74,0.13,230.32,Card,10/31/2022,2.0,4,West
305,10305,434,8,4,589.42,0.23,1815.41,Card,11/1/2022,3.1,1,East
306,10306,200,13,2,473.59,0.29,672.5,Card,11/2/2022,1.9,10,North
307,10307,182,8,5,539.86,0.3,1889.51,Card,11/3/2022,1.5,4,West
308,10308,121,6,3,271.68,0.06,766.14,Card,11/4/2022,4.6,4,West
309,10309,397,12,5,151.93,0.17,630.51,Wallet,11/5/2022,2.6,9,South
310,10310,757,8,1,255.94,0.26,189.4,Card,11/6/2022,1.3,11,West
311,10311,291,9,2,433.91,0.27,633.51,Card,11/7/2022,1.9,4,North
312,10312,277,12,2,79.02,0.27,115.37,Card,11/8/2022,2.2,7,South
313,10313,826,3,5,173.22,0.08,796.81,Card,11/9/2022,4.1,1,West
314,10314,873,9,1,42.28,0.07,39.32,COD,11/10/2022,1.1,7,South
315,10315,604,12,5,267.92,0.21,1058.28,Card,11/11/2022,2.9,2,West
316,10316,195,11,4,499.06,0.26,1477.22,COD,11/12/2022,2.6,11,East
317,10317,971,1,2,29.43,0.11,52.39,Card,11/13/2022,4.9,8,East
318,10318,896,6,2,410.06,0.04,787.32,Wallet,11/14/2022,1.7,1,North
319,10319,506,5,4,560.51,0.25,1681.53,Card,11/15/2022,3.5,10,East
320,10320,744,13,1,153.6,0.1,138.24,COD,11/16/2022,1.8,3,East
321,10321,142,16,2,420.78,0.06,791.07,COD,11/17/2022,3.2,8,East
322,10322,603,11,7,585.43,0.05,3893.11,Card,11/18/2022,3.2,10,West
323,10323,198,13,6,577.93,0.11,3086.15,COD,11/19/2022,1.3,8,West
324,10324,122,13,6,152.43,0.21,722.52,COD,11/20/2022,2.8,11,South
325,10325,185,13,6,73.69,0.13,384.66,Card,11/21/2022,2.8,5,West
326,10326,322,12,3,101.75,0.01,302.2,COD,11/22/2022,2.3,5,East
327,10327,459,1,7,425.69,0.03,2890.44,Wallet,11/23/2022,2.1,8,West
328,10328,345,7,3,439.57,0.1,1186.84,COD,11/24/2022,1.9,10,North
329,10329,761,12,1,409.43,0.23,315.26,Wallet,11/25/2022,1.0,5,South
330,10330,654,6,4,211.61,0.03,821.05,Card,11/26/2022,1.0,9,South
331,10331,755,10,5,114.32,0.2,457.28,COD,11/27/2022,3.4,1,West
332,10332,944,12,7,354.75,0.04,2383.92,Wallet,11/28/2022,2.2,5,East
333,10333,921,15,1,297.95,0.07,277.09,Card,11/29/2022,1.7,3,South
334,10334,399,12,5,441.37,0.06,2074.44,Wallet,11/30/2022,3.7,3,North
335,10335,342,8,1,273.2,0.02,267.74,Card,12/1/2022,3.1,2,North
336,10336,952,8,3,213.1,0.23,492.26,Wallet,12/2/2022,4.7,3,South
337,10337,506,12,6,186.68,0.16,940.87,Card,12/3/2022,4.3,7,East
338,10338,145,1,4,138.71,0.29,393.94,Card,12/4/2022,3.9,8,East
339,10339,146,10,3,170.46,0.03,496.04,Wallet,12/5/2022,1.5,8,West
340,10340,853,11,4,70.48,0.05,267.82,Card,12/6/2022,3.7,11,West
341,10341,703,9,7,217.91,0.11,1357.58,Card,12/7/2022,3.8,8,South
342,10342,809,10,5,36.39,0.27,132.82,Card,12/8/2022,4.1,1,West
343,10343,484,12,1,124.05,0.11,110.4,COD,12/9/2022,2.1,11,West
344,10344,918,14,2,451.86,0.14,777.2,Wallet,12/10/2022,3.6,7,West
345,10345,925,2,2,205.4,0.11,365.61,Card,12/11/2022,3.5,2,North
346,10346,634,9,4,405.92,0.03,1574.97,COD,12/12/2022,2.5,11,West
347,10347,546,13,6,434.38,0.33,1746.21,Card,12/13/2022,3.7,10,South
348,10348,334,15,6,354.99,0.19,1725.25,COD,12/14/2022,1.3,4,East
349,10349,861,16,4,575.84,0.28,1658.42,Card,12/15/2022,3.6,5,West
350,10350,635,8,3,27.54,0.23,63.62,Card,12/16/2022,3.4,1,East
351,10351,769,12,2,447.11,0.18,733.26,Card,12/17/2022,1.8,4,West
352,10352,977,10,3,575.89,0.03,1675.84,COD,12/18/2022,4.3,4,South
353,10353,942,14,5,519.43,0.22,2025.78,Wallet,12/19/2022,4.5,9,North
354,10354,468,16,2,113.22,0.05,215.12,COD,12/20/2022,1.8,9,South
355,10355,935,11,5,206.19,0.15,876.31,Card,12/21/2022,1.3,11,North
356,10356,149,6,1,115.88,0.22,90.39,COD,12/22/2022,3.4,10,West
357,10357,411,3,3,366.77,0.27,803.23,COD,12/23/2022,2.9,1,West
358,10358,979,14,4,431.63,0.24,1312.16,Card,12/24/2022,2.7,8,North
359,10359,295,1,2,200.49,0.24,304.74,Card,12/25/2022,4.0,4,South
360,10360,605,13,3,330.61,0.05,942.24,Card,12/26/2022,4.9,4,South
361,10361,260,8,4,419.19,0.12,1475.55,COD,12/27/2022,2.9,5,North
362,10362,755,5,1,261.48,0.02,256.25,COD,12/28/2022,1.0,2,West
363,10363,142,14,2,514.6,0.25,771.9,COD,12/29/2022,3.4,1,North
364,10364,342,10,5,466.36,0.33,1562.31,Card,12/30/2022,3.6,5,West
365,10365,618,5,1,52.83,0.09,48.08,Card,12/31/2022,4.3,7,North
366,10366,567,13,6,378.36,0.03,2202.06,Wallet,1/1/2023,1.8,10,West
367,10367,870,9,4,152.67,0.17,506.86,Card,1/2/2023,3.1,9,North
368,10368,2,16,2,341.15,0.3,477.61,Wallet,1/3/2023,2.8,2,East
369,10369,886,5,2,574.78,0.19,931.14,COD,1/4/2023,3.7,8,West
370,10370,300,2,7,529.25,0.02,3630.66,Card,1/5/2023,1.3,7,South
371,10371,251,9,7,251.64,0.34,1162.58,COD,1/6/2023,4.5,2,North
372,10372,646,12,1,185.54,0.29,131.73,Wallet,1/7/2023,3.0,5,South
373,10373,448,8,2,152.13,0.05,289.05,Card,1/8/2023,4.5,7,North
374,10374,37,10,4,326.52,0.32,888.13,Wallet,1/9/2023,2.4,3,South
375,10375,158,14,1,81.84,0.16,68.75,Card,1/10/2023,3.6,2,South
376,10376,9,13,5,336.33,0.13,1463.04,COD,1/11/2023,4.8,6,North
377,10377,230,10,1,15.78,0.16,13.26,Wallet,1/12/2023,4.8,10,North
378,10378,97,7,1,204.45,0.29,145.16,Wallet,1/13/2023,4.8,6,South
379,10379,653,6,5,143.66,0.23,553.09,COD,1/14/2023,1.2,11,South
380,10380,805,7,6,583.16,0.02,3428.98,COD,1/15/2023,2.6,4,South
381,10381,205,3,7,440.44,0.34,2034.83,Card,1/16/2023,1.2,1,West
382,10382,129,14,4,219.55,0.05,834.29,Card,1/17/2023,2.2,5,West
383,10383,400,15,6,69.31,0.26,307.74,Card,1/18/2023,1.7,1,East
384,10384,150,14,6,317.33,0.22,1485.1,Card,1/19/2023,3.5,11,West
385,10385,53,6,6,139.87,0.07,780.47,Card,1/20/2023,4.1,11,West
386,10386,118,4,7,328.81,0.06,2163.57,Card,1/21/2023,3.1,8,North
387,10387,666,15,3,503.69,0.3,1057.75,Wallet,1/22/2023,4.2,2,East
388,10388,909,15,7,375.24,0.15,2232.68,COD,1/23/2023,1.1,9,East
389,10389,622,1,6,385.77,0.23,1782.26,Card,1/24/2023,4.3,9,West
390,10390,582,10,3,331.5,0.18,815.49,Wallet,1/25/2023,1.7,3,North
391,10391,619,16,5,557.45,0.25,2090.44,Card,1/26/2023,2.8,6,North
392,10392,957,12,7,560.16,0.17,3254.53,COD,1/27/2023,2.8,9,East
393,10393,416,9,4,314.94,0.1,1133.78,COD,1/28/2023,4.5,7,North
394,10394,418,11,6,193.87,0.13,1012.0,Card,1/29/2023,4.9,4,South
395,10395,102,4,2,283.86,0.3,397.4,COD,1/30/2023,2.0,3,West
396,10396,841,3,5,124.14,0.16,521.39,Card,1/31/2023,1.3,2,South
397,10397,251,16,3,387.26,0.07,1080.46,Card,2/1/2023,3.6,10,East
398,10398,224,16,7,307.55,0.33,1442.41,Card,2/2/2023,3.0,10,East
399,10399,110,6,4,75.43,0.28,217.24,Wallet,2/3/2023,3.3,1,North
400,10400,505,3,1,130.62,0.02,128.01,COD,2/4/2023,1.2,11,North
401,10401,468,8,4,295.58,0.35,768.51,COD,2/5/2023,4.1,10,East
402,10402,97,6,4,534.24,0.24,1624.09,COD,2/6/2023,1.9,11,East
403,10403,151,12,6,346.34,0.06,1953.36,Card,2/7/2023,2.3,1,South
404,10404,850,14,6,413.7,0.08,2283.62,COD,2/8/2023,1.9,4,South
405,10405,903,14,7,213.33,0.24,1134.92,Card,2/9/2023,4.8,4,North
406,10406,885,7,7,349.28,0.27,1784.82,Card,2/10/2023,1.7,9,South
407,10407,867,10,3,276.72,0.08,763.75,COD,2/11/2023,3.9,10,North
408,10408,334,16,7,400.59,0.09,2551.76,Card,2/12/2023,2.0,1,North
409,10409,698,9,3,44.59,0.11,119.06,Card,2/13/2023,2.7,11,West
410,10410,811,16,6,303.58,0.21,1438.97,Wallet,2/14/2023,5.0,4,North
411,10411,161,4,6,188.16,0.06,1061.22,COD,2/15/2023,1.4,3,South
412,10412,712,6,2,205.82,0.04,395.17,COD,2/16/2023,4.5,9,East
413,10413,946,12,2,577.14,0.24,877.25,Card,2/17/2023,4.8,5,East
414,10414,674,14,5,121.88,0.27,444.86,Card,2/18/2023,3.8,9,South
415,10415,985,15,6,197.08,0.18,969.63,COD,2/19/2023,1.0,10,East
416,10416,159,6,1,313.29,0.13,272.56,COD,2/20/2023,4.3,6,North
417,10417,575,3,2,519.87,0.15,883.78,COD,2/21/2023,4.5,11,East
418,10418,791,9,3,258.75,0.14,667.58,Wallet,2/22/2023,4.9,9,South
419,10419,394,8,4,450.16,0.34,1188.42,Wallet,2/23/2023,4.4,1,East
420,10420,274,15,7,515.98,0.27,2636.66,Card,2/24/2023,2.8,4,North
421,10421,805,1,7,196.36,0.07,1278.3,Wallet,2/25/2023,3.8,4,North
422,10422,905,10,5,244.76,0.13,1064.71,COD,2/26/2023,2.9,10,South
423,10423,499,13,2,223.59,0.19,362.22,COD,2/27/2023,2.4,10,South
424,10424,885,7,4,502.22,0.21,1587.02,Card,2/28/2023,3.5,6,South
425,10425,388,8,4,40.94,0.16,137.56,COD,3/1/2023,4.1,10,West
426,10426,133,9,2,195.43,0.28,281.42,Wallet,3/2/2023,3.5,1,West
427,10427,193,1,1,412.45,0.27,301.09,COD,3/3/2023,4.3,10,North
428,10428,397,10,1,345.78,0.18,283.54,COD,3/4/2023,1.7,5,West
429,10429,634,10,5,270.23,0.3,945.8,Card,3/5/2023,2.5,3,West
430,10430,33,12,1,330.87,0.26,244.84,Card,3/6/2023,2.3,1,East
431,10431,681,2,5,130.59,0.27,476.65,Card,3/7/2023,1.8,6,West
432,10432,455,15,3,266.97,0.33,536.61,Card,3/8/2023,2.8,3,East
433,10433,944,15,2,308.5,0.09,561.47,COD,3/9/2023,4.8,4,South
434,10434,872,9,4,542.2,0.09,1973.61,Card,3/10/2023,3.2,9,East
435,10435,465,6,5,167.59,0.31,578.19,COD,3/11/2023,2.1,2,East
436,10436,371,6,7,522.68,0.27,2670.89,Card,3/12/2023,2.4,1,South
437,10437,22,13,1,391.88,0.32,266.48,Card,3/13/2023,3.5,10,South
438,10438,742,4,7,26.9,0.02,184.53,Card,3/14/2023,2.4,6,North
439,10439,664,10,5,438.91,0.22,1711.75,Wallet,3/15/2023,3.2,1,North
440,10440,38,14,6,35.8,0.05,204.06,Card,3/16/2023,2.1,1,North
441,10441,227,12,5,598.47,0.18,2453.73,Card,3/17/2023,2.4,7,North
442,10442,361,6,1,525.49,0.05,499.22,Wallet,3/18/2023,3.8,2,East
443,10443,558,11,6,188.95,0.04,1088.35,Wallet,3/19/2023,3.3,4,East
444,10444,433,11,6,165.59,0.0,993.54,COD,3/20/2023,1.4,4,North
445,10445,766,8,1,238.14,0.22,185.75,Card,3/21/2023,4.9,2,West
446,10446,280,8,6,223.36,0.13,1165.94,Card,3/22/2023,1.2,6,North
447,10447,27,11,2,232.82,0.04,447.01,Wallet,3/23/2023,1.3,10,West
448,10448,223,15,4,201.19,0.11,716.24,Wallet,3/24/2023,3.8,2,South
449,10449,274,7,7,378.36,0.06,2489.61,COD,3/25/2023,3.8,8,East
450,10450,788,11,2,111.09,0.33,148.86,Card,3/26/2023,1.1,4,East
451,10451,603,16,2,509.9,0.11,907.62,Card,3/27/2023,3.6,1,West
452,10452,281,12,1,490.26,0.12,431.43,Card,3/28/2023,1.1,7,North
453,10453,868,5,1,293.74,0.29,208.56,COD,3/29/2023,4.8,6,East
454,10454,949,16,7,513.85,0.23,2769.65,Card,3/30/2023,3.8,6,West
455,10455,476,11,4,159.58,0.25,478.74,Wallet,3/31/2023,1.7,11,South
456,10456,448,10,5,25.28,0.22,98.59,Card,4/1/2023,1.6,3,South
457,10457,818,7,2,377.24,0.33,505.5,COD,4/2/2023,3.3,10,East
458,10458,805,3,6,282.88,0.07,1578.47,Card,4/3/2023,3.5,7,North
459,10459,653,8,4,346.79,0.35,901.65,COD,4/4/2023,4.3,6,West
460,10460,511,13,2,541.11,0.29,768.38,Card,4/5/2023,4.6,10,East
461,10461,542,6,5,582.41,0.21,2300.52,COD,4/6/2023,2.6,10,South
462,10462,190,10,6,386.16,0.23,1784.06,COD,4/7/2023,4.4,9,North
463,10463,49,5,2,461.97,0.23,711.43,Card,4/8/2023,3.2,3,West
464,10464,507,15,3,64.03,0.02,188.25,Wallet,4/9/2023,2.9,3,East
465,10465,17,12,7,109.02,0.08,702.09,COD,4/10/2023,3.8,4,West
466,10466,170,11,4,443.92,0.34,1171.95,Wallet,4/11/2023,1.4,3,North
467,10467,217,10,7,267.35,0.19,1515.87,Wallet,4/12/2023,2.1,4,North
468,10468,156,6,1,275.89,0.13,240.02,Wallet,4/13/2023,4.3,6,South
469,10469,472,3,2,195.54,0.27,285.49,Card,4/14/2023,3.0,1,North
470,10470,46,10,6,370.3,0.18,1821.88,Card,4/15/2023,4.6,2,East
471,10471,369,8,6,123.32,0.0,739.92,Wallet,4/16/2023,1.4,10,West
472,10472,513,10,4,381.75,0.26,1129.98,COD,4/17/2023,2.3,6,North
473,10473,97,4,4,116.67,0.26,345.34,Card,4/18/2023,2.4,6,North
474,10474,881,11,7,52.34,0.06,344.4,COD,4/19/2023,2.7,1,East
475,10475,737,7,6,208.26,0.33,837.21,Card,4/20/2023,4.9,6,West
476,10476,37,16,6,150.22,0.08,829.21,COD,4/21/2023,2.2,11,West
477,10477,277,16,6,535.06,0.16,2696.7,Wallet,4/22/2023,3.1,9,South
478,10478,345,8,2,47.15,0.04,90.53,COD,4/23/2023,3.1,8,South
479,10479,492,10,6,118.32,0.21,560.84,Card,4/24/2023,4.1,10,West
480,10480,298,7,1,336.0,0.13,292.32,Card,4/25/2023,3.1,5,East
481,10481,179,10,6,296.42,0.12,1565.1,Card,4/26/2023,3.4,4,East
482,10482,601,10,1,41.82,0.29,29.69,COD,4/27/2023,4.0,6,South
483,10483,97,8,2,19.24,0.0,38.48,Card,4/28/2023,1.4,11,North
484,10484,692,10,4,593.02,0.28,1707.9,COD,4/29/2023,4.9,5,East
485,10485,982,9,1,400.42,0.2,320.34,COD,4/30/2023,4.4,6,North
486,10486,114,13,2,228.76,0.35,297.39,COD,5/1/2023,2.6,10,East
487,10487,189,1,6,290.2,0.21,1375.55,Wallet,5/2/2023,3.9,11,West
488,10488,250,5,2,170.93,0.02,335.02,COD,5/3/2023,4.0,3,South
489,10489,970,9,6,216.75,0.02,1274.49,Card,5/4/2023,4.4,7,North
490,10490,917,12,7,394.69,0.31,1906.35,COD,5/5/2023,1.8,8,North
491,10491,972,2,2,531.44,0.29,754.64,COD,5/6/2023,3.8,5,West
492,10492,159,10,4,122.72,0.12,431.97,Card,5/7/2023,1.1,5,East
493,10493,253,9,1,506.61,0.22,395.16,COD,5/8/2023,1.5,4,North
494,10494,319,6,7,86.11,0.17,500.3,Card,5/9/2023,4.1,10,East
495,10495,126,5,4,140.77,0.34,371.63,Card,5/10/2023,4.3,5,West
496,10496,18,6,3,36.75,0.33,73.87,Wallet,5/11/2023,3.4,10,South
497,10497,783,12,6,97.37,0.34,385.59,Wallet,5/12/2023,3.3,11,North
498,10498,727,11,1,551.62,0.3,386.13,COD,5/13/2023,4.0,8,East
499,10499,561,1,4,283.77,0.32,771.85,COD,5/14/2023,4.6,5,North
500,10500,565,12,1,60.43,0.08,55.6,Wallet,5/15/2023,2.7,9,East
501,10501,319,16,3,576.44,0.29,1227.82,Wallet,5/16/2023,1.5,1,East
502,10502,861,13,5,529.21,0.25,1984.54,COD,5/17/2023,4.4,7,East
503,10503,679,5,6,456.49,0.34,1807.7,COD,5/18/2023,2.4,5,West
504,10504,782,12,6,561.08,0.2,2693.18,Card,5/19/2023,1.5,4,South
505,10505,620,9,2,143.78,0.03,278.93,Card,5/20/2023,3.5,3,North
506,10506,285,5,6,504.28,0.21,2390.29,Card,5/21/2023,3.3,10,South
507,10507,932,3,6,418.64,0.24,1909.0,COD,5/22/2023,2.9,7,East
508,10508,843,3,4,523.81,0.08,1927.62,Wallet,5/23/2023,4.4,2,East
509,10509,657,9,7,481.19,0.14,2896.76,Wallet,5/24/2023,2.1,5,South
510,10510,951,12,6,217.7,0.21,1031.9,Card,5/25/2023,1.1,2,South
511,10511,633,2,6,468.02,0.13,2443.06,COD,5/26/2023,2.3,7,North
512,10512,153,13,3,168.54,0.13,439.89,Card,5/27/2023,1.0,6,East
513,10513,485,1,7,207.23,0.05,1378.08,Card,5/28/2023,3.2,10,South
514,10514,382,10,3,78.12,0.33,157.02,Wallet,5/29/2023,2.5,7,West
515,10515,975,6,1,562.02,0.26,415.89,COD,5/30/2023,4.3,9,East
516,10516,775,14,1,185.24,0.0,185.24,COD,5/31/2023,4.2,2,East
517,10517,102,15,6,319.56,0.27,1399.67,Card,6/1/2023,2.7,9,North
518,10518,918,7,6,243.93,0.26,1083.05,Card,6/2/2023,1.9,7,West
519,10519,389,11,2,576.56,0.0,1153.12,COD,6/3/2023,2.7,2,North
520,10520,800,8,1,211.0,0.13,183.57,Card,6/4/2023,3.6,10,West
521,10521,243,9,4,470.45,0.21,1486.62,Card,6/5/2023,1.8,2,North
522,10522,174,7,6,515.42,0.16,2597.72,Card,6/6/2023,4.1,4,West
523,10523,39,4,4,269.83,0.27,787.9,COD,6/7/2023,2.3,2,West
524,10524,472,8,6,236.23,0.15,1204.77,Wallet,6/8/2023,4.7,1,West
525,10525,675,14,4,452.43,0.05,1719.23,Wallet,6/9/2023,3.0,6,South
526,10526,750,10,5,549.04,0.34,1811.83,Wallet,6/10/2023,4.4,10,East
527,10527,533,15,4,456.64,0.08,1680.44,Wallet,6/11/2023,3.5,11,West
528,10528,856,1,7,147.87,0.25,776.32,Wallet,6/12/2023,3.2,5,South
529,10529,807,9,1,534.66,0.05,507.93,COD,6/13/2023,3.7,3,South
530,10530,910,9,6,241.74,0.12,1276.39,COD,6/14/2023,4.2,11,North
531,10531,404,8,1,352.09,0.15,299.28,Card,6/15/2023,3.6,1,East
532,10532,520,12,7,501.39,0.07,3264.05,Wallet,6/16/2023,4.2,9,East
533,10533,817,16,7,125.21,0.16,736.23,Card,6/17/2023,1.8,8,North
534,10534,501,4,4,473.94,0.06,1782.01,Card,6/18/2023,2.1,6,East
535,10535,892,5,3,363.76,0.2,873.02,Wallet,6/19/2023,1.9,6,North
536,10536,814,9,3,537.6,0.23,1241.86,Card,6/20/2023,4.2,4,South
537,10537,36,6,7,115.6,0.02,793.02,Wallet,6/21/2023,1.3,2,South
538,10538,678,13,3,261.1,0.3,548.31,COD,6/22/2023,4.2,4,West
539,10539,20,12,6,502.21,0.06,2832.46,Card,6/23/2023,2.6,2,North
540,10540,317,8,2,26.25,0.08,48.3,COD,6/24/2023,1.3,7,South
541,10541,766,7,5,80.64,0.23,310.46,Wallet,6/25/2023,2.7,9,South
542,10542,507,5,4,594.48,0.16,1997.45,Card,6/26/2023,2.2,2,North
543,10543,396,9,2,179.03,0.17,297.19,COD,6/27/2023,3.4,9,South
544,10544,648,14,3,585.69,0.04,1686.79,Wallet,6/28/2023,2.9,9,East
545,10545,961,10,4,121.78,0.28,350.73,Card,6/29/2023,2.2,8,South
546,10546,872,12,2,226.24,0.22,352.93,Card,6/30/2023,4.4,1,North
547,10547,466,3,1,455.43,0.05,432.66,Card,7/1/2023,2.6,5,East
548,10548,141,13,3,399.8,0.13,1043.48,Card,7/2/2023,2.9,10,East
549,10549,90,9,2,354.96,0.28,511.14,Card,7/3/2023,4.4,11,South
550,10550,350,11,6,324.99,0.2,1559.95,COD,7/4/2023,1.4,4,West
551,10551,823,9,1,508.41,0.04,488.07,Card,7/5/2023,2.6,7,East
552,10552,790,10,3,152.44,0.13,397.87,Wallet,7/6/2023,2.6,11,North
553,10553,719,11,5,273.85,0.08,1259.71,Card,7/7/2023,3.0,8,West
554,10554,948,9,7,105.94,0.18,608.1,COD,7/8/2023,1.4,10,West
555,10555,843,6,3,363.63,0.3,763.62,COD,7/9/2023,1.4,11,East
556,10556,51,14,6,161.57,0.15,824.01,Wallet,7/10/2023,2.7,8,South
557,10557,659,8,5,210.3,0.15,893.78,COD,7/11/2023,1.1,2,West
558,10558,690,13,5,290.68,0.32,988.31,Card,7/12/2023,2.0,3,South
559,10559,570,11,5,30.66,0.2,122.64,Wallet,7/13/2023,1.8,10,East
560,10560,188,2,4,68.78,0.2,220.1,Card,7/14/2023,3.0,10,North
561,10561,123,14,4,416.27,0.09,1515.22,Card,7/15/2023,1.0,7,West
562,10562,148,16,7,265.95,0.21,1470.7,Card,7/16/2023,3.7,4,North
563,10563,310,15,5,520.9,0.2,2083.6,COD,7/17/2023,4.4,6,South
564,10564,565,4,7,421.38,0.14,2536.71,Card,7/18/2023,3.8,8,South
565,10565,338,6,1,19.74,0.35,12.83,COD,7/19/2023,4.3,8,North
566,10566,301,9,5,375.78,0.31,1296.44,COD,7/20/2023,3.6,7,East
567,10567,685,7,2,69.83,0.26,103.35,Wallet,7/21/2023,3.0,2,East
568,10568,675,13,5,471.85,0.19,1910.99,Card,7/22/2023,1.9,2,West
569,10569,827,13,4,595.03,0.16,1999.3,Card,7/23/2023,2.1,3,West
570,10570,773,8,4,325.75,0.06,1224.82,Card,7/24/2023,2.3,4,East
571,10571,53,10,2,414.43,0.11,737.69,Card,7/25/2023,1.2,1,East
572,10572,439,5,2,153.83,0.27,224.59,COD,7/26/2023,4.7,5,North
573,10573,607,3,3,270.99,0.16,682.89,COD,7/27/2023,4.6,7,South
574,10574,982,8,1,515.82,0.31,355.92,COD,7/28/2023,1.4,10,South
575,10575,261,7,1,112.94,0.05,107.29,Wallet,7/29/2023,3.2,11,West
576,10576,52,9,1,170.34,0.18,139.68,Wallet,7/30/2023,2.9,5,East
577,10577,567,7,6,275.58,0.23,1273.18,Card,7/31/2023,3.7,7,North
578,10578,614,4,4,431.67,0.18,1415.88,Wallet,8/1/2023,3.4,5,West
579,10579,5,16,1,234.89,0.31,162.07,Card,8/2/2023,1.5,11,North
580,10580,101,14,3,557.72,0.35,1087.55,COD,8/3/2023,3.6,10,East
581,10581,194,7,3,70.26,0.04,202.35,COD,8/4/2023,3.4,8,East
582,10582,764,8,1,231.92,0.05,220.32,Wallet,8/5/2023,3.1,7,East
583,10583,866,12,2,429.74,0.05,816.51,COD,8/6/2023,2.6,1,South
584,10584,981,14,3,147.2,0.24,335.62,COD,8/7/2023,4.8,11,East
585,10585,873,8,7,399.0,0.13,2429.91,Wallet,8/8/2023,4.4,1,West
586,10586,346,5,2,111.07,0.26,164.38,COD,8/9/2023,3.3,5,South
587,10587,47,7,7,47.75,0.14,287.46,COD,8/10/2023,1.0,2,North
588,10588,856,2,4,85.79,0.22,267.66,Card,8/11/2023,2.7,9,West
589,10589,812,9,6,559.04,0.27,2448.6,Card,8/12/2023,3.8,2,West
590,10590,925,13,3,337.77,0.19,820.78,Wallet,8/13/2023,1.5,9,North
591,10591,809,11,2,480.86,0.19,778.99,COD,8/14/2023,2.6,10,South
592,10592,650,6,7,209.6,0.03,1423.18,COD,8/15/2023,1.8,2,West
593,10593,266,12,1,361.71,0.14,311.07,Card,8/16/2023,2.4,4,West
594,10594,366,10,7,304.55,0.19,1726.8,Card,8/17/2023,1.1,3,West
595,10595,630,8,7,568.26,0.16,3341.37,Card,8/18/2023,1.5,6,South
596,10596,104,11,4,452.33,0.32,1230.34,COD,8/19/2023,2.8,4,South
597,10597,664,7,5,442.37,0.32,1504.06,Card,8/20/2023,4.6,9,South
598,10598,653,1,5,42.12,0.29,149.53,Card,8/21/2023,3.0,9,West
599,10599,651,9,1,336.56,0.13,292.81,COD,8/22/2023,2.8,10,East
600,10600,118,13,4,288.19,0.25,864.57,COD,8/23/2023,4.2,9,North
601,10601,820,7,4,557.79,0.14,1918.8,Card,8/24/2023,2.1,3,East
602,10602,777,16,4,165.55,0.08,609.22,COD,8/25/2023,1.4,3,South
603,10603,598,11,4,172.85,0.12,608.43,Wallet,8/26/2023,1.8,4,West
604,10604,57,11,5,255.64,0.02,1252.64,COD,8/27/2023,4.2,9,West
605,10605,940,9,2,157.37,0.12,276.97,Wallet,8/28/2023,3.7,6,East
606,10606,342,10,4,90.57,0.16,304.32,Wallet,8/29/2023,1.4,9,East
607,10607,733,9,2,516.59,0.33,692.23,Card,8/30/2023,3.7,8,North
608,10608,469,14,7,341.59,0.11,2128.11,Card,8/31/2023,4.7,7,West
609,10609,115,4,7,518.9,0.32,2469.96,COD,9/1/2023,1.2,5,East
610,10610,819,16,4,501.21,0.08,1844.45,COD,9/2/2023,3.5,9,North
611,10611,781,16,3,179.99,0.07,502.17,Card,9/3/2023,2.5,4,South
612,10612,125,9,6,335.43,0.18,1650.32,Card,9/4/2023,3.0,4,East
613,10613,389,9,3,63.68,0.24,145.19,COD,9/5/2023,3.1,8,South
614,10614,897,9,7,550.42,0.02,3775.88,Card,9/6/2023,4.1,4,North
615,10615,635,11,6,251.49,0.08,1388.22,Wallet,9/7/2023,3.2,7,South
616,10616,57,5,3,245.3,0.16,618.16,Card,9/8/2023,3.4,4,West
617,10617,628,7,4,192.11,0.12,676.23,Wallet,9/9/2023,2.3,11,West
618,10618,508,8,2,284.49,0.25,426.74,Card,9/10/2023,1.5,1,South
619,10619,743,5,6,162.28,0.18,798.42,Card,9/11/2023,3.7,10,West
620,10620,792,15,5,234.29,0.06,1101.16,Card,9/12/2023,1.0,9,North
621,10621,94,16,1,482.97,0.31,333.25,Wallet,9/13/2023,2.3,4,West
622,10622,632,12,6,503.04,0.1,2716.42,Card,9/14/2023,1.9,3,South
623,10623,116,1,6,192.95,0.26,856.7,COD,9/15/2023,2.6,3,South
624,10624,555,2,5,289.37,0.27,1056.2,Wallet,9/16/2023,2.2,9,South
625,10625,595,10,4,526.18,0.34,1389.12,COD,9/17/2023,3.8,8,East
626,10626,483,8,3,45.81,0.17,114.07,Card,9/18/2023,2.0,10,South
627,10627,234,6,3,535.15,0.22,1252.25,Wallet,9/19/2023,3.2,7,North
628,10628,874,2,7,143.22,0.12,882.24,Wallet,9/20/2023,2.8,7,West
629,10629,886,3,2,411.95,0.24,626.16,Card,9/21/2023,4.2,4,West
630,10630,269,11,4,355.79,0.16,1195.45,COD,9/22/2023,2.7,3,East
631,10631,187,7,5,338.47,0.15,1438.5,Wallet,9/23/2023,4.5,4,East
632,10632,988,8,4,517.73,0.3,1449.64,Wallet,9/24/2023,1.0,6,North
633,10633,696,6,4,74.42,0.02,291.73,Card,9/25/2023,3.4,4,South
634,10634,442,9,3,218.01,0.31,451.28,Wallet,9/26/2023,1.0,4,East
635,10635,576,2,5,329.88,0.3,1154.58,Card,9/27/2023,3.9,2,West
636,10636,780,16,1,489.6,0.18,401.47,Card,9/28/2023,1.9,7,East
637,10637,850,15,6,141.62,0.17,705.27,Card,9/29/2023,2.5,6,East
638,10638,244,4,3,484.71,0.13,1265.09,Card,9/30/2023,2.5,2,South
639,10639,952,15,5,248.79,0.35,808.57,COD,10/1/2023,4.4,5,East
640,10640,74,8,2,125.51,0.04,240.98,COD,10/2/2023,1.4,6,North
641,10641,152,5,6,459.01,0.21,2175.71,Card,10/3/2023,3.7,5,West
642,10642,650,11,6,68.18,0.24,310.9,Card,10/4/2023,4.9,4,South
643,10643,430,15,3,316.14,0.33,635.44,Card,10/5/2023,1.1,11,West
644,10644,986,10,7,52.37,0.27,267.61,Wallet,10/6/2023,4.9,11,North
645,10645,84,16,2,223.5,0.23,344.19,Wallet,10/7/2023,1.1,9,North
646,10646,689,10,3,366.63,0.04,1055.89,Card,10/8/2023,4.4,3,East
647,10647,282,12,4,340.33,0.13,1184.35,Wallet,10/9/2023,4.8,11,East
648,10648,963,9,7,251.72,0.05,1673.94,Card,10/10/2023,5.0,2,East
649,10649,217,10,5,265.99,0.31,917.67,COD,10/11/2023,2.8,9,West
650,10650,68,15,2,147.66,0.26,218.54,Wallet,10/12/2023,4.5,8,North
651,10651,47,13,6,281.69,0.27,1233.8,Card,10/13/2023,1.5,9,South
652,10652,92,8,3,572.65,0.23,1322.82,COD,10/14/2023,2.7,10,East
653,10653,742,11,6,512.51,0.18,2521.55,Card,10/15/2023,2.2,11,West
654,10654,947,12,2,99.96,0.05,189.92,Card,10/16/2023,2.6,3,East
655,10655,448,11,6,32.42,0.12,171.18,COD,10/17/2023,3.8,1,North
656,10656,201,12,3,561.11,0.05,1599.16,Wallet,10/18/2023,1.3,11,South
657,10657,901,3,7,323.15,0.25,1696.54,COD,10/19/2023,5.0,1,North
658,10658,215,12,3,329.64,0.06,929.58,Wallet,10/20/2023,3.5,3,West
659,10659,469,6,1,471.72,0.25,353.79,Wallet,10/21/2023,4.5,4,East
660,10660,428,11,6,199.09,0.24,907.85,Card,10/22/2023,4.3,2,North
661,10661,337,11,1,296.92,0.16,249.41,Card,10/23/2023,4.1,8,West
662,10662,546,6,7,581.67,0.05,3868.11,COD,10/24/2023,1.2,3,East
663,10663,606,8,1,408.21,0.11,363.31,COD,10/25/2023,3.1,4,South
664,10664,286,11,6,104.94,0.11,560.38,Card,10/26/2023,2.3,6,North
665,10665,251,10,2,92.94,0.25,139.41,Wallet,10/27/2023,1.5,10,East
666,10666,726,8,4,134.49,0.04,516.44,COD,10/28/2023,2.4,6,East
667,10667,353,11,7,463.53,0.29,2303.74,Card,10/29/2023,3.6,2,East
668,10668,23,11,3,187.8,0.27,411.28,COD,10/30/2023,1.9,6,East
669,10669,753,4,5,27.51,0.07,127.92,Card,10/31/2023,2.8,4,North
670,10670,517,6,7,567.34,0.25,2978.54,COD,11/1/2023,2.6,5,East
671,10671,749,7,1,114.28,0.23,88.0,Wallet,11/2/2023,1.2,7,West
672,10672,826,8,2,20.59,0.26,30.47,Wallet,11/3/2023,3.5,7,North
673,10673,98,7,6,153.72,0.07,857.76,Card,11/4/2023,3.5,6,East
674,10674,792,8,2,152.49,0.06,286.68,COD,11/5/2023,4.9,10,North
675,10675,178,15,2,261.87,0.08,481.84,COD,11/6/2023,2.2,6,West
676,10676,220,13,6,553.43,0.13,2888.9,Card,11/7/2023,2.7,6,West
677,10677,895,10,5,529.32,0.28,1905.55,Card,11/8/2023,2.6,4,North
678,10678,753,6,6,282.28,0.26,1253.32,COD,11/9/2023,4.7,3,East
679,10679,653,5,5,255.38,0.32,868.29,COD,11/10/2023,2.6,1,East
680,10680,437,4,6,339.68,0.02,1997.32,Card,11/11/2023,2.8,3,West
681,10681,602,6,1,157.42,0.0,157.42,Card,11/12/2023,2.0,3,East
682,10682,759,8,5,45.53,0.24,173.01,Card,11/13/2023,1.0,9,West
683,10683,321,11,1,564.45,0.1,508.01,Card,11/14/2023,1.4,3,East
684,10684,511,5,7,124.22,0.12,765.2,COD,11/15/2023,3.8,8,West
685,10685,16,12,5,131.06,0.19,530.79,Card,11/16/2023,3.7,8,South
686,10686,782,12,5,291.39,0.04,1398.67,Card,11/17/2023,2.3,3,East
687,10687,332,10,6,302.59,0.22,1416.12,Wallet,11/18/2023,2.9,10,East
688,10688,750,15,5,25.78,0.11,114.72,Card,11/19/2023,2.2,10,East
689,10689,255,10,1,101.55,0.22,79.21,COD,11/20/2023,3.9,6,North
690,10690,492,7,7,236.22,0.29,1174.01,Wallet,11/21/2023,4.4,8,East
691,10691,977,2,6,414.98,0.06,2340.49,COD,11/22/2023,4.6,8,North
692,10692,885,12,3,148.62,0.33,298.73,COD,11/23/2023,1.7,10,North
693,10693,158,8,7,262.46,0.19,1488.15,Card,11/24/2023,3.8,10,West
694,10694,470,5,7,341.05,0.32,1623.4,Card,11/25/2023,4.9,9,North
695,10695,841,12,1,534.83,0.07,497.39,COD,11/26/2023,3.6,9,North
696,10696,658,16,7,205.75,0.21,1137.8,COD,11/27/2023,2.4,8,South
697,10697,897,12,3,93.13,0.14,240.28,Card,11/28/2023,3.5,7,East
698,10698,683,8,2,301.22,0.27,439.78,COD,11/29/2023,3.8,10,North
699,10699,668,5,6,451.83,0.21,2141.67,Wallet,11/30/2023,2.6,3,East
700,10700,376,7,2,79.27,0.17,131.59,Card,12/1/2023,1.4,7,North
701,10701,540,13,6,263.44,0.32,1074.84,COD,12/2/2023,3.4,4,West
702,10702,918,9,7,25.4,0.13,154.69,COD,12/3/2023,4.2,2,South
703,10703,946,10,6,34.63,0.08,191.16,Wallet,12/4/2023,5.0,8,North
704,10704,684,15,1,297.53,0.21,235.05,Wallet,12/5/2023,1.9,2,East
705,10705,423,6,3,189.45,0.22,443.31,COD,12/6/2023,3.8,1,West
706,10706,607,13,6,509.39,0.15,2597.89,Card,12/7/2023,1.1,5,East
707,10707,265,16,3,367.26,0.17,914.48,Card,12/8/2023,4.9,10,West
708,10708,824,15,6,280.55,0.34,1110.98,Card,12/9/2023,1.1,9,South
709,10709,572,8,3,253.64,0.26,563.08,COD,12/10/2023,2.4,5,West
710,10710,413,9,2,305.89,0.04,587.31,COD,12/11/2023,1.3,11,East
711,10711,166,13,1,38.66,0.07,35.95,Wallet,12/12/2023,3.5,2,East
712,10712,831,5,6,537.28,0.34,2127.63,COD,12/13/2023,2.4,10,North
713,10713,43,11,4,599.01,0.25,1797.03,COD,12/14/2023,3.9,4,West
714,10714,551,2,3,121.17,0.32,247.19,COD,12/15/2023,2.9,8,East
715,10715,282,2,3,85.42,0.11,228.07,Card,12/16/2023,2.7,7,North
716,10716,393,8,4,98.99,0.26,293.01,COD,12/17/2023,2.4,5,South
717,10717,12,11,1,401.7,0.25,301.27,COD,12/18/2023,1.3,4,East
718,10718,601,8,3,401.94,0.1,1085.24,Wallet,12/19/2023,1.8,5,North
719,10719,298,16,1,511.04,0.19,413.94,Card,12/20/2023,3.6,7,East
720,10720,887,2,3,454.82,0.22,1064.28,Wallet,12/21/2023,3.0,5,West
721,10721,250,11,7,278.07,0.17,1615.59,COD,12/22/2023,1.3,8,North
722,10722,494,9,5,373.52,0.29,1326.0,Card,12/23/2023,3.2,7,West
723,10723,746,4,7,417.65,0.29,2075.72,Card,12/24/2023,1.2,7,South
724,10724,35,5,3,314.95,0.3,661.39,Card,12/25/2023,3.0,9,West
725,10725,719,7,5,293.26,0.28,1055.74,COD,12/26/2023,4.9,8,North
726,10726,838,4,6,392.38,0.17,1954.05,Card,12/27/2023,2.2,8,East
727,10727,88,9,1,341.12,0.13,296.77,Card,12/28/2023,3.9,6,North
728,10728,766,5,3,391.71,0.29,834.34,Wallet,12/29/2023,4.0,7,West
729,10729,599,10,2,373.52,0.17,620.04,COD,12/30/2023,2.6,8,West
730,10730,911,7,2,435.73,0.09,793.03,COD,12/31/2023,3.4,5,East
731,10731,959,15,4,391.04,0.18,1282.61,Card,1/1/2024,2.9,10,South
732,10732,596,7,2,319.05,0.05,606.2,COD,1/2/2024,2.1,2,North
733,10733,414,4,5,413.85,0.24,1572.63,Card,1/3/2024,4.0,7,East
734,10734,113,6,2,277.95,0.12,489.19,Wallet,1/4/2024,3.8,10,East
735,10735,611,12,2,156.38,0.09,284.61,Card,1/5/2024,4.6,3,East
736,10736,892,11,2,15.83,0.33,21.21,COD,1/6/2024,3.5,10,North
737,10737,194,8,3,342.58,0.27,750.25,COD,1/7/2024,2.6,11,North
738,10738,815,5,4,360.53,0.28,1038.33,COD,1/8/2024,3.9,8,North
739,10739,496,12,1,583.65,0.22,455.25,Wallet,1/9/2024,3.5,6,South
740,10740,620,8,4,226.46,0.29,643.15,Card,1/10/2024,3.5,11,East
741,10741,488,7,5,245.57,0.27,896.33,Card,1/11/2024,4.4,4,West
742,10742,73,13,3,133.05,0.21,315.33,COD,1/12/2024,4.6,2,West
743,10743,409,15,6,56.26,0.34,222.79,COD,1/13/2024,1.7,7,East
744,10744,372,13,3,467.09,0.07,1303.18,Card,1/14/2024,2.3,1,West
745,10745,416,9,7,161.06,0.33,755.37,Card,1/15/2024,3.6,7,South
746,10746,721,9,2,371.21,0.14,638.48,COD,1/16/2024,3.2,10,South
747,10747,274,15,2,417.35,0.18,684.45,Wallet,1/17/2024,3.6,10,North
748,10748,752,5,5,290.67,0.04,1395.22,COD,1/18/2024,2.7,7,North
749,10749,669,10,6,527.67,0.19,2564.48,Wallet,1/19/2024,2.6,10,North
750,10750,390,14,7,274.62,0.21,1518.65,COD,1/20/2024,1.5,3,North
751,10751,858,14,3,181.67,0.35,354.26,Card,1/21/2024,3.5,4,North
752,10752,452,6,6,539.17,0.34,2135.11,Card,1/22/2024,1.7,4,West
753,10753,909,11,1,519.02,0.34,342.55,COD,1/23/2024,3.7,4,West
754,10754,190,16,4,110.96,0.12,390.58,COD,1/24/2024,4.9,9,North
755,10755,731,8,3,30.19,0.35,58.87,COD,1/25/2024,2.0,6,South
756,10756,682,14,6,67.64,0.16,340.91,COD,1/26/2024,1.6,10,West
757,10757,97,16,1,182.63,0.3,127.84,Wallet,1/27/2024,1.1,9,South
758,10758,543,14,1,583.77,0.08,537.07,COD,1/28/2024,2.5,4,South
759,10759,967,6,7,341.73,0.18,1961.53,Card,1/29/2024,1.9,7,East
760,10760,988,12,7,233.36,0.34,1078.12,Card,1/30/2024,3.0,10,East
761,10761,94,16,4,534.9,0.33,1433.53,COD,1/31/2024,3.1,9,North
762,10762,658,5,1,280.08,0.24,212.86,Wallet,2/1/2024,2.4,10,South
763,10763,657,14,5,199.41,0.28,717.88,Card,2/2/2024,4.0,3,West
764,10764,188,12,1,565.61,0.06,531.67,Wallet,2/3/2024,4.6,3,East
765,10765,728,12,6,511.97,0.25,2303.87,Wallet,2/4/2024,1.8,6,East
766,10766,37,4,7,508.55,0.22,2776.68,COD,2/5/2024,4.3,8,South
767,10767,770,13,5,314.69,0.03,1526.25,Card,2/6/2024,1.5,1,East
768,10768,365,2,7,476.82,0.04,3204.23,Card,2/7/2024,1.9,4,East
769,10769,687,14,7,119.92,0.04,805.86,Card,2/8/2024,3.2,8,West
770,10770,520,7,7,350.34,0.25,1839.28,Card,2/9/2024,2.2,6,South
771,10771,276,13,1,590.55,0.05,561.02,COD,2/10/2024,1.2,2,East
772,10772,214,1,2,185.21,0.16,311.15,Card,2/11/2024,2.2,8,South
773,10773,856,6,1,479.7,0.12,422.14,COD,2/12/2024,4.6,1,East
774,10774,862,7,7,301.93,0.19,1711.94,Card,2/13/2024,1.7,1,West
775,10775,788,11,5,38.29,0.25,143.59,Card,2/14/2024,4.1,7,South
776,10776,270,6,1,461.37,0.24,350.64,COD,2/15/2024,3.9,10,East
777,10777,870,16,7,113.61,0.18,652.12,Wallet,2/16/2024,1.4,3,West
778,10778,61,9,7,384.41,0.16,2260.33,COD,2/17/2024,2.3,8,East
779,10779,591,11,1,65.11,0.14,55.99,COD,2/18/2024,1.8,9,South
780,10780,869,12,1,568.92,0.3,398.24,COD,2/19/2024,1.1,8,East
781,10781,721,11,5,185.66,0.12,816.9,COD,2/20/2024,1.7,1,South
782,10782,338,12,1,147.48,0.09,134.21,Wallet,2/21/2024,1.8,1,South
783,10783,393,8,4,90.54,0.26,268.0,Card,2/22/2024,1.7,6,East
784,10784,691,1,6,568.41,0.13,2967.1,Wallet,2/23/2024,1.4,1,West
785,10785,19,7,4,431.46,0.3,1208.09,Card,2/24/2024,3.1,8,North
786,10786,175,11,5,448.87,0.11,1997.47,Wallet,2/25/2024,2.3,6,West
787,10787,606,12,2,307.15,0.25,460.72,Card,2/26/2024,4.6,5,West
788,10788,392,14,4,292.72,0.02,1147.46,Wallet,2/27/2024,1.7,6,East
789,10789,440,7,7,79.36,0.13,483.3,Wallet,2/28/2024,3.4,4,West
790,10790,230,13,6,342.51,0.12,1808.45,Card,2/29/2024,4.6,1,West
791,10791,904,14,3,159.45,0.29,339.63,Wallet,3/1/2024,1.2,7,North
792,10792,74,15,6,586.63,0.34,2323.05,Card,3/2/2024,3.1,10,West
793,10793,262,9,4,481.0,0.16,1616.16,Card,3/3/2024,2.8,9,North
794,10794,450,14,3,256.6,0.29,546.56,Card,3/4/2024,4.7,4,East
795,10795,786,11,5,103.53,0.24,393.41,Wallet,3/5/2024,3.7,4,North
796,10796,710,1,6,474.42,0.34,1878.7,COD,3/6/2024,2.4,9,South
797,10797,727,6,2,86.4,0.28,124.42,COD,3/7/2024,3.8,4,South
798,10798,380,11,3,125.76,0.03,365.96,COD,3/8/2024,3.3,10,North
799,10799,559,10,3,138.74,0.25,312.17,Wallet,3/9/2024,2.4,4,South
800,10800,840,12,6,340.78,0.19,1656.19,COD,3/10/2024,4.1,8,East
801,10801,501,16,4,475.43,0.01,1882.7,Card,3/11/2024,3.7,11,South
802,10802,363,10,3,198.87,0.09,542.92,Card,3/12/2024,1.0,4,North
803,10803,142,8,5,64.53,0.32,219.4,Card,3/13/2024,4.5,9,East
804,10804,874,12,6,286.76,0.32,1169.98,COD,3/14/2024,2.6,11,South
805,10805,68,14,5,452.64,0.28,1629.5,Card,3/15/2024,3.6,8,East
806,10806,97,16,6,144.67,0.34,572.89,Card,3/16/2024,2.6,5,North
807,10807,392,14,5,143.66,0.28,517.18,Wallet,3/17/2024,4.5,9,South
808,10808,25,14,4,569.13,0.0,2276.52,Card,3/18/2024,3.6,8,East
809,10809,937,12,6,573.18,0.1,3095.17,COD,3/19/2024,3.3,10,East
810,10810,880,11,7,594.42,0.01,4119.33,Card,3/20/2024,4.9,4,South
811,10811,464,14,2,487.48,0.03,945.71,Card,3/21/2024,2.1,4,East
812,10812,479,6,4,125.09,0.08,460.33,Card,3/22/2024,1.3,1,East
813,10813,560,7,5,139.01,0.18,569.94,Card,3/23/2024,3.1,4,North
814,10814,149,12,6,214.03,0.3,898.93,Wallet,3/24/2024,2.7,8,North
815,10815,142,9,4,201.11,0.3,563.11,Card,3/25/2024,2.8,5,North
816,10816,564,11,5,574.57,0.22,2240.82,Card,3/26/2024,3.5,6,North
817,10817,39,1,1,476.61,0.32,324.09,COD,3/27/2024,3.5,4,North
818,10818,107,12,1,438.55,0.18,359.61,COD,3/28/2024,2.6,5,North
819,10819,686,6,3,123.79,0.31,256.25,COD,3/29/2024,4.5,10,South
820,10820,42,10,2,547.07,0.16,919.08,Wallet,3/30/2024,3.6,8,North
821,10821,184,16,1,499.3,0.1,449.37,COD,3/31/2024,4.6,9,East
822,10822,924,12,7,110.73,0.32,527.07,Card,4/1/2024,4.7,3,South
823,10823,394,4,5,524.63,0.14,2255.91,Wallet,4/2/2024,1.7,10,East
824,10824,220,4,4,174.26,0.18,571.57,COD,4/3/2024,3.7,4,North
825,10825,628,12,6,62.31,0.12,329.0,Card,4/4/2024,2.3,1,North
826,10826,131,4,4,399.24,0.23,1229.66,Card,4/5/2024,4.3,11,East
827,10827,161,4,3,397.48,0.35,775.09,Card,4/6/2024,3.9,5,East
828,10828,212,14,4,70.54,0.01,279.34,Card,4/7/2024,1.8,4,East
829,10829,725,13,1,201.53,0.31,139.06,Card,4/8/2024,4.8,6,West
830,10830,232,9,4,595.8,0.0,2383.2,Card,4/9/2024,3.7,6,West
831,10831,832,6,1,411.88,0.13,358.34,Wallet,4/10/2024,4.8,10,West
832,10832,652,11,1,442.09,0.06,415.56,Wallet,4/11/2024,1.8,6,West
833,10833,743,9,2,139.56,0.27,203.76,COD,4/12/2024,4.5,3,South
834,10834,583,3,3,61.09,0.02,179.6,Wallet,4/13/2024,3.7,7,North
835,10835,9,10,7,176.99,0.19,1003.53,Card,4/14/2024,3.2,3,East
836,10836,72,15,7,160.61,0.1,1011.84,Wallet,4/15/2024,4.3,6,North
837,10837,943,14,5,152.21,0.05,723.0,COD,4/16/2024,3.5,10,East
838,10838,487,4,7,127.76,0.27,652.85,Card,4/17/2024,3.7,1,North
839,10839,902,4,1,351.23,0.08,323.13,Card,4/18/2024,2.0,8,South
840,10840,250,9,6,206.94,0.08,1142.31,Card,4/19/2024,4.3,7,West
841,10841,227,9,3,494.9,0.1,1336.23,Card,4/20/2024,3.6,9,North
842,10842,514,7,5,122.61,0.21,484.31,Card,4/21/2024,4.4,3,East
843,10843,172,11,7,286.81,0.23,1545.91,Card,4/22/2024,2.4,8,North
844,10844,647,9,7,22.99,0.01,159.32,Card,4/23/2024,2.3,2,South
845,10845,166,8,6,296.78,0.08,1638.23,Card,4/24/2024,1.1,9,South
846,10846,168,14,4,47.67,0.15,162.08,Wallet,4/25/2024,4.1,1,North
847,10847,389,8,3,586.97,0.12,1549.6,Card,4/26/2024,2.3,10,West
848,10848,935,9,6,477.5,0.31,1976.85,Card,4/27/2024,2.3,7,East
849,10849,785,14,7,301.72,0.28,1520.67,COD,4/28/2024,3.8,10,South
850,10850,628,11,3,65.65,0.22,153.62,Wallet,4/29/2024,2.0,1,South
851,10851,192,9,3,361.58,0.12,954.57,Card,4/30/2024,4.6,6,North
852,10852,512,16,7,458.88,0.25,2409.12,Wallet,5/1/2024,3.2,1,South
853,10853,29,7,4,126.57,0.3,354.4,Card,5/2/2024,4.9,4,South
854,10854,163,15,4,347.4,0.21,1097.78,Card,5/3/2024,1.3,7,East
855,10855,418,9,7,491.31,0.27,2510.59,Card,5/4/2024,2.3,2,West
856,10856,335,16,3,464.42,0.26,1031.01,COD,5/5/2024,2.5,3,East
857,10857,642,5,6,484.75,0.2,2326.8,Card,5/6/2024,3.9,4,West
858,10858,491,6,2,529.4,0.11,942.33,COD,5/7/2024,1.9,6,East
859,10859,361,6,1,563.54,0.26,417.02,Card,5/8/2024,2.5,9,North
860,10860,822,3,4,252.23,0.07,938.3,COD,5/9/2024,4.6,4,South
861,10861,338,8,7,347.73,0.27,1776.9,Card,5/10/2024,1.5,6,West
862,10862,495,6,2,477.54,0.28,687.66,COD,5/11/2024,4.0,7,North
863,10863,651,2,4,422.83,0.29,1200.84,COD,5/12/2024,3.8,4,South
864,10864,506,14,3,597.38,0.17,1487.48,COD,5/13/2024,1.5,6,South
865,10865,323,6,7,23.0,0.07,149.73,Card,5/14/2024,3.8,3,South
866,10866,214,13,2,222.75,0.03,432.14,Wallet,5/15/2024,3.3,5,East
867,10867,297,7,7,179.4,0.26,929.29,COD,5/16/2024,2.2,11,North
868,10868,130,11,6,168.45,0.31,697.38,Card,5/17/2024,2.2,10,North
869,10869,794,6,6,145.18,0.23,670.73,Wallet,5/18/2024,4.3,4,South
870,10870,69,3,5,429.84,0.05,2041.74,COD,5/19/2024,1.9,7,West
871,10871,249,3,1,64.58,0.33,43.27,COD,5/20/2024,3.1,6,North
872,10872,411,11,1,448.84,0.35,291.75,Card,5/21/2024,3.7,7,East
873,10873,777,7,4,420.65,0.15,1430.21,COD,5/22/2024,1.5,6,West
874,10874,440,9,1,161.72,0.21,127.76,Card,5/23/2024,4.7,2,West
875,10875,865,2,7,162.91,0.27,832.47,Card,5/24/2024,2.0,7,West
876,10876,180,4,7,382.88,0.26,1983.32,Card,5/25/2024,2.3,8,West
877,10877,165,5,5,460.87,0.34,1520.87,COD,5/26/2024,3.7,7,North
878,10878,89,15,6,527.74,0.04,3039.78,Card,5/27/2024,1.3,4,South
879,10879,706,14,2,513.5,0.2,821.6,Wallet,5/28/2024,3.5,4,West
880,10880,847,6,2,579.46,0.24,880.78,Card,5/29/2024,4.7,5,East
881,10881,526,10,6,355.11,0.31,1470.16,Card,5/30/2024,2.0,9,East
882,10882,39,6,3,546.56,0.31,1131.38,COD,5/31/2024,2.4,5,South
883,10883,124,15,6,487.98,0.34,1932.4,COD,6/1/2024,1.9,2,North
884,10884,446,14,2,538.38,0.18,882.94,Card,6/2/2024,4.3,5,South
885,10885,171,8,4,21.8,0.29,61.91,Card,6/3/2024,1.7,3,West
886,10886,647,4,5,580.05,0.15,2465.21,Card,6/4/2024,2.4,10,North
887,10887,746,10,6,292.02,0.15,1489.3,COD,6/5/2024,3.4,8,North
888,10888,217,7,3,481.94,0.09,1315.7,Card,6/6/2024,2.6,10,West
889,10889,632,16,4,89.41,0.29,253.92,COD,6/7/2024,1.3,10,East
890,10890,57,16,6,246.63,0.35,961.86,COD,6/8/2024,4.8,2,West
891,10891,654,8,4,173.8,0.09,632.63,Card,6/9/2024,2.4,11,South
892,10892,471,9,6,185.62,0.02,1091.45,Card,6/10/2024,2.8,4,West
893,10893,451,9,4,87.1,0.29,247.36,Card,6/11/2024,1.7,5,East
894,10894,818,8,7,486.37,0.22,2655.58,Card,6/12/2024,4.5,4,West
895,10895,884,7,1,20.41,0.34,13.47,COD,6/13/2024,2.2,5,South
896,10896,357,11,4,197.82,0.09,720.06,COD,6/14/2024,1.1,10,South
897,10897,924,16,7,117.03,0.02,802.83,COD,6/15/2024,2.3,11,East
898,10898,1,8,1,359.59,0.17,298.46,Card,6/16/2024,4.9,4,South
899,10899,383,15,2,163.74,0.03,317.66,Wallet,6/17/2024,1.6,3,South
900,10900,962,13,1,166.51,0.09,151.52,Card,6/18/2024,1.1,1,West
901,10901,344,9,4,300.68,0.04,1154.61,Card,6/19/2024,3.3,4,North
902,10902,188,12,5,396.82,0.08,1825.37,COD,6/20/2024,2.5,9,South
903,10903,500,15,5,85.96,0.04,412.61,Wallet,6/21/2024,4.2,1,South
904,10904,189,5,2,117.67,0.33,157.68,Card,6/22/2024,3.9,7,East
905,10905,503,16,4,159.6,0.1,574.56,COD,6/23/2024,1.7,3,East
906,10906,365,14,1,584.64,0.16,491.1,Wallet,6/24/2024,3.3,8,West
907,10907,405,16,5,247.33,0.31,853.29,COD,6/25/2024,1.1,6,West
908,10908,813,2,6,365.41,0.24,1666.27,Card,6/26/2024,2.8,1,South
909,10909,918,8,3,156.3,0.22,365.74,Wallet,6/27/2024,3.9,10,North
910,10910,923,7,4,301.92,0.25,905.76,COD,6/28/2024,2.7,5,North
911,10911,115,7,7,58.36,0.29,290.05,COD,6/29/2024,1.5,8,West
912,10912,132,11,7,35.32,0.31,170.6,COD,6/30/2024,1.2,11,East
913,10913,57,7,6,289.21,0.22,1353.5,Wallet,7/1/2024,4.4,3,South
914,10914,551,10,6,248.22,0.31,1027.63,Card,7/2/2024,4.6,4,South
915,10915,678,4,4,95.07,0.19,308.03,Card,7/3/2024,2.4,7,North
916,10916,665,7,3,417.25,0.1,1126.58,COD,7/4/2024,1.7,11,West
917,10917,171,5,5,595.85,0.31,2055.68,Card,7/5/2024,4.9,6,North
918,10918,818,5,3,246.45,0.19,598.87,Card,7/6/2024,3.2,7,North
919,10919,804,9,2,380.37,0.32,517.3,COD,7/7/2024,2.9,9,West
920,10920,147,12,1,578.34,0.01,572.56,Card,7/8/2024,4.0,9,East
921,10921,78,5,1,501.45,0.14,431.25,COD,7/9/2024,1.7,2,South
922,10922,875,9,6,286.18,0.33,1150.44,Wallet,7/10/2024,3.3,3,East
923,10923,210,6,5,446.43,0.09,2031.26,Card,7/11/2024,4.6,4,West
924,10924,200,4,3,89.96,0.33,180.82,Wallet,7/12/2024,1.1,6,West
925,10925,755,4,6,314.58,0.33,1264.61,Card,7/13/2024,3.7,5,South
926,10926,226,13,4,178.25,0.31,491.97,Wallet,7/14/2024,3.2,6,East
927,10927,669,12,6,109.28,0.2,524.54,Wallet,7/15/2024,4.8,11,South
928,10928,224,2,4,264.37,0.23,814.26,Card,7/16/2024,2.0,8,North
929,10929,653,2,4,91.64,0.3,256.59,Card,7/17/2024,4.4,2,North
930,10930,527,11,2,423.91,0.27,618.91,Card,7/18/2024,2.2,6,North
931,10931,436,14,2,281.9,0.22,439.76,Wallet,7/19/2024,2.7,9,East
932,10932,398,11,4,325.72,0.34,859.9,Wallet,7/20/2024,1.9,5,North
933,10933,47,13,5,100.63,0.24,382.39,Card,7/21/2024,4.5,1,South
934,10934,230,3,2,96.77,0.34,127.74,COD,7/22/2024,1.8,8,East
935,10935,301,11,2,356.3,0.02,698.35,Card,7/23/2024,4.4,4,South
936,10936,521,1,1,591.23,0.05,561.67,COD,7/24/2024,2.8,8,West
937,10937,141,7,6,71.31,0.16,359.4,Wallet,7/25/2024,4.3,4,East
938,10938,411,2,1,182.15,0.13,158.47,Card,7/26/2024,2.1,11,South
939,10939,508,5,5,523.63,0.27,1911.25,Wallet,7/27/2024,1.5,8,South
940,10940,369,16,2,57.28,0.06,107.69,Wallet,7/28/2024,3.2,9,East
941,10941,561,11,7,527.39,0.34,2436.54,Wallet,7/29/2024,3.0,5,West
942,10942,875,10,2,321.71,0.11,572.64,Card,7/30/2024,2.4,5,East
943,10943,256,12,3,253.84,0.15,647.29,Card,7/31/2024,3.7,2,North
944,10944,650,1,5,196.16,0.1,882.72,Card,8/1/2024,1.4,9,North
945,10945,466,13,7,188.81,0.2,1057.34,COD,8/2/2024,3.5,11,West
946,10946,942,1,6,193.89,0.02,1140.07,COD,8/3/2024,1.8,4,South
947,10947,960,2,6,532.61,0.05,3035.88,Card,8/4/2024,1.5,3,South
948,10948,12,12,7,438.42,0.26,2271.02,COD,8/5/2024,4.6,2,South
949,10949,326,5,6,406.79,0.07,2269.89,Card,8/6/2024,2.8,3,East
950,10950,728,10,7,482.27,0.08,3105.82,Card,8/7/2024,4.1,4,East
951,10951,774,10,5,165.41,0.28,595.48,Card,8/8/2024,1.4,9,West
952,10952,957,12,7,376.56,0.03,2556.84,Card,8/9/2024,1.2,6,North
953,10953,354,5,7,284.14,0.15,1690.63,Card,8/10/2024,3.0,10,South
954,10954,961,9,3,472.73,0.01,1404.01,Card,8/11/2024,2.3,5,North
955,10955,404,11,3,195.91,0.12,517.2,Wallet,8/12/2024,1.0,9,East
956,10956,662,9,1,391.26,0.24,297.36,COD,8/13/2024,1.7,8,East
957,10957,369,12,5,531.09,0.03,2575.79,Card,8/14/2024,1.9,6,East
958,10958,8,2,5,250.26,0.31,863.4,COD,8/15/2024,2.2,3,North
959,10959,120,16,3,53.97,0.32,110.1,COD,8/16/2024,4.5,7,West
960,10960,344,1,4,316.89,0.04,1216.86,Card,8/17/2024,2.7,10,West
961,10961,669,6,4,217.39,0.35,565.21,COD,8/18/2024,3.7,6,East
962,10962,88,12,1,408.25,0.1,367.42,COD,8/19/2024,1.1,11,South
963,10963,642,13,4,571.35,0.03,2216.84,COD,8/20/2024,4.3,8,North
964,10964,690,9,4,299.08,0.0,1196.32,COD,8/21/2024,2.0,6,East
965,10965,312,9,4,287.72,0.14,989.76,COD,8/22/2024,2.2,11,North
966,10966,176,11,2,397.93,0.22,620.77,Card,8/23/2024,1.2,10,North
967,10967,535,11,1,75.55,0.12,66.48,Wallet,8/24/2024,2.6,4,West
968,10968,724,11,3,163.3,0.29,347.83,Card,8/25/2024,4.4,10,East
969,10969,858,6,4,552.6,0.25,1657.8,Wallet,8/26/2024,2.5,7,West
970,10970,41,16,6,406.92,0.12,2148.54,Card,8/27/2024,4.6,7,East
971,10971,732,10,7,22.86,0.26,118.41,Card,8/28/2024,4.5,11,North
972,10972,696,10,2,134.71,0.33,180.51,COD,8/29/2024,1.2,8,West
973,10973,912,13,4,414.46,0.03,1608.1,Card,8/30/2024,2.2,2,North
974,10974,497,9,7,462.17,0.11,2879.32,Wallet,8/31/2024,4.6,11,East
975,10975,948,10,7,506.32,0.16,2977.16,Card,9/1/2024,1.1,6,South
976,10976,143,4,2,185.92,0.17,308.63,COD,9/2/2024,4.1,3,West
977,10977,198,11,1,559.65,0.19,453.32,Card,9/3/2024,4.6,8,West
978,10978,918,10,6,338.47,0.11,1807.43,Card,9/4/2024,4.1,4,North
979,10979,716,6,6,422.48,0.23,1951.86,Card,9/5/2024,4.0,4,North
980,10980,456,12,6,364.09,0.23,1682.1,COD,9/6/2024,4.4,2,South
981,10981,724,8,4,86.8,0.2,277.76,COD,9/7/2024,3.7,6,West
982,10982,744,14,2,578.42,0.04,1110.57,COD,9/8/2024,2.7,6,East
983,10983,914,9,6,86.88,0.17,432.66,Wallet,9/9/2024,1.3,1,East
984,10984,898,5,7,164.11,0.12,1010.92,COD,9/10/2024,4.2,8,West
985,10985,553,6,7,490.97,0.17,2852.54,Wallet,9/11/2024,4.6,3,West
986,10986,542,9,5,376.88,0.32,1281.39,Card,9/12/2024,3.0,1,West
987,10987,250,8,5,505.32,0.17,2097.08,Card,9/13/2024,3.1,10,South
988,10988,386,11,2,316.71,0.0,633.42,Card,9/14/2024,2.6,1,East
989,10989,589,8,4,235.54,0.15,800.84,Card,9/15/2024,4.4,1,East
990,10990,872,11,4,554.28,0.29,1574.16,COD,9/16/2024,1.1,5,North
991,10991,253,6,1,36.21,0.27,26.43,COD,9/17/2024,3.5,5,North
992,10992,701,10,1,515.84,0.18,422.99,COD,9/18/2024,4.6,1,West
993,10993,804,15,6,150.03,0.09,819.16,COD,9/19/2024,1.4,5,North
994,10994,910,9,3,511.51,0.16,1289.01,Wallet,9/20/2024,4.8,7,South
995,10995,445,6,7,96.43,0.2,540.01,Wallet,9/21/2024,4.9,5,East
996,10996,10,7,1,354.43,0.35,230.38,Card,9/22/2024,4.7,9,East
997,10997,813,13,4,534.54,0.23,1646.38,Card,9/23/2024,2.9,4,North
998,10998,788,7,7,292.02,0.24,1553.55,Card,9/24/2024,2.5,9,West
999,10999,239,14,3,451.74,0.17,1124.83,Card,9/25/2024,3.8,8,North
1000,11000,248,14,1,485.73,0.12,427.44,COD,9/26/2024,2.3,1,West
1001,11001,866,4,2,445.85,0.28,642.02,COD,9/27/2024,1.3,4,South
1002,11002,5,11,5,556.32,0.17,2308.73,Card,9/28/2024,4.6,7,East
1003,11003,117,5,1,276.4,0.35,179.66,COD,9/29/2024,3.5,1,South
1004,11004,791,14,1,116.28,0.16,97.68,COD,9/30/2024,1.8,8,East
1005,11005,370,4,2,42.97,0.02,84.22,Card,10/1/2024,1.1,11,South
1006,11006,64,4,4,159.18,0.24,483.91,Card,10/2/2024,3.9,2,North
1007,11007,144,5,6,98.77,0.02,580.77,Wallet,10/3/2024,4.4,8,South
1008,11008,221,10,2,341.4,0.09,621.35,COD,10/4/2024,2.6,11,South
1009,11009,236,8,6,123.19,0.12,650.44,Card,10/5/2024,1.3,4,North
1010,11010,175,13,1,37.78,0.26,27.96,Card,10/6/2024,3.6,8,East
1011,11011,769,5,4,36.05,0.17,119.69,Card,10/7/2024,2.2,1,East
1012,11012,842,7,3,501.47,0.01,1489.37,Card,10/8/2024,1.6,5,North
1013,11013,279,15,1,361.0,0.22,281.58,Wallet,10/9/2024,3.0,9,South
1014,11014,62,6,2,224.48,0.14,386.11,Card,10/10/2024,2.9,7,South
1015,11015,214,4,3,538.12,0.32,1097.76,Card,10/11/2024,3.1,3,South
1016,11016,843,8,5,56.07,0.17,232.69,Card,10/12/2024,4.3,4,West
1017,11017,816,11,3,588.49,0.25,1324.1,COD,10/13/2024,2.9,10,East
1018,11018,785,6,2,375.53,0.08,690.98,Card,10/14/2024,4.6,7,South
1019,11019,682,16,7,122.33,0.27,625.11,Card,10/15/2024,4.4,6,East
1020,11020,456,9,3,412.26,0.25,927.58,COD,10/16/2024,3.6,4,South
1021,11021,918,9,2,461.58,0.32,627.75,Card,10/17/2024,1.2,3,North
1022,11022,604,1,7,266.17,0.01,1844.56,Card,10/18/2024,4.5,11,North
1023,11023,103,9,1,519.06,0.16,436.01,Card,10/19/2024,4.6,2,East
1024,11024,97,7,7,103.18,0.24,548.92,COD,10/20/2024,2.5,10,East
1025,11025,506,6,4,178.12,0.03,691.11,Wallet,10/21/2024,3.1,9,North
1026,11026,381,5,5,69.69,0.14,299.67,Card,10/22/2024,2.1,3,West
1027,11027,401,5,7,138.36,0.33,648.91,Card,10/23/2024,1.1,7,North
1028,11028,812,12,4,154.66,0.15,525.84,Card,10/24/2024,2.9,1,South
1029,11029,513,7,4,551.82,0.34,1456.8,COD,10/25/2024,1.5,8,West
1030,11030,471,8,4,60.69,0.02,237.9,COD,10/26/2024,1.7,1,North
1031,11031,966,16,7,265.04,0.25,1391.46,COD,10/27/2024,2.9,2,West
1032,11032,701,12,2,326.45,0.2,522.32,COD,10/28/2024,4.5,1,West
1033,11033,852,5,2,540.74,0.18,886.81,Wallet,10/29/2024,4.4,4,West
1034,11034,639,10,5,598.65,0.34,1975.54,Wallet,10/30/2024,4.9,2,East
1035,11035,859,11,2,455.73,0.05,865.89,COD,10/31/2024,2.9,1,North
1036,11036,761,9,6,582.91,0.31,2413.25,COD,11/1/2024,3.2,1,East
1037,11037,432,11,2,475.45,0.24,722.68,Card,11/2/2024,4.3,2,East
1038,11038,23,13,2,578.47,0.09,1052.82,COD,11/3/2024,3.8,6,South
1039,11039,986,10,2,428.75,0.32,583.1,COD,11/4/2024,1.7,2,South
1040,11040,560,2,1,61.66,0.15,52.41,COD,11/5/2024,2.6,11,West
1041,11041,670,3,5,250.12,0.28,900.43,Card,11/6/2024,4.7,2,West
1042,11042,706,8,6,393.26,0.14,2029.22,COD,11/7/2024,1.6,8,South
1043,11043,453,9,2,220.17,0.3,308.24,COD,11/8/2024,1.8,5,South
1044,11044,81,7,5,174.93,0.22,682.23,COD,11/9/2024,2.6,8,North
1045,11045,143,16,3,352.78,0.05,1005.42,Card,11/10/2024,4.8,8,West
1046,11046,83,6,1,561.1,0.23,432.05,Card,11/11/2024,1.5,2,West
1047,11047,76,9,7,35.46,0.07,230.84,Card,11/12/2024,3.7,7,South
1048,11048,452,6,2,465.0,0.14,799.8,Wallet,11/13/2024,1.5,9,North
1049,11049,867,13,6,437.8,0.06,2469.19,COD,11/14/2024,3.1,8,South
1050,11050,1,16,1,578.91,0.01,573.12,Card,11/15/2024,3.1,9,South
1051,11051,51,9,6,559.47,0.07,3121.84,Card,11/16/2024,1.2,8,East
1052,11052,678,16,7,460.91,0.19,2613.36,COD,11/17/2024,4.8,4,West
1053,11053,709,9,7,319.44,0.17,1855.95,Card,11/18/2024,4.2,10,North
1054,11054,762,11,1,134.5,0.18,110.29,Wallet,11/19/2024,2.2,7,East
1055,11055,441,2,3,333.96,0.09,911.71,COD,11/20/2024,1.5,9,West
1056,11056,444,9,5,462.73,0.24,1758.37,Card,11/21/2024,2.4,9,South
1057,11057,870,9,1,538.97,0.25,404.23,COD,11/22/2024,4.6,4,North
1058,11058,483,10,4,476.98,0.13,1659.89,Card,11/23/2024,1.5,7,West
1059,11059,790,1,7,129.23,0.31,624.18,Wallet,11/24/2024,2.4,6,South
1060,11060,34,14,3,365.82,0.23,845.04,Card,11/25/2024,3.0,3,East
1061,11061,344,8,7,209.32,0.25,1098.93,Wallet,11/26/2024,1.1,10,North
1062,11062,93,15,4,20.39,0.1,73.4,COD,11/27/2024,2.1,6,West
1063,11063,70,11,3,132.13,0.0,396.39,Wallet,11/28/2024,3.4,8,East
1064,11064,546,6,7,81.23,0.3,398.03,Card,11/29/2024,2.3,2,South
1065,11065,152,7,4,507.99,0.29,1442.69,Card,11/30/2024,4.5,3,South
1066,11066,247,10,4,166.23,0.04,638.32,COD,12/1/2024,4.7,8,West
1067,11067,667,7,7,181.55,0.13,1105.64,COD,12/2/2024,2.8,4,South
1068,11068,433,1,7,576.56,0.23,3107.66,Card,12/3/2024,3.1,4,North
1069,11069,116,9,6,236.77,0.23,1093.88,Card,12/4/2024,3.5,2,West
1070,11070,761,11,1,20.61,0.3,14.43,Card,12/5/2024,3.7,11,East
1071,11071,880,12,1,181.05,0.05,172.0,COD,12/6/2024,1.3,10,West
1072,11072,302,11,3,84.79,0.15,216.21,Card,12/7/2024,1.2,1,West
1073,11073,265,1,5,75.14,0.03,364.43,Card,12/8/2024,4.5,7,East
1074,11074,950,7,7,60.33,0.14,363.19,Card,12/9/2024,1.9,4,South
1075,11075,53,5,6,362.06,0.01,2150.64,Card,12/10/2024,3.3,6,East
1076,11076,233,16,1,125.77,0.31,86.78,Card,12/11/2024,3.5,8,North
1077,11077,385,12,1,226.33,0.18,185.59,Wallet,12/12/2024,1.7,11,South
1078,11078,979,7,6,519.28,0.3,2180.98,Card,12/13/2024,4.0,7,West
1079,11079,726,5,2,263.24,0.02,515.95,Wallet,12/14/2024,4.5,7,South
1080,11080,754,8,6,550.68,0.08,3039.75,Card,12/15/2024,2.1,6,South
1081,11081,814,2,1,306.29,0.09,278.72,Card,12/16/2024,4.5,11,North
1082,11082,397,15,5,248.32,0.14,1067.78,Card,12/17/2024,1.3,4,South
1083,11083,618,6,2,453.98,0.28,653.73,COD,12/18/2024,4.2,4,South
1084,11084,757,15,4,57.81,0.14,198.87,COD,12/19/2024,3.6,9,South
1085,11085,299,9,6,67.34,0.07,375.76,COD,12/20/2024,3.3,11,West
1086,11086,908,9,4,396.4,0.02,1553.89,Card,12/21/2024,1.9,5,South
1087,11087,204,10,2,299.86,0.03,581.73,Wallet,12/22/2024,2.4,9,East
1088,11088,226,9,2,477.39,0.27,696.99,Wallet,12/23/2024,4.6,11,South
1089,11089,842,5,2,551.02,0.16,925.71,Card,12/24/2024,2.9,9,North
1090,11090,899,5,3,242.19,0.25,544.93,COD,12/25/2024,3.4,4,South
1091,11091,573,2,6,363.9,0.24,1659.38,COD,12/26/2024,4.7,2,South
1092,11092,73,5,7,307.91,0.05,2047.6,Card,12/27/2024,2.9,2,West
1093,11093,430,8,5,589.24,0.05,2798.89,Card,12/28/2024,2.6,9,East
1094,11094,101,11,5,501.18,0.26,1854.37,COD,12/29/2024,4.6,9,South
1095,11095,418,12,4,548.37,0.25,1645.11,Wallet,12/30/2024,4.6,3,East
1096,11096,696,6,4,163.79,0.13,569.99,Card,12/31/2024,2.4,5,North
1097,11097,755,6,7,466.93,0.03,3170.45,COD,1/1/2025,3.4,5,West
1098,11098,730,13,4,170.3,0.0,681.2,Wallet,1/2/2025,4.9,2,East
1099,11099,796,12,6,137.11,0.1,740.39,Card,1/3/2025,1.2,2,West
1100,11100,302,10,1,567.4,0.0,567.4,Card,1/4/2025,1.2,10,South
1101,11101,96,7,4,26.29,0.08,96.75,COD,1/5/2025,3.1,1,North
1102,11102,839,10,2,579.75,0.15,985.58,Card,1/6/2025,2.2,2,West
1103,11103,788,12,4,102.32,0.04,392.91,Card,1/7/2025,3.3,11,South
1104,11104,331,15,2,494.37,0.04,949.19,Card,1/8/2025,3.9,7,East
1105,11105,848,11,3,176.41,0.31,365.17,Card,1/9/2025,1.3,1,North
1106,11106,430,5,1,220.16,0.2,176.13,Wallet,1/10/2025,4.5,1,North
1107,11107,442,11,1,141.8,0.33,95.01,COD,1/11/2025,2.1,9,East
1108,11108,983,9,7,357.53,0.12,2202.38,Card,1/12/2025,2.5,2,East
1109,11109,304,5,6,218.64,0.24,997.0,COD,1/13/2025,2.3,11,North
1110,11110,246,14,6,399.57,0.07,2229.6,Wallet,1/14/2025,4.4,4,West
1111,11111,164,6,5,24.15,0.22,94.18,Card,1/15/2025,1.7,11,North
1112,11112,476,13,3,52.66,0.05,150.08,Card,1/16/2025,1.1,3,East
1113,11113,973,12,7,73.3,0.0,513.1,Wallet,1/17/2025,4.9,11,West
1114,11114,331,13,6,260.11,0.33,1045.64,Wallet,1/18/2025,4.9,4,South
1115,11115,537,12,2,491.66,0.19,796.49,Card,1/19/2025,2.0,11,North
1116,11116,750,15,3,534.58,0.32,1090.54,Card,1/20/2025,1.0,11,East
1117,11117,104,7,1,158.21,0.12,139.22,Card,1/21/2025,3.6,7,South
1118,11118,558,3,2,351.01,0.11,624.8,Card,1/22/2025,3.6,10,North
1119,11119,79,5,7,464.49,0.14,2796.23,COD,1/23/2025,4.8,2,North
1120,11120,131,12,7,183.97,0.25,965.84,Card,1/24/2025,2.2,2,West
1121,11121,787,9,3,254.27,0.2,610.25,Card,1/25/2025,1.8,9,East
1122,11122,889,15,1,321.52,0.32,218.63,COD,1/26/2025,3.5,6,South
1123,11123,136,6,6,93.9,0.01,557.77,Wallet,1/27/2025,3.3,11,North
1124,11124,182,15,2,30.2,0.25,45.3,Card,1/28/2025,3.9,7,West
1125,11125,397,11,2,104.39,0.12,183.73,Card,1/29/2025,4.5,5,South
1126,11126,326,10,1,381.71,0.06,358.81,Wallet,1/30/2025,3.2,5,South
1127,11127,775,12,2,58.07,0.18,95.23,COD,1/31/2025,1.6,4,North
1128,11128,503,3,6,125.97,0.18,619.77,Card,2/1/2025,3.4,8,South
1129,11129,841,16,6,212.64,0.05,1212.05,Card,2/2/2025,2.5,7,North
1130,11130,973,2,6,60.55,0.07,337.87,Card,2/3/2025,2.8,10,West
1131,11131,68,10,1,127.14,0.14,109.34,COD,2/4/2025,4.8,2,West
1132,11132,541,6,4,548.09,0.14,1885.43,Card,2/5/2025,3.2,2,South
1133,11133,764,13,4,26.29,0.11,93.59,Card,2/6/2025,1.6,6,North
1134,11134,52,12,7,397.26,0.05,2641.78,Card,2/7/2025,2.8,11,East
1135,11135,445,13,7,239.88,0.0,1679.16,Card,2/8/2025,1.9,1,West
1136,11136,202,2,2,408.5,0.34,539.22,COD,2/9/2025,1.5,7,North
1137,11137,124,3,6,359.38,0.33,1444.71,Card,2/10/2025,3.8,8,North
1138,11138,739,13,2,145.75,0.17,241.94,Card,2/11/2025,3.5,10,North
1139,11139,43,11,1,510.62,0.35,331.9,Wallet,2/12/2025,3.0,8,South
1140,11140,744,9,2,302.79,0.24,460.24,COD,2/13/2025,2.7,3,East
1141,11141,960,4,5,496.18,0.02,2431.28,Card,2/14/2025,2.3,7,South
1142,11142,872,11,4,252.52,0.04,969.68,COD,2/15/2025,1.4,1,West
1143,11143,109,13,2,591.04,0.32,803.81,Card,2/16/2025,2.2,11,South
1144,11144,752,14,2,465.74,0.22,726.55,COD,2/17/2025,4.4,3,North
1145,11145,657,6,3,580.08,0.3,1218.17,COD,2/18/2025,4.1,6,South
1146,11146,181,4,2,315.88,0.31,435.91,COD,2/19/2025,4.9,9,North
1147,11147,837,12,5,292.11,0.16,1226.86,COD,2/20/2025,3.6,5,East
1148,11148,93,9,4,456.94,0.02,1791.2,Card,2/21/2025,3.2,5,South
1149,11149,960,10,3,529.97,0.07,1478.62,COD,2/22/2025,2.2,9,South
1150,11150,370,7,1,579.03,0.02,567.45,Card,2/23/2025,1.3,9,South
1151,11151,901,9,7,204.86,0.07,1333.64,Card,2/24/2025,3.5,6,North
1152,11152,515,9,1,482.24,0.14,414.73,Wallet,2/25/2025,3.0,5,North
1153,11153,889,14,4,138.23,0.04,530.8,COD,2/26/2025,4.0,10,South
1154,11154,356,4,7,334.16,0.06,2198.77,Wallet,2/27/2025,2.6,2,South
1155,11155,889,11,1,120.21,0.16,100.98,Card,2/28/2025,4.9,11,East
1156,11156,688,8,5,218.23,0.12,960.21,COD,3/1/2025,2.6,8,East
1157,11157,278,1,2,559.84,0.16,940.53,Card,3/2/2025,2.3,8,West
1158,11158,193,9,4,100.46,0.15,341.56,COD,3/3/2025,4.5,7,East
1159,11159,853,10,7,384.95,0.23,2074.88,Card,3/4/2025,2.6,8,East
1160,11160,193,12,3,361.88,0.33,727.38,Card,3/5/2025,4.5,3,East
1161,11161,661,5,2,85.63,0.04,164.41,Card,3/6/2025,1.1,3,North
1162,11162,91,9,1,205.7,0.03,199.53,COD,3/7/2025,3.8,2,East
1163,11163,665,4,1,344.34,0.3,241.04,Card,3/8/2025,1.3,1,East
1164,11164,935,6,3,124.5,0.18,306.27,Wallet,3/9/2025,1.6,3,South
1165,11165,60,6,5,483.36,0.27,1764.26,Card,3/10/2025,3.8,3,North
1166,11166,628,11,3,583.71,0.08,1611.04,Card,3/11/2025,2.2,7,West
1167,11167,51,7,4,140.63,0.29,399.39,Card,3/12/2025,1.8,10,West
1168,11168,399,15,3,124.34,0.32,253.65,Wallet,3/13/2025,4.2,9,East
1169,11169,779,16,1,281.14,0.22,219.29,Card,3/14/2025,4.8,1,West
1170,11170,5,15,5,452.44,0.04,2171.71,Card,3/15/2025,1.9,8,West
1171,11171,461,7,5,179.74,0.31,620.1,COD,3/16/2025,2.3,1,West
1172,11172,598,4,6,26.63,0.28,115.04,Card,3/17/2025,3.9,3,East
1173,11173,675,15,3,331.61,0.26,736.17,COD,3/18/2025,4.3,4,West
1174,11174,818,14,4,574.61,0.01,2275.46,Card,3/19/2025,5.0,11,East
1175,11175,529,9,1,243.9,0.28,175.61,COD,3/20/2025,2.1,8,South
1176,11176,401,10,2,260.78,0.05,495.48,Card,3/21/2025,3.2,1,South
1177,11177,827,10,5,581.81,0.08,2676.33,COD,3/22/2025,1.5,2,West
1178,11178,508,13,3,421.35,0.2,1011.24,COD,3/23/2025,2.3,11,South
1179,11179,639,6,6,435.72,0.09,2379.03,COD,3/24/2025,1.2,5,East
1180,11180,230,5,4,344.18,0.23,1060.07,COD,3/25/2025,1.8,6,South
1181,11181,519,2,4,585.15,0.21,1849.07,Wallet,3/26/2025,3.0,5,West
1182,11182,342,4,7,417.99,0.04,2808.89,Card,3/27/2025,1.7,3,East
1183,11183,46,4,1,538.59,0.23,414.71,Card,3/28/2025,4.6,10,North
1184,11184,541,11,5,424.14,0.32,1442.08,COD,3/29/2025,3.8,7,East
1185,11185,934,16,1,445.04,0.06,418.34,COD,3/30/2025,1.1,1,South
1186,11186,76,9,6,184.89,0.21,876.38,Card,3/31/2025,4.5,2,North
1187,11187,722,11,2,192.54,0.12,338.87,COD,4/1/2025,4.9,11,East
1188,11188,802,10,2,473.05,0.16,794.72,Card,4/2/2025,3.0,9,North
1189,11189,912,12,2,188.57,0.1,339.43,COD,4/3/2025,2.3,4,North
1190,11190,71,7,4,344.22,0.12,1211.65,Wallet,4/4/2025,2.1,8,North
1191,11191,784,16,5,160.87,0.01,796.31,COD,4/5/2025,1.3,9,East
1192,11192,246,11,1,492.94,0.34,325.34,Card,4/6/2025,3.0,7,South
1193,11193,47,13,1,79.64,0.22,62.12,COD,4/7/2025,1.2,1,East
1194,11194,119,5,6,500.23,0.18,2461.13,COD,4/8/2025,3.0,5,South
1195,11195,211,10,2,367.6,0.13,639.62,Card,4/9/2025,2.0,6,East
1196,11196,236,7,5,124.34,0.19,503.58,COD,4/10/2025,2.9,11,East
1197,11197,55,9,5,332.09,0.13,1444.59,Wallet,4/11/2025,2.7,8,East
1198,11198,346,6,6,180.26,0.13,940.96,Card,4/12/2025,2.2,10,South
1199,11199,105,7,3,204.23,0.16,514.66,Card,4/13/2025,2.8,8,East
1200,11200,820,10,5,220.64,0.1,992.88,Card,4/14/2025,2.9,9,North
1201,11201,48,9,5,52.04,0.06,244.59,COD,4/15/2025,4.3,9,East
1202,11202,568,6,1,591.79,0.19,479.35,Wallet,4/16/2025,3.7,4,North
1203,11203,333,3,6,33.45,0.29,142.5,COD,4/17/2025,2.7,6,West
1204,11204,26,12,5,402.56,0.05,1912.16,Card,4/18/2025,4.6,3,West
1205,11205,794,13,5,232.17,0.01,1149.24,COD,4/19/2025,4.0,1,South
1206,11206,254,15,1,392.92,0.09,357.56,COD,4/20/2025,1.3,6,South
1207,11207,8,3,5,223.41,0.34,737.25,COD,4/21/2025,1.6,1,West
1208,11208,619,14,1,409.14,0.29,290.49,Card,4/22/2025,1.3,9,East
1209,11209,856,5,3,441.6,0.21,1046.59,COD,4/23/2025,2.3,11,East
1210,11210,250,16,4,418.97,0.33,1122.84,Card,4/24/2025,2.7,6,East
1211,11211,685,4,7,81.67,0.16,480.22,Card,4/25/2025,3.0,1,West
1212,11212,711,6,1,399.28,0.34,263.52,COD,4/26/2025,4.4,11,North
1213,11213,299,9,1,178.79,0.1,160.91,Wallet,4/27/2025,1.1,3,South
1214,11214,633,12,5,31.85,0.08,146.51,Card,4/28/2025,2.7,1,North
1215,11215,55,13,1,257.68,0.22,200.99,Wallet,4/29/2025,2.6,2,West
1216,11216,718,14,6,268.62,0.13,1402.2,Card,4/30/2025,4.8,6,North
1217,11217,521,9,2,288.3,0.22,449.75,COD,5/1/2025,2.0,7,East
1218,11218,469,5,2,427.32,0.11,760.63,Card,5/2/2025,1.5,1,East
1219,11219,28,5,3,195.67,0.22,457.87,Card,5/3/2025,1.6,10,North
1220,11220,972,10,1,199.44,0.1,179.5,COD,5/4/2025,3.1,5,West
1221,11221,76,2,6,50.42,0.02,296.47,COD,5/5/2025,2.6,6,North
1222,11222,213,10,5,416.79,0.32,1417.09,COD,5/6/2025,4.0,4,East
1223,11223,382,12,5,347.18,0.31,1197.77,COD,5/7/2025,2.3,6,East
1224,11224,361,7,7,219.41,0.34,1013.67,COD,5/8/2025,1.5,5,West
1225,11225,660,13,4,427.54,0.25,1282.62,Wallet,5/9/2025,2.5,11,North
1226,11226,521,11,3,329.35,0.24,750.92,COD,5/10/2025,4.5,7,East
1227,11227,691,13,6,289.51,0.2,1389.65,Card,5/11/2025,2.6,4,East
1228,11228,308,5,6,314.12,0.04,1809.33,Card,5/12/2025,4.3,1,North
1229,11229,872,9,7,387.26,0.07,2521.06,Card,5/13/2025,2.5,2,North
1230,11230,7,10,7,401.1,0.1,2526.93,COD,5/14/2025,2.1,6,South
1231,11231,3,8,5,184.04,0.31,634.94,Card,5/15/2025,4.1,10,West
1232,11232,617,10,4,97.33,0.06,365.96,Card,5/16/2025,1.8,11,West
1233,11233,908,1,5,106.63,0.32,362.54,Card,5/17/2025,1.9,2,North
1234,11234,742,15,4,389.04,0.18,1276.05,COD,5/18/2025,1.2,5,West
1235,11235,359,1,2,525.63,0.25,788.44,Card,5/19/2025,1.8,4,East
1236,11236,743,9,6,254.56,0.04,1466.27,Card,5/20/2025,2.5,7,North
1237,11237,503,4,7,114.17,0.09,727.26,COD,5/21/2025,2.6,4,North
1238,11238,271,5,2,457.61,0.34,604.05,COD,5/22/2025,2.7,7,North
1239,11239,501,10,5,502.01,0.09,2284.15,Card,5/23/2025,2.9,11,South
1240,11240,796,12,3,530.14,0.1,1431.38,COD,5/24/2025,3.3,8,West
1241,11241,731,12,1,370.0,0.07,344.1,Card,5/25/2025,1.8,7,South
1242,11242,872,16,3,518.53,0.05,1477.81,Wallet,5/26/2025,3.5,2,East
1243,11243,15,5,3,24.02,0.08,66.3,Card,5/27/2025,2.3,11,West
1244,11244,190,12,1,77.73,0.22,60.63,Wallet,5/28/2025,3.9,1,South
1245,11245,974,8,6,69.16,0.16,348.57,Wallet,5/29/2025,3.2,5,North
1246,11246,625,10,2,431.87,0.19,699.63,COD,5/30/2025,3.2,7,South
1247,11247,480,7,2,55.71,0.04,106.96,Card,5/31/2025,3.7,1,North
1248,11248,28,6,6,305.37,0.28,1319.2,COD,6/1/2025,2.3,11,South
1249,11249,706,14,1,291.53,0.27,212.82,Card,6/2/2025,2.7,8,South
1250,11250,39,15,4,196.76,0.01,779.17,Wallet,6/3/2025,3.3,3,South
1251,11251,942,7,3,524.19,0.13,1368.14,COD,6/4/2025,2.7,7,North
1252,11252,270,8,5,114.7,0.02,562.03,Wallet,6/5/2025,2.8,3,South
1253,11253,228,6,2,221.19,0.28,318.51,COD,6/6/2025,2.1,4,West
1254,11254,84,13,6,467.89,0.26,2077.43,COD,6/7/2025,2.1,8,West
1255,11255,469,10,5,32.8,0.32,111.52,COD,6/8/2025,3.8,2,West
1256,11256,124,11,7,408.68,0.08,2631.9,Card,6/9/2025,1.0,6,North
1257,11257,801,12,1,492.59,0.16,413.78,COD,6/10/2025,1.4,10,North
1258,11258,532,8,5,560.38,0.06,2633.79,COD,6/11/2025,4.8,9,West
1259,11259,143,8,5,527.63,0.13,2295.19,Wallet,6/12/2025,1.7,10,West
1260,11260,520,13,3,201.84,0.18,496.53,COD,6/13/2025,2.7,9,West
1261,11261,209,9,1,358.02,0.02,350.86,Wallet,6/14/2025,4.4,5,East
1262,11262,25,7,5,60.22,0.25,225.82,Wallet,6/15/2025,1.0,3,West
1263,11263,575,16,2,165.85,0.19,268.68,COD,6/16/2025,4.7,6,South
1264,11264,390,14,1,70.12,0.29,49.79,Card,6/17/2025,1.2,9,East
1265,11265,66,8,2,199.38,0.1,358.88,COD,6/18/2025,1.7,6,East
1266,11266,230,6,6,526.98,0.32,2150.08,Card,6/19/2025,1.1,4,North
1267,11267,107,10,6,218.09,0.35,850.55,Card,6/20/2025,3.1,11,South
1268,11268,144,1,7,343.71,0.32,1636.06,Card,6/21/2025,4.8,5,North
1269,11269,109,12,4,268.53,0.27,784.11,Wallet,6/22/2025,4.4,7,North
1270,11270,225,3,6,283.47,0.28,1224.59,Card,6/23/2025,3.6,10,South
1271,11271,109,16,5,582.2,0.2,2328.8,COD,6/24/2025,1.7,3,North
1272,11272,465,8,1,188.25,0.07,175.07,Wallet,6/25/2025,4.5,9,South
1273,11273,34,11,6,381.98,0.24,1741.83,COD,6/26/2025,4.0,1,South
1274,11274,617,7,2,260.74,0.25,391.11,COD,6/27/2025,2.1,8,North
1275,11275,766,8,5,50.77,0.34,167.54,COD,6/28/2025,4.2,5,West
1276,11276,925,11,6,301.26,0.19,1464.12,Card,6/29/2025,4.5,10,North
1277,11277,365,14,3,490.81,0.09,1339.91,Card,6/30/2025,3.8,9,East
1278,11278,740,1,2,72.77,0.24,110.61,Wallet,7/1/2025,1.4,2,North
1279,11279,590,7,7,55.71,0.34,257.38,Card,7/2/2025,4.9,1,South
1280,11280,549,14,7,104.87,0.06,690.04,COD,7/3/2025,1.3,10,East
1281,11281,421,9,7,462.17,0.11,2879.32,COD,7/4/2025,3.6,7,South
1282,11282,607,7,2,438.54,0.19,710.43,Card,7/5/2025,1.4,10,West
1283,11283,513,9,7,345.54,0.06,2273.65,Wallet,7/6/2025,4.6,11,West
1284,11284,685,8,4,288.91,0.01,1144.08,COD,7/7/2025,2.4,9,East
1285,11285,279,3,3,534.67,0.12,1411.53,Card,7/8/2025,3.0,5,West
1286,11286,316,14,4,463.52,0.3,1297.86,Wallet,7/9/2025,1.7,11,West
1287,11287,730,10,6,489.99,0.02,2881.14,COD,7/10/2025,3.2,4,North
1288,11288,438,5,3,490.76,0.15,1251.44,COD,7/11/2025,4.8,4,North
1289,11289,941,6,2,390.99,0.27,570.85,COD,7/12/2025,4.6,8,West
1290,11290,311,6,4,282.94,0.33,758.28,Card,7/13/2025,1.3,1,West
1291,11291,866,15,5,520.84,0.34,1718.77,COD,7/14/2025,2.5,1,North
1292,11292,955,13,3,556.71,0.15,1419.61,Card,7/15/2025,2.1,8,West
1293,11293,733,6,2,28.93,0.33,38.77,COD,7/16/2025,2.9,2,West
1294,11294,373,8,1,45.16,0.01,44.71,COD,7/17/2025,4.3,10,South
1295,11295,286,11,3,575.86,0.26,1278.41,Wallet,7/18/2025,4.0,6,West
1296,11296,432,10,3,177.14,0.22,414.51,COD,7/19/2025,2.4,2,East
1297,11297,656,6,6,525.92,0.09,2871.52,Card,7/20/2025,2.5,5,South
1298,11298,274,6,5,242.45,0.18,994.04,Wallet,7/21/2025,3.6,3,East
1299,11299,702,15,6,84.67,0.05,482.62,COD,7/22/2025,1.8,7,West
1300,11300,577,15,7,62.06,0.31,299.75,COD,7/23/2025,1.4,9,North
1301,11301,498,9,3,106.56,0.13,278.12,Card,7/24/2025,2.0,2,South
1302,11302,618,7,3,161.19,0.22,377.18,Wallet,7/25/2025,1.5,7,North
1303,11303,511,10,7,300.78,0.06,1979.13,Wallet,7/26/2025,2.4,8,South
1304,11304,346,10,5,425.38,0.07,1978.02,COD,7/27/2025,4.8,10,North
1305,11305,832,16,5,592.04,0.35,1924.13,Wallet,7/28/2025,1.5,8,South
1306,11306,441,11,4,273.28,0.26,808.91,Card,7/29/2025,4.3,7,South
1307,11307,819,6,2,318.14,0.34,419.94,Wallet,7/30/2025,3.1,4,East
1308,11308,346,12,2,320.26,0.1,576.47,COD,7/31/2025,3.5,4,North
1309,11309,601,1,4,330.57,0.06,1242.94,Card,8/1/2025,1.7,10,East
1310,11310,658,5,2,317.88,0.18,521.32,COD,8/2/2025,1.6,9,East
1311,11311,812,9,3,20.13,0.17,50.12,COD,8/3/2025,1.7,10,North
1312,11312,135,6,4,16.01,0.06,60.2,Card,8/4/2025,3.7,9,South
1313,11313,750,14,4,72.13,0.26,213.5,Card,8/5/2025,4.0,5,East
1314,11314,888,1,2,74.41,0.13,129.47,Card,8/6/2025,4.7,7,North
1315,11315,240,12,1,427.36,0.07,397.44,Card,8/7/2025,2.6,7,South
1316,11316,538,1,2,134.88,0.12,237.39,Card,8/8/2025,2.8,9,East
1317,11317,40,3,6,538.41,0.2,2584.37,Card,8/9/2025,2.9,7,East
1318,11318,226,2,1,558.23,0.25,418.67,Card,8/10/2025,2.1,8,East
1319,11319,543,6,4,585.9,0.17,1945.19,Wallet,8/11/2025,2.3,7,South
1320,11320,909,7,1,564.36,0.18,462.78,COD,8/12/2025,4.4,11,East
1321,11321,220,6,3,174.05,0.05,496.04,Card,8/13/2025,2.4,4,South
1322,11322,6,15,5,313.22,0.32,1064.95,Wallet,8/14/2025,4.5,2,West
1323,11323,318,5,1,117.64,0.33,78.82,COD,8/15/2025,2.2,3,East
1324,11324,463,13,6,486.63,0.24,2219.03,COD,8/16/2025,2.4,7,West
1325,11325,724,6,5,534.73,0.01,2646.91,COD,8/17/2025,3.2,11,North
1326,11326,73,14,3,513.0,0.19,1246.59,Card,8/18/2025,1.4,11,East
1327,11327,4,13,6,268.52,0.22,1256.67,Card,8/19/2025,4.7,9,North
1328,11328,836,11,7,458.82,0.35,2087.63,Card,8/20/2025,4.3,11,North
1329,11329,640,13,5,72.08,0.35,234.26,COD,8/21/2025,3.7,2,North
1330,11330,116,7,7,38.54,0.3,188.85,COD,8/22/2025,5.0,7,West
1331,11331,870,16,3,455.64,0.02,1339.58,COD,8/23/2025,1.1,4,South
1332,11332,600,5,5,263.83,0.33,883.83,Card,8/24/2025,2.6,7,West
1333,11333,499,7,5,597.4,0.21,2359.73,COD,8/25/2025,4.4,5,West
1334,11334,987,3,2,71.89,0.28,103.52,COD,8/26/2025,2.7,7,North
1335,11335,936,11,6,515.54,0.14,2660.19,Wallet,8/27/2025,1.0,6,East
1336,11336,569,14,6,295.79,0.11,1579.52,Card,8/28/2025,1.6,2,South
1337,11337,436,6,1,498.88,0.16,419.06,Wallet,8/29/2025,2.7,7,North
1338,11338,192,8,7,493.02,0.05,3278.58,Wallet,8/30/2025,3.7,5,South
1339,11339,836,12,7,550.86,0.12,3393.3,COD,8/31/2025,1.7,9,West
1340,11340,707,7,6,189.24,0.3,794.81,COD,9/1/2025,2.8,11,South
1341,11341,388,10,6,570.63,0.01,3389.54,Card,9/2/2025,1.1,1,South
1342,11342,26,11,5,103.73,0.05,492.72,Wallet,9/3/2025,2.9,1,East
1343,11343,430,10,7,62.95,0.04,423.02,Card,9/4/2025,4.6,2,North
1344,11344,171,10,4,267.5,0.14,920.2,COD,9/5/2025,3.4,8,South
1345,11345,296,4,2,499.57,0.35,649.44,Card,9/6/2025,2.8,11,South
1346,11346,639,3,1,291.95,0.06,274.43,Card,9/7/2025,1.6,9,West
1347,11347,322,7,2,500.13,0.05,950.25,COD,9/8/2025,1.8,11,West
1348,11348,406,14,1,441.87,0.32,300.47,Wallet,9/9/2025,1.3,11,South
1349,11349,116,10,3,137.52,0.31,284.67,COD,9/10/2025,4.0,7,North
1350,11350,825,13,5,570.1,0.01,2822.0,Wallet,9/11/2025,1.3,1,South
1351,11351,777,16,6,50.56,0.26,224.49,COD,9/12/2025,2.5,7,South
1352,11352,716,1,6,540.49,0.23,2497.06,Card,9/13/2025,4.0,8,East
1353,11353,222,6,4,193.1,0.27,563.85,Card,9/14/2025,3.9,7,North
1354,11354,527,15,7,307.59,0.17,1787.1,COD,9/15/2025,3.3,5,East
1355,11355,111,10,7,262.08,0.35,1192.46,Card,9/16/2025,3.3,7,North
1356,11356,138,1,2,115.52,0.02,226.42,COD,9/17/2025,1.4,10,North
1357,11357,554,12,2,224.52,0.08,413.12,Card,9/18/2025,1.7,11,North
1358,11358,1,6,2,127.87,0.14,219.94,Card,9/19/2025,3.1,2,East
1359,11359,88,15,7,134.27,0.16,789.51,COD,9/20/2025,2.4,9,East
1360,11360,648,13,6,124.43,0.32,507.67,COD,9/21/2025,1.1,2,East
1361,11361,316,10,7,301.08,0.2,1686.05,Card,9/22/2025,4.2,2,West
1362,11362,545,3,2,481.79,0.02,944.31,Card,9/23/2025,3.6,5,East
1363,11363,795,11,5,347.85,0.14,1495.76,Card,9/24/2025,2.3,8,West
1364,11364,883,6,1,537.53,0.15,456.9,Card,9/25/2025,1.4,6,West
1365,11365,137,9,6,387.38,0.34,1534.02,COD,9/26/2025,3.4,9,West
1366,11366,506,11,5,418.26,0.21,1652.13,COD,9/27/2025,2.4,6,South
1367,11367,857,8,3,405.55,0.22,948.99,Card,9/28/2025,2.0,5,South
1368,11368,834,5,5,277.93,0.25,1042.24,Card,9/29/2025,3.9,1,South
1369,11369,256,11,5,418.26,0.27,1526.65,Card,9/30/2025,2.3,8,West
1370,11370,666,10,3,55.78,0.22,130.53,Card,10/1/2025,1.5,3,West
1371,11371,891,6,5,518.01,0.08,2382.85,COD,10/2/2025,2.9,2,North
1372,11372,683,13,1,470.02,0.31,324.31,Card,10/3/2025,4.3,7,West
1373,11373,10,3,6,158.46,0.26,703.56,Card,10/4/2025,4.4,11,South
1374,11374,258,11,4,464.3,0.26,1374.33,COD,10/5/2025,4.4,2,West
1375,11375,908,5,7,22.4,0.35,101.92,Card,10/6/2025,2.7,1,West
1376,11376,644,9,3,142.09,0.28,306.91,COD,10/7/2025,4.2,11,North
1377,11377,170,9,6,53.11,0.29,226.25,COD,10/8/2025,4.4,2,West
1378,11378,887,16,2,471.43,0.33,631.72,Card,10/9/2025,2.8,6,East
1379,11379,13,8,1,457.19,0.05,434.33,COD,10/10/2025,2.3,2,North
1380,11380,166,12,4,490.98,0.17,1630.05,COD,10/11/2025,3.8,1,West
1381,11381,636,10,1,17.62,0.2,14.1,COD,10/12/2025,4.6,1,West
1382,11382,591,12,1,308.22,0.12,271.23,COD,10/13/2025,4.9,4,North
1383,11383,317,16,2,427.33,0.29,606.81,Wallet,10/14/2025,2.2,8,West
1384,11384,315,4,4,105.91,0.27,309.26,Wallet,10/15/2025,4.8,6,South
1385,11385,607,11,7,395.13,0.25,2074.43,COD,10/16/2025,3.0,4,East
1386,11386,325,12,1,64.2,0.35,41.73,Wallet,10/17/2025,2.2,6,East
1387,11387,775,1,2,121.08,0.09,220.37,Card,10/18/2025,5.0,6,South
1388,11388,767,4,3,293.34,0.26,651.21,COD,10/19/2025,4.5,9,West
1389,11389,960,6,2,397.34,0.19,643.69,Card,10/20/2025,3.8,4,West
1390,11390,900,10,5,100.33,0.11,446.47,Card,10/21/2025,4.6,6,East
1391,11391,909,12,6,123.36,0.06,695.75,COD,10/22/2025,3.7,10,West
1392,11392,545,5,2,134.6,0.31,185.75,COD,10/23/2025,2.8,1,East
1393,11393,415,5,2,154.64,0.21,244.33,Card,10/24/2025,4.8,7,East
1394,11394,600,11,2,147.53,0.29,209.49,COD,10/25/2025,4.9,7,South
1395,11395,93,5,7,246.16,0.19,1395.73,COD,10/26/2025,2.3,11,East
1396,11396,806,11,1,397.47,0.08,365.67,Card,10/27/2025,2.4,1,West
1397,11397,576,15,7,271.25,0.12,1670.9,Card,10/28/2025,2.5,8,West
1398,11398,314,9,4,468.94,0.13,1631.91,Card,10/29/2025,4.3,5,North
1399,11399,945,9,2,435.77,0.34,575.22,Card,10/30/2025,4.2,9,West
1400,11400,233,7,2,89.02,0.0,178.04,COD,10/31/2025,4.9,8,North
1401,11401,935,6,5,43.57,0.34,143.78,Card,11/1/2025,2.9,3,East
1402,11402,330,4,5,528.6,0.34,1744.38,Card,11/2/2025,3.9,1,West
1403,11403,874,6,3,61.7,0.35,120.32,COD,11/3/2025,4.4,3,South
1404,11404,372,9,3,101.78,0.17,253.43,COD,11/4/2025,1.9,2,South
1405,11405,454,13,5,27.95,0.34,92.23,Card,11/5/2025,3.5,2,South
1406,11406,135,11,4,382.58,0.14,1316.08,Card,11/6/2025,3.2,11,East
1407,11407,919,4,3,355.69,0.01,1056.4,Card,11/7/2025,4.0,4,East
1408,11408,583,5,6,592.34,0.08,3269.72,COD,11/8/2025,3.8,2,North
1409,11409,984,8,6,533.86,0.33,2146.12,Wallet,11/9/2025,4.3,8,South
1410,11410,542,10,4,255.34,0.0,1021.36,COD,11/10/2025,2.2,5,North
1411,11411,508,8,5,232.38,0.19,941.14,Card,11/11/2025,1.9,1,North
1412,11412,293,14,3,188.66,0.03,549.0,COD,11/12/2025,4.2,6,West
1413,11413,316,13,2,104.16,0.1,187.49,Card,11/13/2025,2.4,7,West
1414,11414,907,9,5,95.78,0.03,464.53,Card,11/14/2025,2.2,1,South
1415,11415,567,11,3,92.39,0.3,194.02,Card,11/15/2025,2.3,3,East
1416,11416,821,14,4,81.76,0.21,258.36,COD,11/16/2025,1.3,9,West
1417,11417,345,2,6,155.7,0.32,635.26,COD,11/17/2025,4.1,7,East
1418,11418,829,12,4,194.4,0.24,590.98,COD,11/18/2025,3.9,4,North
1419,11419,769,7,3,577.52,0.34,1143.49,COD,11/19/2025,3.2,6,North
1420,11420,862,11,4,353.41,0.18,1159.18,Card,11/20/2025,3.9,6,North
1421,11421,226,3,3,592.74,0.22,1387.01,Card,11/21/2025,2.5,3,North
1422,11422,267,10,3,232.89,0.2,558.94,COD,11/22/2025,2.2,2,South
1423,11423,817,9,4,282.71,0.17,938.6,COD,11/23/2025,4.4,5,North
1424,11424,788,13,1,204.88,0.3,143.42,COD,11/24/2025,2.7,8,West
1425,11425,288,12,2,121.99,0.23,187.86,Card,11/25/2025,1.8,3,North
1426,11426,717,8,5,98.75,0.28,355.5,COD,11/26/2025,4.0,5,East
1427,11427,163,6,6,567.87,0.28,2453.2,Card,11/27/2025,2.3,3,West
1428,11428,5,9,2,592.28,0.07,1101.64,COD,11/28/2025,1.8,7,East
1429,11429,840,7,5,41.27,0.23,158.89,COD,11/29/2025,1.1,6,East
1430,11430,375,5,5,102.95,0.07,478.72,Wallet,11/30/2025,4.9,6,South
1431,11431,76,12,6,262.76,0.2,1261.25,Card,12/1/2025,2.9,1,South
1432,11432,406,5,2,124.01,0.24,188.5,COD,12/2/2025,1.6,2,East
1433,11433,569,15,6,227.87,0.35,888.69,COD,12/3/2025,4.0,6,East
1434,11434,130,16,3,90.52,0.01,268.84,Card,12/4/2025,4.6,8,North
1435,11435,595,10,6,282.06,0.03,1641.59,Card,12/5/2025,3.1,5,West
1436,11436,741,9,4,173.94,0.03,674.89,COD,12/6/2025,1.1,2,North
1437,11437,42,9,1,220.86,0.14,189.94,Card,12/7/2025,2.5,5,South
1438,11438,87,6,1,70.17,0.29,49.82,Card,12/8/2025,2.0,9,South
1439,11439,398,6,1,265.45,0.3,185.81,Wallet,12/9/2025,3.5,6,North
1440,11440,293,15,2,590.21,0.26,873.51,COD,12/10/2025,3.1,5,West
1441,11441,829,9,2,207.37,0.31,286.17,Card,12/11/2025,2.4,10,East
1442,11442,292,12,3,527.71,0.11,1408.99,COD,12/12/2025,3.6,6,North
1443,11443,610,5,7,508.27,0.03,3451.15,COD,12/13/2025,3.3,11,South
1444,11444,521,15,1,571.95,0.02,560.51,Wallet,12/14/2025,4.6,9,West
1445,11445,790,12,3,477.21,0.3,1002.14,COD,12/15/2025,3.4,7,South
1446,11446,684,8,7,400.86,0.26,2076.45,Wallet,12/16/2025,3.0,10,West
1447,11447,631,12,1,516.1,0.24,392.24,Card,12/17/2025,4.3,3,West
1448,11448,418,3,2,59.25,0.12,104.28,COD,12/18/2025,1.8,10,West
1449,11449,854,1,7,285.76,0.13,1740.28,Card,12/19/2025,2.0,10,North
1450,11450,23,12,4,593.71,0.34,1567.39,Card,12/20/2025,4.1,5,North
1451,11451,570,10,4,465.22,0.02,1823.66,COD,12/21/2025,2.8,4,North
1452,11452,141,7,4,577.81,0.27,1687.21,Card,12/22/2025,2.6,11,West
1453,11453,982,12,6,471.09,0.11,2515.62,COD,12/23/2025,4.5,5,West
1454,11454,659,15,4,526.81,0.01,2086.17,Wallet,12/24/2025,3.4,8,South
1455,11455,143,14,5,428.32,0.26,1584.78,Card,12/25/2025,4.2,11,East
1456,11456,222,16,1,459.89,0.12,404.7,Card,12/26/2025,4.2,6,North
1457,11457,498,13,4,321.06,0.25,963.18,COD,12/27/2025,1.5,4,West
1458,11458,951,7,7,555.68,0.25,2917.32,Wallet,12/28/2025,3.6,5,South
1459,11459,963,12,5,497.65,0.19,2015.48,COD,12/29/2025,4.8,11,South
1460,11460,810,16,5,508.67,0.27,1856.65,COD,12/30/2025,2.9,7,South
1461,11461,610,7,5,408.71,0.2,1634.84,Card,12/31/2025,3.9,8,North
1462,11462,102,14,3,193.18,0.1,521.59,Card,1/1/2026,3.3,5,North
1463,11463,936,11,7,35.84,0.26,185.65,COD,1/2/2026,1.8,2,East
1464,11464,39,9,3,562.36,0.21,1332.79,Card,1/3/2026,1.8,6,South
1465,11465,936,2,5,357.88,0.0,1789.4,Wallet,1/4/2026,2.7,9,North
1466,11466,195,9,6,189.41,0.32,772.79,COD,1/5/2026,2.9,3,South
1467,11467,640,1,4,102.24,0.19,331.26,COD,1/6/2026,3.0,7,West
1468,11468,574,3,1,500.27,0.3,350.19,COD,1/7/2026,4.8,8,South
1469,11469,387,16,7,504.36,0.31,2436.06,COD,1/8/2026,1.4,6,East
1470,11470,177,14,6,491.49,0.16,2477.11,COD,1/9/2026,2.5,3,North
1471,11471,957,5,2,392.37,0.18,643.49,Wallet,1/10/2026,3.1,1,West
1472,11472,549,4,3,229.12,0.15,584.26,Wallet,1/11/2026,4.9,3,North
1473,11473,443,12,4,192.88,0.16,648.08,Wallet,1/12/2026,3.0,11,West
1474,11474,495,8,4,20.0,0.31,55.2,Wallet,1/13/2026,4.1,6,South
1475,11475,15,6,2,502.66,0.28,723.83,COD,1/14/2026,4.0,11,South
1476,11476,617,8,2,66.15,0.04,127.01,COD,1/15/2026,3.3,4,East
1477,11477,663,7,7,383.99,0.21,2123.46,Card,1/16/2026,1.5,1,East
1478,11478,286,9,4,309.88,0.35,805.69,Card,1/17/2026,1.9,6,West
1479,11479,473,8,2,323.11,0.21,510.51,Card,1/18/2026,2.0,1,East
1480,11480,228,1,4,557.13,0.28,1604.53,Card,1/19/2026,1.2,8,East
1481,11481,912,10,6,33.49,0.27,146.69,Card,1/20/2026,2.5,3,East
1482,11482,416,1,7,467.43,0.12,2879.37,Card,1/21/2026,3.4,3,East
1483,11483,155,16,2,45.45,0.13,79.08,Wallet,1/22/2026,1.6,1,South
1484,11484,545,14,6,37.32,0.25,167.94,Wallet,1/23/2026,1.7,3,East
1485,11485,436,6,6,266.44,0.17,1326.87,Card,1/24/2026,3.8,7,South
1486,11486,95,14,2,51.9,0.2,83.04,Card,1/25/2026,1.7,10,South
1487,11487,986,10,7,476.65,0.25,2502.41,Wallet,1/26/2026,1.5,8,North
1488,11488,407,14,4,324.79,0.27,948.39,Wallet,1/27/2026,4.9,11,South
1489,11489,940,9,5,31.99,0.1,143.95,Wallet,1/28/2026,1.1,8,South
1490,11490,286,4,4,38.69,0.05,147.02,Wallet,1/29/2026,2.3,3,East
1491,11491,251,1,1,373.41,0.1,336.07,Wallet,1/30/2026,1.1,5,South
1492,11492,194,12,2,486.58,0.18,797.99,Card,1/31/2026,4.4,1,West
1493,11493,593,10,3,271.11,0.12,715.73,Card,2/1/2026,3.3,9,East
1494,11494,823,14,7,339.43,0.2,1900.81,COD,2/2/2026,1.2,8,East
1495,11495,517,11,2,482.9,0.02,946.48,Card,2/3/2026,3.5,10,East
1496,11496,512,3,1,372.15,0.18,305.16,Wallet,2/4/2026,1.5,2,North
1497,11497,629,9,6,146.48,0.13,764.63,COD,2/5/2026,3.0,10,East
1498,11498,831,9,3,373.64,0.19,907.95,COD,2/6/2026,3.7,1,South
1499,11499,854,4,3,382.54,0.15,975.48,Card,2/7/2026,1.6,4,West
1500,11500,116,16,4,444.45,0.1,1600.02,COD,2/8/2026,3.0,9,East
1501,11501,796,15,5,378.21,0.32,1285.91,COD,2/9/2026,2.8,8,East
1502,11502,898,11,4,582.01,0.06,2188.36,Wallet,2/10/2026,4.7,3,West
1503,11503,157,16,7,130.41,0.24,693.78,Card,2/11/2026,5.0,10,East
1504,11504,804,5,3,571.39,0.32,1165.64,Wallet,2/12/2026,3.6,6,North
1505,11505,225,8,3,329.93,0.19,801.73,Wallet,2/13/2026,4.4,9,South
1506,11506,866,13,5,408.09,0.31,1407.91,COD,2/14/2026,3.6,10,West
1507,11507,213,8,7,73.19,0.04,491.84,COD,2/15/2026,4.5,8,West
1508,11508,937,6,2,237.64,0.17,394.48,COD,2/16/2026,2.7,10,North
1509,11509,688,10,5,465.09,0.16,1953.38,Card,2/17/2026,3.4,5,South
1510,11510,15,13,6,428.54,0.0,2571.24,Card,2/18/2026,4.4,9,North
1511,11511,155,9,4,38.48,0.16,129.29,Wallet,2/19/2026,4.7,9,South
1512,11512,642,13,2,334.76,0.13,582.48,COD,2/20/2026,1.1,3,North
1513,11513,258,11,4,66.64,0.23,205.25,Card,2/21/2026,1.4,8,East
1514,11514,155,7,5,597.58,0.33,2001.89,COD,2/22/2026,4.7,4,North
1515,11515,47,16,2,539.92,0.03,1047.44,Card,2/23/2026,3.3,10,West
1516,11516,320,11,5,27.33,0.11,121.62,Card,2/24/2026,5.0,7,West
1517,11517,833,12,6,517.31,0.16,2607.24,COD,2/25/2026,4.2,10,West
1518,11518,678,12,1,552.87,0.16,464.41,Card,2/26/2026,4.3,8,North
1519,11519,128,8,3,221.83,0.27,485.81,Card,2/27/2026,2.5,7,West
1520,11520,407,13,7,435.91,0.16,2563.15,COD,2/28/2026,2.0,5,West
1521,11521,93,10,2,273.63,0.01,541.79,COD,3/1/2026,3.4,11,East
1522,11522,621,15,3,398.31,0.25,896.2,Card,3/2/2026,4.5,1,East
1523,11523,747,12,1,214.09,0.31,147.72,Card,3/3/2026,3.9,8,South
1524,11524,921,6,2,203.7,0.18,334.07,Card,3/4/2026,2.9,5,South
1525,11525,289,4,3,263.29,0.2,631.9,Card,3/5/2026,4.0,3,South
1526,11526,784,9,3,100.16,0.06,282.45,Card,3/6/2026,3.8,2,North
1527,11527,800,8,2,501.22,0.08,922.24,Card,3/7/2026,4.7,3,South
1528,11528,280,11,3,218.99,0.08,604.41,Card,3/8/2026,2.1,9,North
1529,11529,68,10,3,249.09,0.15,635.18,Wallet,3/9/2026,1.5,2,North
1530,11530,654,9,2,538.02,0.32,731.71,Card,3/10/2026,2.9,10,South
1531,11531,11,12,7,305.52,0.18,1753.68,Card,3/11/2026,2.4,1,South
1532,11532,251,7,3,333.39,0.07,930.16,Card,3/12/2026,4.9,2,North
1533,11533,831,7,3,574.55,0.09,1568.52,Card,3/13/2026,1.0,2,East
1534,11534,861,5,7,533.73,0.13,3250.42,COD,3/14/2026,4.7,11,West
1535,11535,545,11,4,114.14,0.22,356.12,Card,3/15/2026,4.8,5,West
1536,11536,132,11,6,291.83,0.15,1488.33,Card,3/16/2026,1.2,1,West
1537,11537,704,15,4,583.21,0.14,2006.24,Card,3/17/2026,4.6,10,East
1538,11538,23,3,1,232.83,0.2,186.26,COD,3/18/2026,2.9,8,North
1539,11539,804,12,4,232.37,0.08,855.12,Card,3/19/2026,4.1,2,South
1540,11540,342,1,4,129.09,0.03,500.87,COD,3/20/2026,1.3,6,North
1541,11541,298,6,1,81.88,0.01,81.06,Card,3/21/2026,4.8,5,North
1542,11542,359,6,3,448.08,0.09,1223.26,Card,3/22/2026,3.4,2,South
1543,11543,392,7,3,465.47,0.03,1354.52,COD,3/23/2026,4.6,10,East
1544,11544,215,12,4,581.87,0.12,2048.18,COD,3/24/2026,3.7,1,West
1545,11545,139,11,1,467.45,0.27,341.24,COD,3/25/2026,3.1,6,West
1546,11546,610,7,3,157.36,0.25,354.06,Card,3/26/2026,1.7,6,North
1547,11547,947,12,5,38.47,0.21,151.96,COD,3/27/2026,1.7,3,East
1548,11548,207,1,2,591.48,0.3,828.07,Card,3/28/2026,2.9,8,West
1549,11549,974,6,2,214.16,0.1,385.49,COD,3/29/2026,4.5,9,East
1550,11550,982,12,6,197.5,0.31,817.65,COD,3/30/2026,1.5,3,South
1551,11551,617,14,2,544.98,0.14,937.37,Card,3/31/2026,5.0,9,North
1552,11552,610,12,4,357.28,0.14,1229.04,COD,4/1/2026,4.5,8,North
1553,11553,817,8,2,140.7,0.14,242.0,COD,4/2/2026,2.6,5,East
1554,11554,676,15,2,535.12,0.03,1038.13,Card,4/3/2026,2.0,6,West
1555,11555,455,1,5,596.12,0.34,1967.2,Wallet,4/4/2026,4.7,1,East
1556,11556,352,14,3,65.71,0.05,187.27,Wallet,4/5/2026,1.5,5,South
1557,11557,320,13,5,519.42,0.12,2285.45,Card,4/6/2026,2.4,10,West
1558,11558,131,15,4,243.45,0.11,866.68,Wallet,4/7/2026,1.3,10,West
1559,11559,877,4,2,321.58,0.03,623.87,Card,4/8/2026,4.8,7,East
1560,11560,795,10,7,550.17,0.05,3658.63,COD,4/9/2026,3.5,1,South
1561,11561,829,9,3,584.43,0.02,1718.22,Wallet,4/10/2026,2.3,10,West
1562,11562,125,10,6,168.37,0.1,909.2,COD,4/11/2026,2.1,9,North
1563,11563,104,10,6,139.52,0.3,585.98,Card,4/12/2026,2.8,7,South
1564,11564,598,14,2,62.1,0.12,109.3,Wallet,4/13/2026,1.4,4,West
1565,11565,789,5,2,343.65,0.04,659.81,Card,4/14/2026,4.6,11,East
1566,11566,374,6,6,22.96,0.23,106.08,Card,4/15/2026,3.0,4,West
1567,11567,894,9,6,255.96,0.35,998.24,Card,4/16/2026,3.9,11,North
1568,11568,51,16,7,57.93,0.08,373.07,Wallet,4/17/2026,1.9,10,South
1569,11569,29,9,4,252.06,0.1,907.42,Wallet,4/18/2026,3.0,7,West
1570,11570,457,15,2,38.36,0.34,50.64,Card,4/19/2026,1.8,6,North
1571,11571,293,6,6,503.6,0.06,2840.3,Wallet,4/20/2026,4.3,3,West
1572,11572,294,11,7,137.7,0.18,790.4,Card,4/21/2026,4.1,9,West
1573,11573,718,11,1,207.06,0.08,190.5,Wallet,4/22/2026,1.6,6,South
1574,11574,769,12,6,523.98,0.33,2106.4,COD,4/23/2026,1.3,11,East
1575,11575,403,16,3,451.57,0.34,894.11,Card,4/24/2026,4.3,2,East
1576,11576,759,1,3,143.14,0.29,304.89,Card,4/25/2026,1.4,10,North
1577,11577,803,5,1,57.06,0.11,50.78,Card,4/26/2026,3.2,2,North
1578,11578,607,10,4,433.67,0.14,1491.82,Card,4/27/2026,3.1,1,North
1579,11579,401,7,2,243.56,0.08,448.15,COD,4/28/2026,1.8,11,South
1580,11580,342,16,2,463.16,0.31,639.16,Card,4/29/2026,3.4,5,East
1581,11581,616,16,6,275.5,0.32,1124.04,Wallet,4/30/2026,3.0,10,North
1582,11582,416,10,3,217.41,0.15,554.4,COD,5/1/2026,3.0,6,North
1583,11583,180,12,4,278.96,0.23,859.2,COD,5/2/2026,2.4,3,West
1584,11584,972,15,4,452.91,0.06,1702.94,Card,5/3/2026,4.4,4,West
1585,11585,814,7,4,542.8,0.15,1845.52,Wallet,5/4/2026,1.3,5,North
1586,11586,1,10,6,44.11,0.22,206.43,COD,5/5/2026,2.8,4,West
1587,11587,820,11,2,321.61,0.13,559.6,Wallet,5/6/2026,2.0,9,West
1588,11588,939,5,4,34.21,0.13,119.05,Wallet,5/7/2026,4.4,3,West
1589,11589,562,3,6,289.02,0.0,1734.12,Card,5/8/2026,1.9,5,South
1590,11590,367,1,6,532.89,0.28,2302.08,Card,5/9/2026,4.1,7,North
1591,11591,925,8,1,226.53,0.31,156.31,Wallet,5/10/2026,3.4,7,North
1592,11592,900,5,5,560.48,0.34,1849.58,Wallet,5/11/2026,4.5,6,West
1593,11593,655,10,4,383.91,0.25,1151.73,COD,5/12/2026,3.4,9,South
1594,11594,427,6,5,561.48,0.19,2273.99,Card,5/13/2026,3.2,7,West
1595,11595,958,6,2,457.94,0.09,833.45,COD,5/14/2026,4.2,11,South
1596,11596,305,6,6,75.51,0.35,294.49,Card,5/15/2026,3.2,4,North
1597,11597,135,6,7,150.22,0.21,830.72,Card,5/16/2026,4.4,11,West
1598,11598,199,11,4,245.59,0.24,746.59,COD,5/17/2026,1.2,10,North
1599,11599,431,12,7,114.51,0.24,609.19,Card,5/18/2026,3.0,9,South
1600,11600,309,9,3,304.52,0.3,639.49,COD,5/19/2026,4.3,6,East
1601,11601,115,9,2,290.75,0.0,581.5,Wallet,5/20/2026,4.4,1,South
1602,11602,660,12,1,574.41,0.08,528.46,Wallet,5/21/2026,4.3,9,East
1603,11603,926,2,1,268.73,0.23,206.92,Wallet,5/22/2026,3.4,11,North
1604,11604,793,6,5,474.59,0.31,1637.34,Wallet,5/23/2026,5.0,7,North
1605,11605,570,5,6,566.02,0.24,2581.05,Card,5/24/2026,1.7,6,West
1606,11606,241,2,5,528.04,0.14,2270.57,Wallet,5/25/2026,1.7,6,East
1607,11607,532,3,3,137.07,0.13,357.75,Wallet,5/26/2026,1.1,4,South
1608,11608,596,7,3,305.18,0.26,677.5,Wallet,5/27/2026,5.0,4,North
1609,11609,73,15,1,218.43,0.26,161.64,COD,5/28/2026,2.4,11,East
1610,11610,796,12,7,248.92,0.21,1376.53,Card,5/29/2026,4.0,3,South
1611,11611,382,12,4,226.07,0.1,813.85,Card,5/30/2026,1.2,8,East
1612,11612,892,7,1,498.42,0.32,338.93,Card,5/31/2026,2.2,8,South
1613,11613,207,16,1,279.5,0.19,226.4,Wallet,6/1/2026,3.5,2,South
1614,11614,470,15,7,321.36,0.28,1619.65,COD,6/2/2026,3.1,5,South
1615,11615,414,10,7,589.73,0.08,3797.86,Wallet,6/3/2026,1.8,9,South
1616,11616,343,12,3,50.09,0.12,132.24,COD,6/4/2026,2.8,9,East
1617,11617,524,7,7,300.46,0.31,1451.22,COD,6/5/2026,1.4,7,East
1618,11618,634,12,5,467.83,0.02,2292.37,Card,6/6/2026,3.2,4,West
1619,11619,928,5,3,103.43,0.18,254.44,Card,6/7/2026,1.4,4,East
1620,11620,944,13,7,372.75,0.17,2165.68,Card,6/8/2026,3.5,10,East
1621,11621,865,15,6,155.09,0.26,688.6,COD,6/9/2026,1.6,11,West
1622,11622,754,15,3,522.43,0.1,1410.56,Card,6/10/2026,3.2,7,East
1623,11623,177,3,3,206.35,0.08,569.53,COD,6/11/2026,1.5,3,South
1624,11624,180,5,1,207.5,0.32,141.1,Card,6/12/2026,2.6,3,North
1625,11625,658,16,4,364.94,0.2,1167.81,Wallet,6/13/2026,2.4,5,North
1626,11626,25,5,1,122.38,0.04,117.48,Card,6/14/2026,4.0,11,West
1627,11627,956,11,2,181.66,0.07,337.89,COD,6/15/2026,3.6,6,East
1628,11628,178,11,3,258.73,0.35,504.52,Card,6/16/2026,4.7,8,East
1629,11629,702,11,7,221.88,0.07,1444.44,COD,6/17/2026,4.7,1,West
1630,11630,496,7,7,322.05,0.21,1780.94,Card,6/18/2026,3.9,7,North
1631,11631,845,7,7,365.79,0.15,2176.45,COD,6/19/2026,4.1,8,South
1632,11632,159,15,3,346.5,0.31,717.26,Wallet,6/20/2026,3.5,5,East
1633,11633,175,10,7,397.69,0.26,2060.03,Card,6/21/2026,3.8,10,West
1634,11634,282,10,2,195.03,0.21,308.15,Card,6/22/2026,3.5,2,South
1635,11635,62,2,3,88.96,0.0,266.88,COD,6/23/2026,2.2,4,West
1636,11636,656,9,7,460.07,0.31,2222.14,COD,6/24/2026,2.4,6,West
1637,11637,660,8,3,512.71,0.16,1292.03,Card,6/25/2026,3.3,9,West
1638,11638,154,7,6,165.35,0.33,664.71,COD,6/26/2026,3.9,2,North
1639,11639,871,6,3,253.15,0.17,630.34,Card,6/27/2026,2.6,4,North
1640,11640,464,9,2,306.66,0.24,466.12,Card,6/28/2026,1.6,10,West
1641,11641,49,12,1,327.0,0.02,320.46,Card,6/29/2026,2.8,5,East
1642,11642,956,11,3,400.8,0.26,889.78,Wallet,6/30/2026,4.9,8,South
1643,11643,838,7,4,39.34,0.12,138.48,COD,7/1/2026,1.9,8,East
1644,11644,82,8,2,437.06,0.12,769.23,COD,7/2/2026,3.6,2,North
1645,11645,357,12,5,51.25,0.04,246.0,Wallet,7/3/2026,4.9,6,South
1646,11646,682,8,6,288.95,0.05,1647.01,Card,7/4/2026,2.5,6,West
1647,11647,146,13,2,499.19,0.07,928.49,COD,7/5/2026,4.6,5,East
1648,11648,624,10,1,278.96,0.11,248.27,Wallet,7/6/2026,4.5,8,East
1649,11649,338,7,7,102.22,0.31,493.72,Card,7/7/2026,2.4,10,West
1650,11650,471,14,7,591.24,0.13,3600.65,Card,7/8/2026,1.4,2,East
1651,11651,62,12,2,535.23,0.25,802.84,Wallet,7/9/2026,1.7,2,North
1652,11652,693,11,5,466.22,0.03,2261.17,Wallet,7/10/2026,2.5,7,West
1653,11653,356,7,7,255.73,0.21,1414.19,Card,7/11/2026,4.8,9,East
1654,11654,556,2,6,122.55,0.17,610.3,Card,7/12/2026,2.1,3,West
1655,11655,323,14,4,565.73,0.34,1493.53,Card,7/13/2026,4.7,7,South
1656,11656,759,7,5,326.43,0.3,1142.5,Card,7/14/2026,1.7,3,West
1657,11657,728,13,2,513.63,0.16,862.9,Card,7/15/2026,4.9,6,East
1658,11658,139,8,5,215.13,0.27,785.22,COD,7/16/2026,2.2,3,North
1659,11659,979,6,7,211.14,0.07,1374.52,Wallet,7/17/2026,3.5,1,West
1660,11660,212,7,7,591.54,0.2,3312.62,Card,7/18/2026,1.3,6,West
1661,11661,430,10,2,320.27,0.03,621.32,Wallet,7/19/2026,2.2,11,East
1662,11662,880,15,7,97.31,0.12,599.43,Card,7/20/2026,1.8,3,North
1663,11663,941,5,7,143.51,0.08,924.2,Card,7/21/2026,1.0,1,North
1664,11664,715,6,4,296.94,0.25,890.82,COD,7/22/2026,1.6,5,South
1665,11665,314,3,4,39.85,0.17,132.3,Card,7/23/2026,3.4,8,South
1666,11666,32,10,1,285.58,0.26,211.33,Card,7/24/2026,2.6,8,East
1667,11667,664,11,4,260.08,0.18,853.06,Wallet,7/25/2026,3.9,8,North
1668,11668,282,12,3,470.91,0.03,1370.35,Card,7/26/2026,3.7,3,North
1669,11669,301,15,5,222.64,0.26,823.77,COD,7/27/2026,4.2,8,South
1670,11670,425,15,5,589.79,0.29,2093.75,Card,7/28/2026,4.5,4,South
1671,11671,472,11,2,120.75,0.32,164.22,Card,7/29/2026,4.3,8,East
1672,11672,283,15,4,360.73,0.2,1154.34,COD,7/30/2026,2.8,3,North
1673,11673,142,8,1,67.47,0.26,49.93,Wallet,7/31/2026,2.2,3,West
1674,11674,420,13,7,444.31,0.26,2301.53,Card,8/1/2026,3.0,1,South
1675,11675,19,8,1,596.93,0.05,567.08,COD,8/2/2026,3.1,8,East
1676,11676,18,5,1,494.2,0.06,464.55,Wallet,8/3/2026,2.3,8,North
1677,11677,759,1,6,340.09,0.02,1999.73,COD,8/4/2026,3.2,9,North
1678,11678,585,12,7,298.57,0.11,1860.09,Card,8/5/2026,1.4,6,South
1679,11679,367,10,3,503.49,0.17,1253.69,COD,8/6/2026,1.9,2,East
1680,11680,173,5,4,562.54,0.35,1462.6,COD,8/7/2026,4.0,1,West
1681,11681,192,4,7,593.69,0.15,3532.46,COD,8/8/2026,1.7,8,South
1682,11682,497,7,1,246.98,0.25,185.24,COD,8/9/2026,1.6,10,East
1683,11683,977,12,7,594.69,0.24,3163.75,Card,8/10/2026,2.1,4,North
1684,11684,111,9,3,106.22,0.07,296.35,COD,8/11/2026,2.5,11,West
1685,11685,112,6,5,163.33,0.02,800.32,COD,8/12/2026,2.3,11,East
1686,11686,219,10,2,67.07,0.19,108.65,COD,8/13/2026,2.5,7,West
1687,11687,671,14,4,173.97,0.25,521.91,Wallet,8/14/2026,1.6,10,East
1688,11688,936,3,4,464.24,0.35,1207.02,Wallet,8/15/2026,1.7,4,East
1689,11689,820,8,6,513.96,0.13,2682.87,COD,8/16/2026,1.9,1,East
1690,11690,638,8,5,470.65,0.31,1623.74,COD,8/17/2026,2.6,8,East
1691,11691,886,6,4,384.17,0.13,1336.91,COD,8/18/2026,2.3,10,West
1692,11692,261,11,6,315.67,0.24,1439.46,COD,8/19/2026,4.2,9,South
1693,11693,914,2,6,429.59,0.21,2036.26,Wallet,8/20/2026,3.1,10,West
1694,11694,54,5,6,243.64,0.02,1432.6,COD,8/21/2026,3.3,9,East
1695,11695,860,8,4,507.17,0.03,1967.82,Card,8/22/2026,3.2,9,West
1696,11696,637,15,4,411.16,0.01,1628.19,COD,8/23/2026,2.6,11,West
1697,11697,790,6,4,423.22,0.13,1472.81,COD,8/24/2026,4.9,11,West
1698,11698,768,7,3,328.52,0.26,729.31,COD,8/25/2026,1.1,4,East
1699,11699,453,9,6,532.86,0.06,3005.33,COD,8/26/2026,1.9,9,West
1700,11700,968,13,3,162.43,0.21,384.96,Card,8/27/2026,2.1,11,North
1701,11701,867,4,2,237.97,0.1,428.35,Card,8/28/2026,4.5,4,East
1702,11702,160,7,4,469.92,0.28,1353.37,Card,8/29/2026,4.7,2,West
1703,11703,376,2,7,303.26,0.28,1528.43,Card,8/30/2026,4.4,10,North
1704,11704,982,10,5,535.19,0.27,1953.44,Card,8/31/2026,2.7,3,West
1705,11705,85,6,1,217.64,0.18,178.46,Wallet,9/1/2026,4.7,2,South
1706,11706,54,8,2,231.06,0.1,415.91,Card,9/2/2026,1.4,1,West
1707,11707,471,5,7,534.91,0.28,2695.95,Wallet,9/3/2026,3.6,11,West
1708,11708,790,6,1,286.66,0.07,266.59,Card,9/4/2026,4.7,6,South
1709,11709,176,12,1,316.93,0.1,285.24,Card,9/5/2026,4.0,4,East
1710,11710,387,12,4,209.67,0.06,788.36,COD,9/6/2026,2.1,7,South
1711,11711,345,8,5,176.85,0.24,672.03,Card,9/7/2026,3.9,7,East
1712,11712,8,12,1,398.73,0.24,303.03,Wallet,9/8/2026,2.2,10,South
1713,11713,822,16,6,85.11,0.23,393.21,Card,9/9/2026,1.4,1,West
1714,11714,309,12,7,529.37,0.15,3149.75,Card,9/10/2026,3.9,9,West
1715,11715,750,9,1,470.83,0.04,452.0,Wallet,9/11/2026,1.7,8,East
1716,11716,824,5,2,126.59,0.32,172.16,Card,9/12/2026,1.4,10,East
1717,11717,973,6,5,421.0,0.18,1726.1,Card,9/13/2026,3.2,1,North
1718,11718,972,3,5,367.54,0.14,1580.42,Card,9/14/2026,3.5,8,North
1719,11719,438,5,1,122.95,0.21,97.13,COD,9/15/2026,1.2,5,West
1720,11720,757,11,5,174.82,0.07,812.91,Card,9/16/2026,1.0,1,West
1721,11721,324,14,2,254.26,0.05,483.09,COD,9/17/2026,4.5,4,North
1722,11722,53,5,7,424.06,0.14,2552.84,Wallet,9/18/2026,1.5,7,North
1723,11723,752,9,2,388.65,0.08,715.12,Wallet,9/19/2026,3.3,5,East
1724,11724,236,6,2,326.36,0.09,593.98,Card,9/20/2026,4.8,11,South
1725,11725,226,2,6,464.52,0.31,1923.11,Card,9/21/2026,3.0,3,East
1726,11726,574,7,4,458.39,0.19,1485.18,Card,9/22/2026,1.6,11,North
1727,11727,51,11,1,376.45,0.17,312.45,COD,9/23/2026,2.6,4,West
1728,11728,603,10,7,475.39,0.24,2529.07,Card,9/24/2026,3.5,2,North
1729,11729,598,9,5,210.54,0.33,705.31,Wallet,9/25/2026,4.1,8,West
1730,11730,261,8,2,530.53,0.04,1018.62,COD,9/26/2026,3.4,2,West
1731,11731,414,7,1,374.72,0.29,266.05,Card,9/27/2026,1.1,11,West
1732,11732,793,10,7,496.08,0.2,2778.05,COD,9/28/2026,1.6,6,West
1733,11733,94,1,7,334.57,0.05,2224.89,Card,9/29/2026,2.5,7,South
1734,11734,86,13,1,142.79,0.1,128.51,Card,9/30/2026,3.8,7,North
1735,11735,76,7,4,332.31,0.17,1103.27,Card,10/1/2026,3.3,1,East
1736,11736,285,15,6,232.1,0.24,1058.38,Card,10/2/2026,1.2,8,West
1737,11737,118,12,5,423.04,0.08,1945.98,COD,10/3/2026,4.2,9,West
1738,11738,803,7,6,293.34,0.19,1425.63,COD,10/4/2026,3.4,7,East
1739,11739,486,8,7,504.13,0.24,2681.97,Card,10/5/2026,4.5,8,East
1740,11740,901,14,5,411.67,0.16,1729.01,Wallet,10/6/2026,2.7,4,West
1741,11741,447,15,7,415.46,0.3,2035.75,Card,10/7/2026,3.0,8,East
1742,11742,495,12,2,142.04,0.3,198.86,Card,10/8/2026,2.6,3,East
1743,11743,163,3,2,590.79,0.16,992.53,Card,10/9/2026,3.9,1,South
1744,11744,180,10,1,507.38,0.34,334.87,COD,10/10/2026,4.0,8,East
1745,11745,464,2,5,476.57,0.03,2311.36,Wallet,10/11/2026,3.9,11,North
1746,11746,899,4,5,208.18,0.0,1040.9,COD,10/12/2026,2.2,6,North
1747,11747,727,9,7,328.34,0.13,1999.59,Wallet,10/13/2026,3.5,9,North
1748,11748,812,14,6,95.21,0.21,451.3,Card,10/14/2026,2.4,3,West
1749,11749,933,10,2,330.01,0.22,514.82,Card,10/15/2026,4.3,8,North
1750,11750,967,6,3,100.35,0.17,249.87,COD,10/16/2026,1.2,9,South
1751,11751,7,6,1,338.53,0.04,324.99,COD,10/17/2026,1.2,9,North
1752,11752,326,5,5,394.5,0.06,1854.15,Card,10/18/2026,1.4,7,West
1753,11753,765,2,4,243.26,0.3,681.13,Wallet,10/19/2026,1.8,11,South
1754,11754,666,13,4,306.65,0.3,858.62,Card,10/20/2026,1.2,10,North
1755,11755,149,7,3,527.26,0.24,1202.15,Card,10/21/2026,1.3,3,South
1756,11756,83,13,2,78.51,0.23,120.91,COD,10/22/2026,2.2,3,South
1757,11757,145,4,2,478.16,0.21,755.49,COD,10/23/2026,1.4,2,West
1758,11758,618,11,2,114.89,0.07,213.7,Card,10/24/2026,4.2,1,West
1759,11759,377,1,6,36.47,0.15,186.0,Card,10/25/2026,1.2,2,South
1760,11760,904,9,7,123.56,0.24,657.34,COD,10/26/2026,4.6,5,North
1761,11761,543,13,4,462.55,0.19,1498.66,COD,10/27/2026,4.5,1,West
1762,11762,282,9,2,252.0,0.01,498.96,COD,10/28/2026,1.8,10,South
1763,11763,692,9,4,525.42,0.33,1408.13,COD,10/29/2026,1.3,4,East
1764,11764,80,5,3,321.95,0.3,676.09,Card,10/30/2026,1.4,11,East
1765,11765,509,8,1,28.02,0.09,25.5,Wallet,10/31/2026,3.2,10,West
1766,11766,886,8,7,434.28,0.22,2371.17,Wallet,11/1/2026,3.4,10,North
1767,11767,804,12,6,79.49,0.32,324.32,Card,11/2/2026,2.3,1,East
1768,11768,701,5,5,476.79,0.03,2312.43,Card,11/3/2026,2.2,10,East
1769,11769,905,3,3,113.34,0.18,278.82,Card,11/4/2026,3.1,8,East
1770,11770,518,8,7,217.09,0.16,1276.49,COD,11/5/2026,2.2,5,North
1771,11771,738,10,4,460.34,0.14,1583.57,Wallet,11/6/2026,4.7,10,North
1772,11772,382,6,3,573.23,0.29,1220.98,COD,11/7/2026,2.5,4,West
1773,11773,699,9,5,232.29,0.13,1010.46,Wallet,11/8/2026,1.9,3,West
1774,11774,466,15,7,500.2,0.02,3431.37,Card,11/9/2026,1.6,9,East
1775,11775,117,16,6,126.61,0.02,744.47,COD,11/10/2026,3.5,6,North
1776,11776,392,5,1,487.2,0.01,482.33,Card,11/11/2026,2.3,1,South
1777,11777,527,7,5,399.63,0.14,1718.41,Card,11/12/2026,1.8,8,East
1778,11778,258,14,7,127.75,0.25,670.69,COD,11/13/2026,2.1,10,West
1779,11779,795,8,6,191.96,0.07,1071.14,Card,11/14/2026,2.2,2,North
1780,11780,923,13,4,92.09,0.23,283.64,COD,11/15/2026,3.5,9,West
1781,11781,253,5,5,239.04,0.24,908.35,COD,11/16/2026,1.7,11,West
1782,11782,726,15,3,134.13,0.09,366.17,Wallet,11/17/2026,3.9,7,North
1783,11783,894,5,2,391.74,0.21,618.95,Card,11/18/2026,2.2,3,East
1784,11784,223,5,3,596.79,0.24,1360.68,COD,11/19/2026,3.0,4,North
1785,11785,52,4,4,22.03,0.16,74.02,Wallet,11/20/2026,3.6,3,East
1786,11786,929,6,7,331.44,0.12,2041.67,Wallet,11/21/2026,3.2,6,West
1787,11787,856,6,1,350.59,0.22,273.46,COD,11/22/2026,3.6,9,North
1788,11788,495,11,5,549.81,0.34,1814.37,COD,11/23/2026,2.3,10,South
1789,11789,501,6,7,311.01,0.15,1850.51,Card,11/24/2026,4.9,9,East
1790,11790,843,7,1,333.07,0.14,286.44,COD,11/25/2026,2.8,1,South
1791,11791,360,12,4,290.92,0.16,977.49,COD,11/26/2026,2.3,10,East
1792,11792,277,11,5,172.31,0.03,835.7,COD,11/27/2026,2.2,6,North
1793,11793,588,6,6,47.78,0.19,232.21,COD,11/28/2026,1.2,1,South
1794,11794,706,13,6,254.06,0.12,1341.44,Card,11/29/2026,3.7,11,North
1795,11795,156,8,7,45.77,0.04,307.57,Card,11/30/2026,2.1,4,East
1796,11796,626,10,3,337.04,0.16,849.34,COD,12/1/2026,4.8,7,East
1797,11797,58,16,7,194.77,0.0,1363.39,Card,12/2/2026,1.8,4,East
1798,11798,719,11,3,327.16,0.14,844.07,Card,12/3/2026,3.1,9,East
1799,11799,126,6,4,93.56,0.04,359.27,Card,12/4/2026,3.9,10,West
1800,11800,728,9,6,560.59,0.01,3329.9,Card,12/5/2026,4.5,5,East
1801,11801,713,9,5,538.29,0.29,1910.93,Wallet,12/6/2026,1.6,9,South
1802,11802,871,9,6,126.15,0.32,514.69,COD,12/7/2026,4.9,1,East
1803,11803,113,5,3,215.91,0.07,602.39,Card,12/8/2026,4.6,4,North
1804,11804,206,12,7,373.89,0.19,2119.96,COD,12/9/2026,4.9,7,West
1805,11805,521,6,4,70.98,0.1,255.53,Card,12/10/2026,4.4,2,South
1806,11806,516,5,6,222.42,0.17,1107.65,COD,12/11/2026,4.5,9,West
1807,11807,547,5,4,161.9,0.15,550.46,Card,12/12/2026,3.4,3,West
1808,11808,951,5,6,550.58,0.09,3006.17,Wallet,12/13/2026,4.4,4,West
1809,11809,234,15,7,513.72,0.25,2697.03,Card,12/14/2026,3.1,4,North
1810,11810,278,10,1,354.2,0.04,340.03,COD,12/15/2026,3.2,8,West
1811,11811,355,8,7,319.4,0.02,2191.08,Wallet,12/16/2026,3.3,2,West
1812,11812,198,11,6,559.47,0.27,2450.48,Wallet,12/17/2026,5.0,5,East
1813,11813,749,11,3,560.47,0.23,1294.69,Card,12/18/2026,1.4,2,North
1814,11814,275,8,7,582.06,0.17,3381.77,COD,12/19/2026,4.2,6,South
1815,11815,232,5,5,88.35,0.16,371.07,Card,12/20/2026,2.1,9,South
1816,11816,489,1,3,108.93,0.17,271.24,COD,12/21/2026,2.4,9,South
1817,11817,4,6,3,410.89,0.15,1047.77,Card,12/22/2026,1.3,1,North
1818,11818,660,1,3,331.74,0.14,855.89,Wallet,12/23/2026,2.4,4,South
1819,11819,437,11,4,25.8,0.17,85.66,Card,12/24/2026,5.0,4,North
1820,11820,29,11,2,51.26,0.18,84.07,COD,12/25/2026,2.6,1,East
1821,11821,107,11,2,534.53,0.24,812.49,COD,12/26/2026,3.7,10,East
1822,11822,604,12,1,523.29,0.25,392.47,Wallet,12/27/2026,1.5,2,North
1823,11823,719,5,3,224.0,0.13,584.64,COD,12/28/2026,4.7,6,South
1824,11824,795,5,2,536.26,0.14,922.37,Card,12/29/2026,4.3,10,North
1825,11825,73,9,1,362.3,0.13,315.2,Card,12/30/2026,2.5,3,North
1826,11826,827,1,4,486.45,0.19,1576.1,Card,12/31/2026,2.4,9,West
1827,11827,144,14,3,265.05,0.16,667.93,COD,1/1/2027,2.7,3,North
1828,11828,126,10,5,81.34,0.31,280.62,COD,1/2/2027,2.6,3,West
1829,11829,842,11,4,268.73,0.24,816.94,COD,1/3/2027,2.0,9,East
1830,11830,42,11,1,282.52,0.31,194.94,Card,1/4/2027,5.0,3,West
1831,11831,352,12,4,337.3,0.25,1011.9,COD,1/5/2027,4.2,6,North
1832,11832,41,11,5,76.77,0.34,253.34,COD,1/6/2027,2.1,6,East
1833,11833,923,5,4,594.97,0.22,1856.31,Wallet,1/7/2027,4.9,1,West
1834,11834,34,11,1,157.82,0.34,104.16,COD,1/8/2027,1.1,7,North
1835,11835,17,7,5,131.15,0.06,616.4,Card,1/9/2027,2.8,9,East
1836,11836,670,2,5,323.18,0.02,1583.58,Card,1/10/2027,3.3,9,West
1837,11837,151,13,4,329.27,0.2,1053.66,Card,1/11/2027,1.2,9,North
1838,11838,987,4,5,272.3,0.34,898.59,COD,1/12/2027,1.6,2,North
1839,11839,374,12,7,466.56,0.15,2776.03,COD,1/13/2027,2.0,1,South
1840,11840,583,8,4,317.24,0.07,1180.13,Card,1/14/2027,3.9,6,South
1841,11841,594,7,3,371.67,0.18,914.31,Card,1/15/2027,4.8,6,West
1842,11842,623,12,5,438.39,0.23,1687.8,Card,1/16/2027,3.5,4,West
1843,11843,863,12,4,29.64,0.11,105.52,Wallet,1/17/2027,3.3,8,West
1844,11844,338,16,3,348.83,0.25,784.87,Card,1/18/2027,3.1,5,North
1845,11845,970,6,5,532.25,0.34,1756.42,Card,1/19/2027,2.4,7,West
1846,11846,27,5,3,25.17,0.31,52.1,Card,1/20/2027,4.3,9,North
1847,11847,814,6,6,252.03,0.1,1360.96,Card,1/21/2027,3.2,1,West
1848,11848,284,5,5,556.84,0.11,2477.94,COD,1/22/2027,1.9,9,North
1849,11849,640,10,6,221.6,0.13,1156.75,Wallet,1/23/2027,1.5,4,North
1850,11850,723,9,1,283.36,0.14,243.69,Card,1/24/2027,4.9,7,South
1851,11851,166,12,1,589.2,0.04,565.63,COD,1/25/2027,1.1,11,East
1852,11852,604,12,4,131.6,0.27,384.27,Card,1/26/2027,4.7,4,North
1853,11853,265,4,2,53.17,0.13,92.52,Wallet,1/27/2027,1.9,4,West
1854,11854,741,6,6,517.76,0.31,2143.53,Card,1/28/2027,3.6,4,South
1855,11855,810,16,6,523.05,0.32,2134.04,Card,1/29/2027,2.2,6,West
1856,11856,450,11,1,291.17,0.01,288.26,COD,1/30/2027,4.4,5,West
1857,11857,895,5,6,315.81,0.35,1231.66,Card,1/31/2027,3.2,2,North
1858,11858,678,10,2,503.95,0.25,755.92,Card,2/1/2027,1.6,9,North
1859,11859,397,12,3,447.06,0.18,1099.77,COD,2/2/2027,2.1,11,East
1860,11860,911,12,3,170.11,0.14,438.88,COD,2/3/2027,2.3,6,North
1861,11861,970,13,2,24.88,0.18,40.8,COD,2/4/2027,4.5,10,North
1862,11862,471,16,6,295.62,0.11,1578.61,COD,2/5/2027,4.1,6,East
1863,11863,694,8,6,517.46,0.22,2421.71,COD,2/6/2027,4.3,9,West
1864,11864,628,5,6,539.06,0.03,3137.33,COD,2/7/2027,1.2,1,East
1865,11865,553,1,7,574.39,0.22,3136.17,COD,2/8/2027,3.3,7,East
1866,11866,571,11,4,529.54,0.1,1906.34,COD,2/9/2027,5.0,3,East
1867,11867,128,11,5,354.33,0.01,1753.93,Card,2/10/2027,4.1,4,South
1868,11868,811,9,2,275.09,0.19,445.65,Card,2/11/2027,1.5,1,West
1869,11869,359,14,2,468.29,0.2,749.26,Card,2/12/2027,3.7,3,South
1870,11870,697,3,7,447.8,0.15,2664.41,Card,2/13/2027,4.0,7,South
1871,11871,808,9,2,329.81,0.03,639.83,COD,2/14/2027,3.1,6,North
1872,11872,686,4,2,66.09,0.31,91.2,Card,2/15/2027,1.3,1,East
1873,11873,289,14,7,556.76,0.21,3078.88,Card,2/16/2027,1.1,9,East
1874,11874,367,12,2,281.53,0.04,540.54,Card,2/17/2027,4.8,4,South
1875,11875,784,7,6,227.55,0.18,1119.55,Card,2/18/2027,2.0,7,North
1876,11876,29,8,7,383.3,0.17,2226.97,COD,2/19/2027,2.5,4,North
1877,11877,147,2,4,409.2,0.02,1604.06,COD,2/20/2027,4.2,7,North
1878,11878,769,9,1,138.25,0.21,109.22,COD,2/21/2027,3.8,5,West
1879,11879,293,13,6,504.61,0.28,2179.92,Card,2/22/2027,4.9,1,South
1880,11880,11,10,6,184.61,0.26,819.67,Wallet,2/23/2027,1.4,4,West
1881,11881,507,16,5,124.21,0.07,577.58,Wallet,2/24/2027,3.8,3,North
1882,11882,669,8,7,252.74,0.3,1238.43,COD,2/25/2027,1.3,6,North
1883,11883,111,6,1,442.38,0.12,389.29,Wallet,2/26/2027,1.0,6,North
1884,11884,185,13,2,579.79,0.33,776.92,COD,2/27/2027,1.5,1,East
1885,11885,797,16,1,488.43,0.03,473.78,Wallet,2/28/2027,3.5,11,South
1886,11886,736,3,4,565.1,0.17,1876.13,Wallet,3/1/2027,3.7,2,East
1887,11887,224,10,3,97.25,0.21,230.48,Wallet,3/2/2027,2.8,2,West
1888,11888,306,15,6,56.64,0.09,309.25,COD,3/3/2027,1.2,10,East
1889,11889,96,11,7,341.26,0.27,1743.84,COD,3/4/2027,3.5,4,South
1890,11890,54,5,7,184.82,0.22,1009.12,COD,3/5/2027,1.3,9,East
1891,11891,617,6,1,499.41,0.01,494.42,Card,3/6/2027,1.6,11,North
1892,11892,658,8,5,408.11,0.21,1612.03,Card,3/7/2027,3.1,2,West
1893,11893,749,8,4,582.88,0.17,1935.16,Wallet,3/8/2027,2.4,11,West
1894,11894,402,2,3,164.05,0.07,457.7,Card,3/9/2027,2.9,8,North
1895,11895,68,9,4,299.18,0.35,777.87,COD,3/10/2027,3.5,11,North
1896,11896,308,16,7,308.23,0.31,1488.75,Card,3/11/2027,1.6,1,North
1897,11897,286,8,2,154.92,0.1,278.86,Card,3/12/2027,4.6,8,South
1898,11898,753,12,3,360.2,0.19,875.29,Wallet,3/13/2027,3.2,3,East
1899,11899,543,9,7,274.32,0.11,1709.01,Wallet,3/14/2027,1.1,5,West
1900,11900,743,4,5,276.33,0.27,1008.6,COD,3/15/2027,3.5,1,East
1901,11901,146,4,3,227.2,0.33,456.67,Card,3/16/2027,2.9,1,North
1902,11902,462,3,7,24.9,0.13,151.64,COD,3/17/2027,3.8,6,North
1903,11903,731,1,5,320.43,0.28,1153.55,Card,3/18/2027,4.1,3,East
1904,11904,241,12,2,211.12,0.17,350.46,Card,3/19/2027,4.8,8,West
1905,11905,486,5,5,15.77,0.14,67.81,Card,3/20/2027,5.0,4,South
1906,11906,838,13,4,195.15,0.33,523.0,COD,3/21/2027,3.2,6,East
1907,11907,947,8,1,178.0,0.18,145.96,Card,3/22/2027,3.2,10,North
1908,11908,502,8,4,245.17,0.16,823.77,COD,3/23/2027,1.1,9,North
1909,11909,361,5,7,92.13,0.24,490.13,Card,3/24/2027,4.5,8,South
1910,11910,477,5,7,312.0,0.09,1987.44,Card,3/25/2027,1.1,4,East
1911,11911,198,5,6,420.08,0.11,2243.23,Card,3/26/2027,3.5,10,South
1912,11912,152,11,4,383.66,0.33,1028.21,Wallet,3/27/2027,1.4,8,South
1913,11913,445,6,3,485.2,0.24,1106.26,COD,3/28/2027,2.1,7,West
1914,11914,496,8,2,279.42,0.29,396.78,Card,3/29/2027,1.6,5,West
1915,11915,71,7,6,318.67,0.09,1739.94,COD,3/30/2027,1.5,7,North
1916,11916,705,11,6,489.09,0.19,2376.98,Wallet,3/31/2027,1.3,7,East
1917,11917,293,13,6,265.21,0.34,1050.23,COD,4/1/2027,2.3,10,West
1918,11918,17,10,7,425.44,0.11,2650.49,COD,4/2/2027,2.7,2,North
1919,11919,635,8,1,269.24,0.06,253.09,Card,4/3/2027,2.9,7,East
1920,11920,214,15,5,259.38,0.18,1063.46,COD,4/4/2027,2.8,3,North
1921,11921,60,8,3,459.72,0.14,1186.08,COD,4/5/2027,3.1,8,West
1922,11922,928,11,7,117.28,0.06,771.7,COD,4/6/2027,4.4,8,North
1923,11923,610,16,2,213.07,0.31,294.04,Wallet,4/7/2027,3.5,9,East
1924,11924,42,5,7,146.14,0.35,664.94,Card,4/8/2027,1.1,11,East
1925,11925,25,13,1,225.08,0.2,180.06,Card,4/9/2027,1.7,4,North
1926,11926,39,14,7,149.77,0.27,765.32,Wallet,4/10/2027,2.4,10,East
1927,11927,793,5,7,353.95,0.3,1734.36,COD,4/11/2027,4.8,3,North
1928,11928,129,7,4,481.93,0.25,1445.79,Card,4/12/2027,1.3,9,East
1929,11929,493,11,2,475.17,0.02,931.33,Card,4/13/2027,3.8,9,North
1930,11930,226,11,6,228.23,0.06,1287.22,Wallet,4/14/2027,1.1,2,North
1931,11931,106,7,2,593.42,0.02,1163.1,Card,4/15/2027,2.5,6,North
1932,11932,170,5,2,362.4,0.0,724.8,Card,4/16/2027,4.1,3,South
1933,11933,430,5,4,248.65,0.11,885.19,Card,4/17/2027,2.4,5,East
1934,11934,473,10,5,503.79,0.14,2166.3,Wallet,4/18/2027,2.7,2,West
1935,11935,100,12,7,441.98,0.08,2846.35,Wallet,4/19/2027,4.6,4,North
1936,11936,855,6,3,453.33,0.02,1332.79,COD,4/20/2027,1.3,11,South
1937,11937,519,12,6,129.74,0.19,630.54,COD,4/21/2027,3.1,3,West
1938,11938,272,13,5,288.97,0.1,1300.37,Card,4/22/2027,2.5,2,North
1939,11939,607,11,1,519.17,0.28,373.8,Card,4/23/2027,4.9,6,West
1940,11940,44,6,7,309.86,0.0,2169.02,Wallet,4/24/2027,4.2,11,South
1941,11941,944,2,6,414.82,0.29,1767.13,Card,4/25/2027,1.5,3,West
1942,11942,806,9,3,358.94,0.33,721.47,COD,4/26/2027,4.7,4,North
1943,11943,946,8,7,507.78,0.25,2665.84,COD,4/27/2027,1.8,6,West
1944,11944,17,10,1,181.47,0.26,134.29,Card,4/28/2027,1.3,5,West
1945,11945,326,8,4,351.65,0.33,942.42,COD,4/29/2027,3.2,4,North
1946,11946,564,6,5,87.09,0.07,404.97,COD,4/30/2027,3.9,4,South
1947,11947,812,7,7,418.77,0.35,1905.4,COD,5/1/2027,3.9,2,South
1948,11948,492,5,6,443.2,0.27,1941.22,Card,5/2/2027,3.1,10,West
1949,11949,804,4,2,40.06,0.25,60.09,Card,5/3/2027,3.0,4,East
1950,11950,12,9,3,410.34,0.13,1070.99,COD,5/4/2027,4.9,8,West
1951,11951,314,9,7,257.59,0.19,1460.54,Wallet,5/5/2027,4.3,5,East
1952,11952,587,4,6,87.6,0.23,404.71,Card,5/6/2027,3.8,11,West
1953,11953,213,8,2,260.65,0.22,406.61,Wallet,5/7/2027,1.8,10,South
1954,11954,335,2,6,128.63,0.25,578.84,COD,5/8/2027,4.3,10,West
1955,11955,766,8,7,258.1,0.03,1752.5,Wallet,5/9/2027,4.0,8,West
1956,11956,980,13,1,239.84,0.12,211.06,Card,5/10/2027,5.0,6,East
1957,11957,655,5,2,446.96,0.15,759.83,Card,5/11/2027,1.5,10,South
1958,11958,79,16,2,467.92,0.09,851.61,Card,5/12/2027,3.9,5,East
1959,11959,719,4,6,370.11,0.06,2087.42,Card,5/13/2027,4.9,4,West
1960,11960,480,6,4,28.27,0.05,107.43,Wallet,5/14/2027,2.9,10,North
1961,11961,370,10,7,559.65,0.13,3408.27,Card,5/15/2027,3.9,9,West
1962,11962,965,10,4,416.45,0.17,1382.61,COD,5/16/2027,4.9,10,West
1963,11963,702,9,5,35.0,0.02,171.5,Card,5/17/2027,3.2,5,East
1964,11964,197,12,1,494.02,0.33,330.99,COD,5/18/2027,3.8,10,North
1965,11965,532,11,4,132.16,0.27,385.91,Card,5/19/2027,1.1,11,North
1966,11966,461,8,6,353.84,0.26,1571.05,Card,5/20/2027,3.1,6,East
1967,11967,87,8,7,287.98,0.06,1894.91,Card,5/21/2027,2.0,7,South
1968,11968,265,6,4,260.61,0.21,823.53,COD,5/22/2027,1.5,11,North
1969,11969,649,7,5,535.48,0.19,2168.69,Card,5/23/2027,3.8,11,North
1970,11970,566,12,3,270.86,0.34,536.3,Card,5/24/2027,1.2,1,East
1971,11971,911,11,5,59.08,0.26,218.6,Card,5/25/2027,4.6,9,South
1972,11972,484,11,2,568.78,0.2,910.05,Wallet,5/26/2027,3.1,8,South
1973,11973,866,8,7,553.51,0.3,2712.2,COD,5/27/2027,3.6,11,West
1974,11974,533,10,2,415.39,0.05,789.24,COD,5/28/2027,2.0,5,West
1975,11975,47,10,4,288.72,0.01,1143.33,COD,5/29/2027,1.7,3,East
1976,11976,285,8,4,69.32,0.24,210.73,Card,5/30/2027,2.0,5,South
1977,11977,768,15,5,477.59,0.03,2316.31,COD,5/31/2027,1.9,5,East
1978,11978,16,11,5,59.15,0.04,283.92,Card,6/1/2027,4.5,9,West
1979,11979,703,6,6,55.13,0.26,244.78,Card,6/2/2027,4.1,7,East
1980,11980,397,14,1,329.37,0.09,299.73,COD,6/3/2027,4.4,2,East
1981,11981,908,14,6,108.68,0.22,508.62,COD,6/4/2027,3.9,5,North
1982,11982,784,3,2,19.52,0.32,26.55,Card,6/5/2027,3.6,9,North
1983,11983,970,11,6,262.52,0.11,1401.86,Card,6/6/2027,3.1,11,North
1984,11984,84,10,5,95.27,0.08,438.24,COD,6/7/2027,2.1,2,West
1985,11985,247,2,7,108.9,0.04,731.81,COD,6/8/2027,3.8,8,East
1986,11986,387,7,6,59.99,0.05,341.94,Card,6/9/2027,1.5,3,North
1987,11987,772,5,3,134.98,0.02,396.84,Card,6/10/2027,3.0,4,North
1988,11988,331,15,1,433.56,0.03,420.55,Wallet,6/11/2027,1.8,2,North
1989,11989,623,16,5,488.22,0.15,2074.94,COD,6/12/2027,3.0,9,West
1990,11990,514,4,7,279.73,0.11,1742.72,Wallet,6/13/2027,2.2,6,West
1991,11991,135,3,4,311.33,0.25,933.99,Card,6/14/2027,1.2,9,East
1992,11992,872,16,6,34.1,0.3,143.22,COD,6/15/2027,3.0,11,East
1993,11993,681,9,5,55.55,0.27,202.76,Card,6/16/2027,1.7,8,East
1994,11994,829,1,4,165.68,0.19,536.8,COD,6/17/2027,1.6,9,North
1995,11995,493,9,4,333.18,0.04,1279.41,Card,6/18/2027,2.5,5,South
1996,11996,816,12,2,447.64,0.25,671.46,Card,6/19/2027,2.4,6,West
1997,11997,719,2,2,368.93,0.13,641.94,Card,6/20/2027,4.5,7,North
1998,11998,472,9,7,244.39,0.03,1659.41,COD,6/21/2027,3.3,5,North
1999,11999,589,9,5,84.22,0.29,298.98,COD,6/22/2027,4.4,1,East
2000,12000,220,10,7,471.75,0.12,2905.98,COD,6/23/2027,1.6,9,East
2001,12001,979,3,5,227.81,0.08,1047.93,Wallet,6/24/2027,2.4,2,North
2002,12002,368,6,3,445.59,0.31,922.37,COD,6/25/2027,3.2,7,West
2003,12003,924,15,1,315.09,0.32,214.26,COD,6/26/2027,1.6,8,West
2004,12004,984,11,1,447.12,0.12,393.47,Wallet,6/27/2027,1.5,8,North
2005,12005,398,14,5,545.76,0.12,2401.34,COD,6/28/2027,3.6,1,South
2006,12006,438,13,2,553.8,0.2,886.08,Card,6/29/2027,3.6,10,South
2007,12007,485,11,6,328.04,0.26,1456.5,Wallet,6/30/2027,1.9,7,West
2008,12008,609,6,7,314.23,0.02,2155.62,Card,7/1/2027,1.9,9,East
2009,12009,270,9,3,170.42,0.21,403.9,COD,7/2/2027,4.0,11,South
2010,12010,521,3,1,562.44,0.33,376.83,Card,7/3/2027,1.5,11,South
2011,12011,157,8,5,282.88,0.09,1287.1,COD,7/4/2027,4.7,3,East
2012,12012,150,1,2,89.64,0.32,121.91,COD,7/5/2027,4.8,8,South
2013,12013,984,10,2,268.13,0.33,359.29,Card,7/6/2027,4.5,8,North
2014,12014,614,16,2,89.33,0.09,162.58,COD,7/7/2027,1.8,9,South
2015,12015,186,14,7,308.98,0.26,1600.52,COD,7/8/2027,1.1,8,East
2016,12016,802,15,6,343.35,0.08,1895.29,Card,7/9/2027,4.7,5,North
2017,12017,96,1,4,212.59,0.26,629.27,Card,7/10/2027,2.4,5,South
2018,12018,129,8,7,56.92,0.28,286.88,Card,7/11/2027,2.2,3,West
2019,12019,795,12,6,566.95,0.09,3095.55,Wallet,7/12/2027,2.0,6,North
2020,12020,169,16,2,467.41,0.25,701.12,COD,7/13/2027,2.0,10,North
2021,12021,925,15,5,505.75,0.28,1820.7,Wallet,7/14/2027,3.9,3,West
2022,12022,975,5,3,229.62,0.13,599.31,Card,7/15/2027,4.6,2,West
2023,12023,181,9,6,460.09,0.06,2594.91,Card,7/16/2027,4.1,7,South
2024,12024,972,7,5,298.94,0.03,1449.86,Card,7/17/2027,3.7,10,South
2025,12025,360,10,7,132.63,0.2,742.73,Card,7/18/2027,2.2,3,East
2026,12026,39,8,7,87.79,0.34,405.59,COD,7/19/2027,3.2,4,East
2027,12027,522,6,2,216.85,0.29,307.93,Wallet,7/20/2027,1.9,11,North
2028,12028,877,15,3,95.47,0.15,243.45,Card,7/21/2027,1.4,10,West
2029,12029,492,10,1,598.99,0.19,485.18,Wallet,7/22/2027,1.5,8,West
2030,12030,511,6,1,43.78,0.1,39.4,Card,7/23/2027,3.4,1,East
2031,12031,345,11,7,273.07,0.06,1796.8,Wallet,7/24/2027,1.2,9,North
2032,12032,971,12,5,279.47,0.17,1159.8,Card,7/25/2027,4.9,6,North
2033,12033,910,14,3,190.87,0.16,480.99,Wallet,7/26/2027,5.0,2,East
2034,12034,393,1,5,349.24,0.18,1431.88,Card,7/27/2027,1.6,3,East
2035,12035,714,6,3,102.74,0.33,206.51,Wallet,7/28/2027,2.7,5,East
2036,12036,159,14,3,473.59,0.21,1122.41,Card,7/29/2027,4.1,11,South
2037,12037,16,1,7,209.48,0.21,1158.42,Card,7/30/2027,4.8,6,North
2038,12038,488,16,5,360.94,0.04,1732.51,COD,7/31/2027,4.6,9,North
2039,12039,422,9,7,433.65,0.35,1973.11,Card,8/1/2027,2.0,2,North
2040,12040,106,4,3,535.09,0.27,1171.85,COD,8/2/2027,1.3,5,East
2041,12041,883,7,6,503.94,0.31,2086.31,Wallet,8/3/2027,2.2,7,East
2042,12042,445,11,2,370.86,0.15,630.46,COD,8/4/2027,2.7,11,East
2043,12043,307,10,3,242.21,0.18,595.84,COD,8/5/2027,2.4,11,East
2044,12044,731,6,6,309.37,0.18,1522.1,Card,8/6/2027,4.1,7,West
2045,12045,168,11,3,464.71,0.07,1296.54,COD,8/7/2027,2.0,4,East
2046,12046,541,9,6,528.36,0.24,2409.32,COD,8/8/2027,4.4,3,South
2047,12047,410,11,5,75.71,0.32,257.41,Wallet,8/9/2027,1.9,8,West
2048,12048,248,16,1,240.14,0.06,225.73,Card,8/10/2027,2.4,2,West
2049,12049,750,2,4,469.03,0.03,1819.84,COD,8/11/2027,2.8,5,East
2050,12050,771,9,3,267.52,0.26,593.89,Card,8/12/2027,2.2,10,North
2051,12051,139,2,4,209.35,0.1,753.66,Card,8/13/2027,4.1,5,East
2052,12052,271,3,3,255.62,0.22,598.15,Card,8/14/2027,2.6,1,North
2053,12053,412,13,5,367.66,0.24,1397.11,Card,8/15/2027,4.5,7,East
2054,12054,602,11,5,599.89,0.11,2669.51,Card,8/16/2027,4.9,4,East
2055,12055,731,16,6,303.4,0.29,1292.48,Card,8/17/2027,4.4,10,North
2056,12056,880,3,3,136.97,0.19,332.84,Wallet,8/18/2027,3.1,2,North
2057,12057,39,13,5,110.27,0.3,385.94,Card,8/19/2027,3.0,8,North
2058,12058,803,11,5,39.77,0.27,145.16,Wallet,8/20/2027,1.9,4,North
2059,12059,29,6,3,341.91,0.3,718.01,Card,8/21/2027,3.4,1,South
2060,12060,947,6,6,333.57,0.01,1981.41,Card,8/22/2027,4.8,8,North
2061,12061,472,5,6,135.06,0.09,737.43,COD,8/23/2027,1.3,11,East
2062,12062,314,10,6,421.77,0.03,2454.7,COD,8/24/2027,4.0,7,East
2063,12063,242,12,6,448.55,0.15,2287.6,COD,8/25/2027,4.5,3,South
2064,12064,740,16,1,166.57,0.31,114.93,COD,8/26/2027,4.9,3,North
2065,12065,689,1,3,216.3,0.16,545.08,Card,8/27/2027,2.3,7,East
2066,12066,269,11,7,594.43,0.3,2912.71,COD,8/28/2027,2.4,2,South
2067,12067,435,2,1,233.94,0.11,208.21,COD,8/29/2027,1.9,5,East
2068,12068,740,10,5,460.07,0.12,2024.31,Card,8/30/2027,4.2,7,South
2069,12069,236,15,1,279.84,0.31,193.09,Wallet,8/31/2027,1.6,6,South
2070,12070,373,15,7,479.11,0.15,2850.7,COD,9/1/2027,2.1,10,West
2071,12071,263,15,7,464.88,0.28,2343.0,Card,9/2/2027,2.2,7,West
2072,12072,915,3,7,405.64,0.08,2612.32,Wallet,9/3/2027,2.5,2,North
2073,12073,910,10,6,515.05,0.33,2070.5,Wallet,9/4/2027,2.7,7,West
2074,12074,355,4,5,564.44,0.2,2257.76,COD,9/5/2027,3.2,2,South
2075,12075,336,9,1,354.29,0.27,258.63,Card,9/6/2027,4.8,7,East
2076,12076,385,13,1,153.92,0.03,149.3,Wallet,9/7/2027,2.0,8,East
2077,12077,572,15,3,248.2,0.17,618.02,Card,9/8/2027,4.1,10,North
2078,12078,979,16,1,458.61,0.32,311.85,Card,9/9/2027,3.7,8,West
2079,12079,682,10,5,395.77,0.31,1365.41,Card,9/10/2027,1.5,5,North
2080,12080,3,2,6,119.01,0.02,699.78,COD,9/11/2027,4.2,7,South
2081,12081,425,9,3,44.98,0.11,120.1,Wallet,9/12/2027,1.4,11,West
2082,12082,140,11,1,414.53,0.16,348.21,COD,9/13/2027,4.0,8,North
2083,12083,372,16,3,161.88,0.06,456.5,Wallet,9/14/2027,3.9,4,East
2084,12084,664,5,4,307.31,0.26,909.64,Card,9/15/2027,3.8,2,East
2085,12085,320,16,3,451.85,0.06,1274.22,Card,9/16/2027,2.1,7,North
2086,12086,144,7,7,344.16,0.12,2120.03,COD,9/17/2027,3.3,1,North
2087,12087,947,11,6,63.73,0.23,294.43,Wallet,9/18/2027,4.0,2,North
2088,12088,290,13,7,123.56,0.17,717.88,COD,9/19/2027,3.6,10,South
2089,12089,659,7,4,143.31,0.26,424.2,Card,9/20/2027,4.2,7,South
2090,12090,428,12,7,165.85,0.34,766.23,Card,9/21/2027,3.8,10,East
2091,12091,697,16,4,345.76,0.04,1327.72,Card,9/22/2027,2.1,1,South
2092,12092,938,5,3,309.82,0.25,697.1,Card,9/23/2027,1.6,7,South
2093,12093,964,7,5,133.85,0.08,615.71,Card,9/24/2027,3.5,5,West
2094,12094,580,6,6,54.52,0.15,278.05,Wallet,9/25/2027,4.0,11,South
2095,12095,395,15,5,115.29,0.01,570.69,COD,9/26/2027,1.6,3,West
2096,12096,806,13,6,590.86,0.05,3367.9,COD,9/27/2027,1.7,11,South
2097,12097,878,13,6,289.1,0.11,1543.79,Card,9/28/2027,1.0,2,East
2098,12098,340,10,7,522.4,0.12,3217.98,Card,9/29/2027,3.1,7,North
2099,12099,953,13,7,511.52,0.31,2470.64,COD,9/30/2027,3.2,9,East
2100,12100,138,13,5,314.24,0.26,1162.69,Wallet,10/1/2027,3.0,9,South
2101,12101,185,14,2,428.41,0.34,565.5,COD,10/2/2027,2.3,10,North
2102,12102,795,6,4,127.76,0.21,403.72,Wallet,10/3/2027,2.7,10,North
2103,12103,60,4,7,417.71,0.08,2690.05,Wallet,10/4/2027,4.1,8,North
2104,12104,986,13,7,174.34,0.11,1086.14,Card,10/5/2027,1.7,2,West
2105,12105,928,10,7,501.76,0.11,3125.96,Card,10/6/2027,1.8,1,East
2106,12106,376,8,3,63.98,0.11,170.83,COD,10/7/2027,3.7,8,West
2107,12107,702,1,5,467.29,0.24,1775.7,Card,10/8/2027,4.5,2,North
2108,12108,797,10,5,73.46,0.19,297.51,Card,10/9/2027,2.4,4,East
2109,12109,435,1,7,530.5,0.13,3230.74,Card,10/10/2027,4.7,4,East
2110,12110,315,16,3,192.96,0.05,549.94,Card,10/11/2027,1.2,2,South
2111,12111,298,7,7,397.82,0.01,2756.89,Wallet,10/12/2027,1.5,4,West
2112,12112,340,9,4,300.19,0.08,1104.7,Card,10/13/2027,2.8,7,West
2113,12113,11,9,3,229.29,0.04,660.36,Card,10/14/2027,3.9,6,South
2114,12114,61,1,7,392.58,0.27,2006.08,COD,10/15/2027,2.5,10,West
2115,12115,834,9,6,569.3,0.04,3279.17,COD,10/16/2027,3.2,6,North
2116,12116,223,14,2,39.14,0.25,58.71,COD,10/17/2027,1.1,4,North
2117,12117,151,7,6,552.53,0.13,2884.21,Wallet,10/18/2027,2.8,2,West
2118,12118,703,9,2,371.31,0.03,720.34,COD,10/19/2027,2.0,5,South
2119,12119,559,10,3,487.28,0.28,1052.52,COD,10/20/2027,3.1,11,East
2120,12120,762,7,6,239.57,0.2,1149.94,Card,10/21/2027,3.1,3,West
2121,12121,566,4,4,291.03,0.08,1070.99,COD,10/22/2027,4.0,3,East
2122,12122,579,8,6,523.28,0.31,2166.38,COD,10/23/2027,3.2,4,South
2123,12123,654,8,5,257.69,0.02,1262.68,Wallet,10/24/2027,3.5,11,East
2124,12124,850,12,2,327.78,0.07,609.67,Wallet,10/25/2027,3.1,11,South
2125,12125,570,8,2,26.81,0.26,39.68,COD,10/26/2027,5.0,5,South
2126,12126,306,7,7,107.78,0.25,565.84,COD,10/27/2027,4.2,11,North
2127,12127,874,1,4,390.39,0.1,1405.4,Card,10/28/2027,4.0,2,North
2128,12128,240,8,2,434.43,0.02,851.48,Card,10/29/2027,3.5,6,South
2129,12129,488,5,2,355.82,0.3,498.15,Card,10/30/2027,3.1,6,West
2130,12130,362,9,7,98.84,0.11,615.77,Card,10/31/2027,2.4,8,North
2131,12131,326,1,4,275.56,0.07,1025.08,Card,11/1/2027,4.1,2,South
2132,12132,105,9,6,222.73,0.18,1095.83,Card,11/2/2027,1.8,8,East
2133,12133,223,9,3,304.96,0.32,622.12,COD,11/3/2027,1.1,8,East
2134,12134,814,15,6,524.14,0.02,3081.94,COD,11/4/2027,3.8,4,West
2135,12135,215,5,5,468.88,0.27,1711.41,COD,11/5/2027,1.6,7,East
2136,12136,926,7,5,64.13,0.2,256.52,COD,11/6/2027,4.6,7,East
2137,12137,745,7,2,535.83,0.15,910.91,Card,11/7/2027,4.1,1,South
2138,12138,501,13,5,290.98,0.26,1076.63,Wallet,11/8/2027,3.4,1,East
2139,12139,256,11,3,450.16,0.34,891.32,Card,11/9/2027,2.3,8,East
2140,12140,877,16,2,96.92,0.08,178.33,Wallet,11/10/2027,3.6,11,East
2141,12141,764,8,7,407.37,0.05,2709.01,Card,11/11/2027,2.9,1,East
2142,12142,512,8,5,153.25,0.32,521.05,COD,11/12/2027,2.2,3,South
2143,12143,763,5,7,271.45,0.23,1463.12,Card,11/13/2027,4.8,6,East
2144,12144,53,12,1,24.86,0.15,21.13,Card,11/14/2027,1.6,8,West
2145,12145,47,14,1,103.69,0.2,82.95,Card,11/15/2027,4.0,5,North
2146,12146,719,6,1,68.87,0.26,50.96,COD,11/16/2027,4.2,5,West
2147,12147,682,10,7,155.25,0.27,793.33,Card,11/17/2027,4.8,4,North
2148,12148,516,8,1,73.51,0.32,49.99,COD,11/18/2027,3.2,4,West
2149,12149,97,3,6,419.77,0.15,2140.83,Card,11/19/2027,3.1,7,North
2150,12150,20,6,1,31.99,0.1,28.79,Card,11/20/2027,4.7,6,North
2151,12151,879,3,2,376.38,0.22,587.15,Wallet,11/21/2027,4.2,8,North
2152,12152,745,11,4,97.31,0.15,330.85,Wallet,11/22/2027,4.1,11,North
2153,12153,568,9,6,567.92,0.21,2691.94,COD,11/23/2027,4.2,6,South
2154,12154,880,10,4,560.86,0.15,1906.92,Card,11/24/2027,3.0,11,West
2155,12155,485,5,2,146.92,0.05,279.15,Card,11/25/2027,1.2,10,North
2156,12156,415,9,2,374.44,0.16,629.06,Wallet,11/26/2027,1.8,7,West
2157,12157,683,9,3,31.38,0.24,71.55,Card,11/27/2027,3.6,10,East
2158,12158,839,4,6,560.1,0.28,2419.63,Wallet,11/28/2027,2.6,10,North
2159,12159,61,13,4,320.95,0.17,1065.55,Card,11/29/2027,3.4,5,West
2160,12160,143,15,1,40.29,0.06,37.87,Wallet,11/30/2027,3.2,6,South
2161,12161,213,10,2,215.36,0.15,366.11,Card,12/1/2027,2.8,1,West
2162,12162,3,11,1,59.96,0.28,43.17,Card,12/2/2027,1.9,3,North
2163,12163,158,10,4,244.87,0.14,842.35,COD,12/3/2027,3.9,8,East
2164,12164,731,16,7,406.91,0.24,2164.76,Wallet,12/4/2027,4.6,3,West
2165,12165,987,2,6,289.89,0.18,1426.26,Wallet,12/5/2027,4.1,1,East
2166,12166,771,6,5,239.48,0.08,1101.61,COD,12/6/2027,1.5,3,South
2167,12167,118,10,7,84.71,0.28,426.94,COD,12/7/2027,3.2,4,West
2168,12168,882,6,7,158.29,0.03,1074.79,COD,12/8/2027,4.3,8,West
2169,12169,87,11,5,73.58,0.18,301.68,COD,12/9/2027,3.4,9,South
2170,12170,325,6,2,487.39,0.07,906.55,Wallet,12/10/2027,2.8,4,South
2171,12171,575,5,3,94.12,0.02,276.71,COD,12/11/2027,2.1,7,South
2172,12172,899,14,1,363.29,0.18,297.9,COD,12/12/2027,2.3,1,North
2173,12173,353,9,2,215.5,0.17,357.73,COD,12/13/2027,2.0,9,North
2174,12174,604,12,3,147.2,0.25,331.2,COD,12/14/2027,1.8,11,West
2175,12175,264,1,1,389.09,0.26,287.93,Wallet,12/15/2027,3.4,4,West
2176,12176,611,11,4,282.35,0.25,847.05,Card,12/16/2027,3.0,9,West
2177,12177,941,9,7,249.09,0.14,1499.52,Card,12/17/2027,3.9,3,East
2178,12178,319,11,7,361.82,0.22,1975.54,COD,12/18/2027,2.2,11,South
2179,12179,629,9,5,302.39,0.2,1209.56,Card,12/19/2027,2.8,5,West
2180,12180,977,6,3,192.54,0.15,490.98,COD,12/20/2027,3.7,1,South
2181,12181,536,16,1,342.05,0.21,270.22,Wallet,12/21/2027,4.9,11,North
2182,12182,643,11,2,406.66,0.33,544.92,COD,12/22/2027,2.4,3,South
2183,12183,193,7,1,30.62,0.07,28.48,Wallet,12/23/2027,2.2,5,East
2184,12184,910,14,2,287.53,0.32,391.04,Card,12/24/2027,2.8,6,East
2185,12185,730,6,7,48.74,0.02,334.36,Wallet,12/25/2027,3.9,8,South
2186,12186,328,1,5,124.05,0.11,552.02,COD,12/26/2027,4.8,1,East
2187,12187,168,3,5,342.9,0.1,1543.05,Card,12/27/2027,3.1,3,East
2188,12188,516,9,1,521.72,0.22,406.94,COD,12/28/2027,4.2,1,North
2189,12189,458,14,1,531.44,0.05,504.87,Wallet,12/29/2027,2.9,5,West
2190,12190,40,7,2,55.92,0.31,77.17,Card,12/30/2027,1.2,8,East
2191,12191,532,4,2,260.18,0.29,369.46,COD,12/31/2027,4.6,4,West
2192,12192,258,8,3,356.06,0.23,822.5,Wallet,1/1/2028,2.2,11,South
2193,12193,391,3,7,101.04,0.16,594.12,Card,1/2/2028,1.6,9,South
2194,12194,944,15,3,462.78,0.33,930.19,COD,1/3/2028,5.0,6,East
2195,12195,223,10,3,450.38,0.29,959.31,COD,1/4/2028,2.4,6,South
2196,12196,973,7,1,543.45,0.17,451.06,Card,1/5/2028,1.5,11,North
2197,12197,122,3,6,19.96,0.25,89.82,COD,1/6/2028,2.2,5,East
2198,12198,964,4,6,141.76,0.2,680.45,Card,1/7/2028,3.1,10,East
2199,12199,38,10,6,498.9,0.21,2364.79,COD,1/8/2028,1.4,5,East
2200,12200,324,13,6,407.29,0.12,2150.49,Card,1/9/2028,2.4,11,South
2201,12201,248,11,3,538.22,0.16,1356.31,Card,1/10/2028,3.7,7,South
2202,12202,890,10,1,48.45,0.03,47.0,COD,1/11/2028,4.7,8,East
2203,12203,174,6,6,364.22,0.13,1901.23,Card,1/12/2028,2.6,7,West
2204,12204,596,12,5,347.89,0.24,1321.98,Card,1/13/2028,3.3,1,South
2205,12205,903,15,4,35.87,0.33,96.13,Wallet,1/14/2028,3.5,1,South
2206,12206,449,11,5,315.41,0.34,1040.85,Wallet,1/15/2028,1.3,10,East
2207,12207,37,14,1,371.57,0.19,300.97,Wallet,1/16/2028,2.4,6,West
2208,12208,312,11,1,126.91,0.21,100.26,COD,1/17/2028,3.7,3,East
2209,12209,681,12,4,174.9,0.07,650.63,Wallet,1/18/2028,3.9,9,South
2210,12210,962,12,2,389.6,0.24,592.19,Wallet,1/19/2028,2.4,11,East
2211,12211,786,12,2,288.96,0.02,566.36,Card,1/20/2028,1.0,7,East
2212,12212,954,11,2,516.94,0.1,930.49,Card,1/21/2028,1.0,2,East
2213,12213,962,11,3,215.29,0.23,497.32,Card,1/22/2028,3.2,3,West
2214,12214,588,8,2,171.0,0.11,304.38,COD,1/23/2028,3.2,8,East
2215,12215,112,9,7,591.15,0.02,4055.29,Wallet,1/24/2028,3.2,1,South
2216,12216,40,6,3,548.01,0.29,1167.26,COD,1/25/2028,3.9,5,East
2217,12217,297,5,3,31.96,0.11,85.33,COD,1/26/2028,4.7,10,West
2218,12218,221,3,2,465.88,0.02,913.12,Card,1/27/2028,5.0,1,North
2219,12219,314,2,2,79.55,0.03,154.33,Card,1/28/2028,3.8,9,West
2220,12220,345,6,4,31.08,0.09,113.13,COD,1/29/2028,3.1,7,East
2221,12221,113,11,6,175.11,0.06,987.62,Wallet,1/30/2028,1.6,5,North
2222,12222,690,9,4,172.57,0.27,503.9,Card,1/31/2028,2.5,6,East
2223,12223,319,1,3,494.3,0.11,1319.78,Wallet,2/1/2028,3.3,11,West
2224,12224,563,9,4,430.74,0.28,1240.53,Card,2/2/2028,5.0,3,North
2225,12225,40,9,3,589.24,0.06,1661.66,COD,2/3/2028,1.5,3,North
2226,12226,855,12,1,431.24,0.17,357.93,COD,2/4/2028,4.2,7,East
2227,12227,40,10,3,259.68,0.24,592.07,Wallet,2/5/2028,5.0,7,East
2228,12228,848,9,3,423.87,0.23,979.14,Card,2/6/2028,4.2,7,West
2229,12229,962,15,4,599.68,0.21,1894.99,Card,2/7/2028,4.1,2,East
2230,12230,741,12,6,430.43,0.32,1756.15,Card,2/8/2028,2.0,2,North
2231,12231,286,6,1,460.58,0.08,423.73,Wallet,2/9/2028,1.0,11,South
2232,12232,259,11,5,563.94,0.17,2340.35,Card,2/10/2028,1.9,5,South
2233,12233,213,12,5,81.49,0.31,281.14,Card,2/11/2028,4.2,4,West
2234,12234,145,2,6,427.3,0.03,2486.89,COD,2/12/2028,1.4,7,East
2235,12235,332,11,5,512.72,0.02,2512.33,COD,2/13/2028,2.2,3,West
2236,12236,166,14,1,573.31,0.08,527.45,Wallet,2/14/2028,3.3,5,South
2237,12237,90,8,2,138.42,0.22,215.94,Wallet,2/15/2028,3.3,2,South
2238,12238,349,9,1,309.8,0.09,281.92,COD,2/16/2028,3.2,1,East
2239,12239,566,4,4,413.12,0.07,1536.81,Wallet,2/17/2028,4.9,9,North
2240,12240,566,11,7,159.77,0.16,939.45,COD,2/18/2028,1.0,4,East
2241,12241,805,1,3,366.28,0.21,868.08,Card,2/19/2028,3.0,8,South
2242,12242,674,10,3,165.68,0.09,452.31,Wallet,2/20/2028,3.0,7,North
2243,12243,771,2,4,210.07,0.11,747.85,COD,2/21/2028,2.2,1,West
2244,12244,359,10,4,273.29,0.21,863.6,Card,2/22/2028,3.1,10,South
2245,12245,552,8,7,324.58,0.33,1522.28,COD,2/23/2028,3.7,11,West
2246,12246,341,14,7,277.88,0.24,1478.32,Card,2/24/2028,3.7,7,North
2247,12247,686,2,3,303.52,0.27,664.71,Card,2/25/2028,1.4,2,West
2248,12248,168,2,7,189.67,0.13,1155.09,COD,2/26/2028,4.2,3,South
2249,12249,352,16,7,107.99,0.1,680.34,Wallet,2/27/2028,4.7,1,East
2250,12250,189,3,7,42.7,0.16,251.08,COD,2/28/2028,1.5,7,West
2251,12251,661,9,6,129.65,0.28,560.09,Card,2/29/2028,2.7,3,South
2252,12252,418,10,2,355.44,0.16,597.14,Wallet,3/1/2028,3.0,6,South
2253,12253,692,12,7,474.88,0.3,2326.91,Card,3/2/2028,1.5,7,North
2254,12254,7,6,2,114.01,0.35,148.21,Card,3/3/2028,3.0,3,South
2255,12255,131,5,2,78.5,0.03,152.29,Card,3/4/2028,1.8,2,East
2256,12256,739,7,4,453.33,0.02,1777.05,Card,3/5/2028,4.7,9,East
2257,12257,552,11,7,193.52,0.05,1286.91,Card,3/6/2028,2.8,9,West
2258,12258,815,14,3,571.63,0.13,1491.95,COD,3/7/2028,5.0,7,West
2259,12259,752,9,6,432.88,0.05,2467.42,Wallet,3/8/2028,1.2,5,West
2260,12260,31,10,3,206.15,0.3,432.92,Wallet,3/9/2028,1.5,4,West
2261,12261,530,7,7,184.38,0.01,1277.75,Wallet,3/10/2028,2.8,4,East
2262,12262,422,16,3,321.36,0.11,858.03,COD,3/11/2028,4.5,1,North
2263,12263,390,16,7,61.3,0.06,403.35,COD,3/12/2028,3.2,4,West
2264,12264,665,8,6,83.84,0.33,337.04,Wallet,3/13/2028,3.9,7,North
2265,12265,359,9,1,117.88,0.23,90.77,COD,3/14/2028,2.7,5,South
2266,12266,432,5,6,468.21,0.32,1910.3,COD,3/15/2028,1.2,9,South
2267,12267,664,11,1,315.61,0.34,208.3,COD,3/16/2028,3.6,4,West
2268,12268,546,5,5,21.18,0.17,87.9,Card,3/17/2028,3.5,11,South
2269,12269,916,7,1,409.01,0.08,376.29,COD,3/18/2028,1.3,3,North
2270,12270,80,11,2,262.86,0.07,488.92,COD,3/19/2028,1.7,6,North
2271,12271,352,10,2,313.85,0.08,577.48,COD,3/20/2028,2.9,4,South
2272,12272,255,4,6,140.26,0.25,631.17,Card,3/21/2028,2.8,11,West
2273,12273,710,4,2,337.79,0.01,668.82,COD,3/22/2028,4.0,2,North
2274,12274,584,7,2,587.8,0.02,1152.09,Wallet,3/23/2028,2.5,5,North
2275,12275,978,9,5,57.97,0.21,228.98,Wallet,3/24/2028,3.7,4,East
2276,12276,519,11,2,181.09,0.22,282.5,Card,3/25/2028,3.8,5,West
2277,12277,292,8,4,157.15,0.23,484.02,Card,3/26/2028,3.6,9,East
2278,12278,951,2,4,160.4,0.13,558.19,COD,3/27/2028,3.4,4,South
2279,12279,221,12,4,236.54,0.28,681.24,Card,3/28/2028,4.2,6,South
2280,12280,520,15,1,493.59,0.19,399.81,Card,3/29/2028,3.6,4,East
2281,12281,46,11,6,549.02,0.04,3162.36,Card,3/30/2028,4.3,1,West
2282,12282,661,4,6,133.3,0.28,575.86,Wallet,3/31/2028,3.5,2,North
2283,12283,111,8,3,332.63,0.33,668.59,COD,4/1/2028,1.6,6,South
2284,12284,230,13,5,387.59,0.02,1899.19,COD,4/2/2028,2.2,8,West
2285,12285,17,10,4,320.27,0.14,1101.73,COD,4/3/2028,2.3,9,West
2286,12286,356,8,4,268.93,0.17,892.85,COD,4/4/2028,1.4,4,South
2287,12287,220,10,2,127.31,0.05,241.89,Card,4/5/2028,3.8,6,South
2288,12288,855,10,4,300.61,0.3,841.71,COD,4/6/2028,3.4,3,West
2289,12289,692,1,2,249.71,0.1,449.48,Card,4/7/2028,3.4,9,North
2290,12290,443,3,2,480.4,0.27,701.38,COD,4/8/2028,2.9,8,East
2291,12291,845,2,3,461.71,0.23,1066.55,Card,4/9/2028,3.2,1,South
2292,12292,361,6,1,93.39,0.21,73.78,COD,4/10/2028,1.0,2,East
2293,12293,668,14,2,66.78,0.07,124.21,COD,4/11/2028,1.4,10,West
2294,12294,322,10,2,546.27,0.08,1005.14,Card,4/12/2028,3.7,9,East
2295,12295,462,11,6,328.27,0.02,1930.23,Card,4/13/2028,2.0,10,North
2296,12296,410,9,3,516.81,0.08,1426.4,Card,4/14/2028,1.4,3,West
2297,12297,450,6,2,49.02,0.12,86.28,COD,4/15/2028,2.3,3,North
2298,12298,581,8,5,323.01,0.29,1146.69,Card,4/16/2028,2.0,10,West
2299,12299,230,11,1,330.56,0.13,287.59,Card,4/17/2028,1.1,9,North
2300,12300,221,5,5,518.51,0.26,1918.49,COD,4/18/2028,2.6,3,West
2301,12301,983,16,4,72.1,0.15,245.14,COD,4/19/2028,1.1,10,North
2302,12302,820,8,1,155.66,0.27,113.63,Card,4/20/2028,1.0,11,West
2303,12303,408,12,4,252.82,0.34,667.44,COD,4/21/2028,4.2,5,North
2304,12304,567,10,6,521.52,0.08,2878.79,Wallet,4/22/2028,2.3,6,West
2305,12305,331,10,7,564.25,0.3,2764.82,Wallet,4/23/2028,3.3,3,North
2306,12306,219,12,7,595.74,0.22,3252.74,Card,4/24/2028,2.2,10,South
2307,12307,37,5,7,576.13,0.29,2863.37,Wallet,4/25/2028,4.7,8,East
2308,12308,978,6,2,18.48,0.23,28.46,COD,4/26/2028,3.9,2,West
2309,12309,275,13,3,42.91,0.15,109.42,Wallet,4/27/2028,2.5,6,North
2310,12310,194,6,5,101.35,0.08,466.21,COD,4/28/2028,1.8,2,South
2311,12311,905,14,4,219.08,0.02,858.79,COD,4/29/2028,1.6,9,West
2312,12312,853,10,2,500.5,0.19,810.81,COD,4/30/2028,4.0,6,West
2313,12313,479,5,7,537.2,0.35,2444.26,COD,5/1/2028,2.8,9,West
2314,12314,239,14,5,124.3,0.26,459.91,COD,5/2/2028,1.9,4,East
2315,12315,320,9,5,377.5,0.11,1679.88,Card,5/3/2028,4.7,3,North
2316,12316,723,10,6,551.66,0.29,2350.07,Card,5/4/2028,2.6,2,North
2317,12317,190,3,6,286.28,0.27,1253.91,Card,5/5/2028,3.2,8,West
2318,12318,17,10,7,75.57,0.1,476.09,Wallet,5/6/2028,4.4,4,West
2319,12319,519,16,4,282.82,0.01,1119.97,COD,5/7/2028,4.3,2,West
2320,12320,907,9,7,234.84,0.04,1578.12,COD,5/8/2028,3.6,11,South
2321,12321,397,15,7,352.93,0.31,1704.65,COD,5/9/2028,4.6,9,West
2322,12322,895,9,2,271.62,0.29,385.7,Card,5/10/2028,4.8,8,East
2323,12323,875,10,3,25.15,0.1,67.9,Card,5/11/2028,4.7,5,North
2324,12324,697,8,7,596.49,0.1,3757.89,COD,5/12/2028,2.4,8,East
2325,12325,22,12,4,332.97,0.28,958.95,Wallet,5/13/2028,2.6,5,West
2326,12326,469,8,5,292.07,0.33,978.43,Card,5/14/2028,2.0,7,South
2327,12327,118,10,5,573.45,0.27,2093.09,Card,5/15/2028,4.3,5,West
2328,12328,207,10,1,106.18,0.21,83.88,Card,5/16/2028,1.5,5,West
2329,12329,302,12,7,125.7,0.08,809.51,Card,5/17/2028,2.4,4,West
2330,12330,267,10,2,487.69,0.18,799.81,Card,5/18/2028,1.0,5,West
2331,12331,696,2,1,167.59,0.08,154.18,COD,5/19/2028,3.4,7,West
2332,12332,680,11,6,482.55,0.28,2084.62,Card,5/20/2028,3.6,3,North
2333,12333,282,6,3,173.85,0.14,448.53,Card,5/21/2028,2.0,4,East
2334,12334,708,11,4,34.41,0.29,97.72,COD,5/22/2028,3.9,8,South
2335,12335,669,12,7,317.45,0.13,1933.27,Wallet,5/23/2028,2.5,6,West
2336,12336,754,1,5,130.06,0.29,461.71,Card,5/24/2028,2.2,8,South
2337,12337,224,10,2,458.34,0.12,806.68,COD,5/25/2028,4.8,11,North
2338,12338,937,4,5,390.1,0.15,1657.92,Card,5/26/2028,3.4,2,East
2339,12339,377,12,7,555.31,0.22,3031.99,Wallet,5/27/2028,2.0,9,West
2340,12340,455,14,6,473.05,0.02,2781.53,COD,5/28/2028,4.9,7,North
2341,12341,7,5,1,120.75,0.33,80.9,Wallet,5/29/2028,2.6,5,North
2342,12342,29,1,7,483.09,0.2,2705.3,Card,5/30/2028,3.6,11,East
2343,12343,896,6,1,390.42,0.18,320.14,COD,5/31/2028,3.9,7,West
2344,12344,33,8,4,406.34,0.29,1154.01,COD,6/1/2028,2.7,2,East
2345,12345,640,10,2,501.87,0.3,702.62,Card,6/2/2028,3.1,11,East
2346,12346,868,9,6,350.69,0.18,1725.39,Card,6/3/2028,2.0,4,South
2347,12347,77,2,2,287.61,0.32,391.15,COD,6/4/2028,2.9,7,South
2348,12348,917,12,4,387.44,0.02,1518.76,COD,6/5/2028,2.2,2,East
2349,12349,936,5,6,189.31,0.04,1090.43,Card,6/6/2028,3.2,8,South
2350,12350,454,13,6,121.82,0.21,577.43,COD,6/7/2028,3.7,10,North
2351,12351,565,9,1,375.7,0.12,330.62,Card,6/8/2028,3.5,10,East
2352,12352,972,4,1,151.8,0.16,127.51,Card,6/9/2028,4.1,11,West
2353,12353,533,14,1,61.75,0.11,54.96,COD,6/10/2028,1.2,5,West
2354,12354,477,5,5,15.32,0.14,65.88,Card,6/11/2028,1.3,5,North
2355,12355,426,4,3,370.87,0.29,789.95,Card,6/12/2028,1.8,8,West
2356,12356,730,12,7,226.86,0.21,1254.54,Card,6/13/2028,4.9,1,West
2357,12357,282,11,1,455.1,0.35,295.82,COD,6/14/2028,4.2,6,East
2358,12358,511,5,3,234.48,0.28,506.48,COD,6/15/2028,4.7,2,North
2359,12359,966,12,3,299.31,0.1,808.14,Wallet,6/16/2028,2.1,1,East
2360,12360,97,14,2,253.14,0.09,460.71,Card,6/17/2028,3.3,7,North
2361,12361,393,4,4,395.59,0.12,1392.48,COD,6/18/2028,3.2,4,East
2362,12362,484,8,5,223.34,0.3,781.69,Card,6/19/2028,3.3,1,East
2363,12363,39,11,3,578.8,0.01,1719.04,COD,6/20/2028,3.9,10,South
2364,12364,268,1,7,562.65,0.08,3623.47,COD,6/21/2028,2.6,11,West
2365,12365,876,8,5,511.1,0.32,1737.74,Card,6/22/2028,3.7,11,North
2366,12366,787,6,2,553.38,0.22,863.27,COD,6/23/2028,4.2,6,West
2367,12367,155,7,1,277.75,0.08,255.53,Card,6/24/2028,2.2,10,South
2368,12368,73,4,6,328.81,0.08,1815.03,Card,6/25/2028,4.8,6,North
2369,12369,873,6,3,449.12,0.3,943.15,Card,6/26/2028,3.1,3,South
2370,12370,790,13,4,422.25,0.31,1165.41,COD,6/27/2028,3.9,6,West
2371,12371,128,15,6,536.05,0.09,2926.83,COD,6/28/2028,3.9,10,East
2372,12372,680,12,2,434.05,0.15,737.88,Card,6/29/2028,3.3,9,South
2373,12373,963,7,5,598.76,0.29,2125.6,Card,6/30/2028,2.3,6,South
2374,12374,82,14,7,218.88,0.27,1118.48,Card,7/1/2028,3.7,1,East
2375,12375,22,5,1,502.3,0.28,361.66,Card,7/2/2028,1.3,10,West
2376,12376,454,13,5,423.12,0.18,1734.79,COD,7/3/2028,4.9,6,South
2377,12377,534,1,4,419.46,0.32,1140.93,COD,7/4/2028,1.7,8,West
2378,12378,699,5,3,205.61,0.11,548.98,Card,7/5/2028,2.1,7,East
2379,12379,838,16,4,474.58,0.05,1803.4,Card,7/6/2028,4.8,8,North
2380,12380,378,14,5,541.72,0.25,2031.45,Wallet,7/7/2028,1.7,11,South
2381,12381,740,15,5,142.85,0.19,578.54,Card,7/8/2028,1.7,8,West
2382,12382,435,8,6,380.92,0.3,1599.86,Card,7/9/2028,4.2,9,East
2383,12383,598,11,4,244.4,0.03,948.27,COD,7/10/2028,2.0,3,East
2384,12384,978,5,4,593.89,0.3,1662.89,COD,7/11/2028,1.4,7,South
2385,12385,21,14,4,295.12,0.1,1062.43,COD,7/12/2028,1.9,6,North
2386,12386,299,8,1,148.57,0.23,114.4,Wallet,7/13/2028,4.6,2,South
2387,12387,965,15,7,238.39,0.01,1652.04,Card,7/14/2028,2.1,5,West
2388,12388,858,7,5,397.5,0.21,1570.12,COD,7/15/2028,3.8,3,East
2389,12389,944,8,2,59.51,0.25,89.26,Card,7/16/2028,2.6,11,North
2390,12390,82,11,1,368.11,0.13,320.26,COD,7/17/2028,2.0,5,West
2391,12391,764,15,1,559.77,0.08,514.99,Wallet,7/18/2028,1.6,11,South
2392,12392,653,8,1,512.46,0.19,415.09,COD,7/19/2028,4.9,9,East
2393,12393,942,10,6,54.59,0.29,232.55,COD,7/20/2028,3.1,8,South
2394,12394,448,12,7,596.13,0.11,3713.89,Wallet,7/21/2028,1.5,9,North
2395,12395,383,16,7,423.76,0.09,2699.35,Card,7/22/2028,1.8,9,North
2396,12396,502,6,2,109.93,0.1,197.87,COD,7/23/2028,2.6,11,North
2397,12397,254,11,4,22.26,0.33,59.66,Wallet,7/24/2028,3.2,8,North
2398,12398,565,4,6,115.2,0.13,601.34,COD,7/25/2028,1.7,8,North
2399,12399,881,15,5,505.33,0.0,2526.65,Card,7/26/2028,2.1,11,South
2400,12400,923,3,3,27.66,0.27,60.58,Card,7/27/2028,4.1,11,North
2401,12401,522,7,6,151.39,0.24,690.34,Card,7/28/2028,2.7,6,North
2402,12402,160,8,3,458.02,0.04,1319.1,Card,7/29/2028,1.0,6,East
2403,12403,946,2,5,357.87,0.34,1180.97,COD,7/30/2028,1.2,6,North
2404,12404,161,5,2,472.9,0.21,747.18,Card,7/31/2028,2.8,10,East
2405,12405,821,14,7,451.5,0.18,2591.61,Card,8/1/2028,1.2,6,East
2406,12406,783,12,3,44.6,0.13,116.41,Card,8/2/2028,1.7,11,East
2407,12407,782,6,1,537.12,0.31,370.61,COD,8/3/2028,3.9,9,South
2408,12408,519,9,6,147.81,0.09,807.04,COD,8/4/2028,2.9,10,South
2409,12409,776,10,3,338.73,0.1,914.57,COD,8/5/2028,2.9,1,West
2410,12410,268,12,5,391.91,0.04,1881.17,Card,8/6/2028,3.4,10,West
2411,12411,487,11,7,113.65,0.27,580.75,Card,8/7/2028,4.2,6,East
2412,12412,205,1,1,586.1,0.21,463.02,Card,8/8/2028,1.6,8,South
2413,12413,534,10,3,300.57,0.21,712.35,Card,8/9/2028,1.7,1,North
2414,12414,579,16,7,48.72,0.08,313.76,Card,8/10/2028,1.5,11,West
2415,12415,59,13,5,563.3,0.23,2168.7,COD,8/11/2028,4.7,11,South
2416,12416,426,5,2,357.97,0.27,522.64,Card,8/12/2028,3.3,6,North
2417,12417,974,10,5,424.03,0.13,1844.53,Wallet,8/13/2028,1.4,9,North
2418,12418,651,16,2,322.23,0.28,464.01,COD,8/14/2028,1.9,6,South
2419,12419,599,8,7,503.32,0.12,3100.45,Card,8/15/2028,3.9,2,West
2420,12420,305,13,7,34.38,0.27,175.68,COD,8/16/2028,1.1,1,South
2421,12421,515,13,1,172.0,0.01,170.28,COD,8/17/2028,3.9,4,West
2422,12422,586,3,5,289.74,0.19,1173.45,COD,8/18/2028,4.6,6,East
2423,12423,27,6,4,59.81,0.34,157.9,Wallet,8/19/2028,1.2,10,South
2424,12424,679,11,6,427.96,0.34,1694.72,Card,8/20/2028,1.7,10,South
2425,12425,557,5,4,245.29,0.1,883.04,Wallet,8/21/2028,1.0,9,West
2426,12426,196,9,4,174.51,0.15,593.33,Card,8/22/2028,1.4,5,West
2427,12427,383,4,4,16.98,0.02,66.56,Wallet,8/23/2028,3.5,7,South
2428,12428,345,12,6,436.1,0.31,1805.45,Card,8/24/2028,1.2,6,North
2429,12429,949,11,4,502.78,0.2,1608.9,Card,8/25/2028,2.7,6,North
2430,12430,929,13,2,246.1,0.13,428.21,COD,8/26/2028,3.0,9,North
2431,12431,686,6,5,345.07,0.04,1656.34,Card,8/27/2028,4.6,5,East
2432,12432,531,8,7,148.2,0.33,695.06,Card,8/28/2028,2.9,2,East
2433,12433,817,8,1,378.99,0.19,306.98,Card,8/29/2028,1.6,8,West
2434,12434,374,1,4,22.1,0.1,79.56,COD,8/30/2028,2.2,11,East
2435,12435,888,10,7,300.86,0.12,1853.3,Wallet,8/31/2028,3.7,3,North
2436,12436,905,3,4,391.86,0.09,1426.37,COD,9/1/2028,1.4,9,South
2437,12437,553,10,1,552.14,0.21,436.19,Wallet,9/2/2028,1.9,5,East
2438,12438,522,13,1,238.08,0.33,159.51,COD,9/3/2028,5.0,1,East
2439,12439,151,14,4,462.64,0.3,1295.39,Card,9/4/2028,1.0,4,North
2440,12440,726,10,2,364.65,0.16,612.61,Card,9/5/2028,1.6,9,East
2441,12441,203,5,7,557.3,0.29,2769.78,COD,9/6/2028,4.4,1,West
2442,12442,450,11,1,248.05,0.15,210.84,Card,9/7/2028,1.4,8,South
2443,12443,270,14,5,201.67,0.09,917.6,Card,9/8/2028,1.1,8,North
2444,12444,883,5,7,533.98,0.34,2466.99,COD,9/9/2028,1.5,9,West
2445,12445,233,6,5,43.81,0.11,194.95,COD,9/10/2028,3.8,9,North
2446,12446,841,9,7,94.79,0.11,590.54,Card,9/11/2028,5.0,6,West
2447,12447,732,11,2,63.21,0.35,82.17,Wallet,9/12/2028,3.4,5,South
2448,12448,516,12,6,508.22,0.05,2896.85,COD,9/13/2028,1.5,7,South
2449,12449,671,11,3,21.21,0.27,46.45,COD,9/14/2028,1.7,9,West
2450,12450,933,8,2,519.07,0.33,695.55,Wallet,9/15/2028,3.2,5,West
2451,12451,945,4,4,278.99,0.18,915.09,Card,9/16/2028,3.9,3,West
2452,12452,820,14,3,17.35,0.0,52.05,COD,9/17/2028,3.7,9,West
2453,12453,718,5,4,249.96,0.13,869.86,Wallet,9/18/2028,3.3,10,West
2454,12454,496,1,5,124.28,0.04,596.54,COD,9/19/2028,4.9,1,West
2455,12455,115,13,1,380.27,0.15,323.23,COD,9/20/2028,1.8,1,South
2456,12456,382,3,7,412.42,0.28,2078.6,Card,9/21/2028,1.7,10,West
2457,12457,340,7,4,300.2,0.15,1020.68,COD,9/22/2028,4.4,11,East
2458,12458,579,11,5,38.7,0.15,164.48,Card,9/23/2028,2.2,4,South
2459,12459,391,11,2,398.84,0.19,646.12,Wallet,9/24/2028,2.3,2,North
2460,12460,63,14,4,507.59,0.2,1624.29,Wallet,9/25/2028,3.2,7,South
2461,12461,709,10,5,436.39,0.3,1527.36,Wallet,9/26/2028,2.5,2,North
2462,12462,713,12,1,500.53,0.11,445.47,COD,9/27/2028,2.2,7,North
2463,12463,70,8,7,132.3,0.29,657.53,Card,9/28/2028,4.7,8,East
2464,12464,779,5,4,535.0,0.2,1712.0,Card,9/29/2028,1.5,11,West
2465,12465,271,7,6,203.48,0.11,1086.58,Wallet,9/30/2028,2.6,8,West
2466,12466,979,10,5,22.84,0.1,102.78,Card,10/1/2028,1.0,3,South
2467,12467,316,8,4,508.38,0.13,1769.16,Card,10/2/2028,4.2,9,West
2468,12468,334,5,1,565.97,0.22,441.46,COD,10/3/2028,1.7,10,East
2469,12469,362,1,7,398.5,0.08,2566.34,Card,10/4/2028,4.1,10,South
2470,12470,490,15,4,150.39,0.32,409.06,COD,10/5/2028,1.6,10,South
2471,12471,601,3,4,162.27,0.2,519.26,COD,10/6/2028,2.7,6,South
2472,12472,164,13,7,287.96,0.32,1370.69,COD,10/7/2028,3.9,4,West
2473,12473,539,7,6,540.23,0.02,3176.55,Wallet,10/8/2028,2.1,8,West
2474,12474,11,11,5,102.51,0.12,451.04,Card,10/9/2028,2.3,4,West
2475,12475,297,16,3,498.19,0.01,1479.62,Card,10/10/2028,3.7,4,South
2476,12476,721,8,7,185.41,0.1,1168.08,Card,10/11/2028,1.8,11,South
2477,12477,791,8,4,488.02,0.3,1366.46,Wallet,10/12/2028,4.8,8,North
2478,12478,100,6,3,553.36,0.01,1643.48,Card,10/13/2028,1.8,4,North
2479,12479,421,7,2,265.08,0.15,450.64,Card,10/14/2028,4.0,1,West
2480,12480,388,12,4,228.55,0.04,877.63,COD,10/15/2028,4.2,6,South
2481,12481,769,8,3,484.3,0.15,1234.97,Card,10/16/2028,2.5,8,West
2482,12482,211,9,2,324.75,0.29,461.14,Wallet,10/17/2028,1.6,3,West
2483,12483,684,16,6,415.4,0.22,1944.07,Wallet,10/18/2028,1.7,2,North
2484,12484,86,9,5,379.36,0.26,1403.63,COD,10/19/2028,4.9,6,East
2485,12485,548,11,4,104.44,0.12,367.63,COD,10/20/2028,3.9,1,West
2486,12486,397,5,5,509.2,0.33,1705.82,Card,10/21/2028,2.8,11,East
2487,12487,583,16,2,129.53,0.25,194.3,COD,10/22/2028,2.0,5,East
2488,12488,878,6,5,560.39,0.15,2381.66,COD,10/23/2028,1.1,6,South
2489,12489,46,10,5,161.58,0.15,686.72,Card,10/24/2028,3.7,8,South
2490,12490,665,7,7,444.32,0.32,2114.96,Card,10/25/2028,4.8,7,West
2491,12491,458,12,1,181.52,0.2,145.22,Wallet,10/26/2028,1.4,6,North
2492,12492,587,3,2,200.9,0.25,301.35,Card,10/27/2028,4.0,2,North
2493,12493,306,1,5,196.35,0.15,834.49,COD,10/28/2028,1.6,8,West
2494,12494,84,7,3,452.52,0.08,1248.96,Card,10/29/2028,4.2,8,West
2495,12495,90,10,2,340.74,0.25,511.11,Card,10/30/2028,2.5,11,North
2496,12496,654,15,1,531.53,0.21,419.91,Wallet,10/31/2028,3.8,5,East
2497,12497,666,9,4,194.81,0.18,638.98,Card,11/1/2028,4.7,3,West
2498,12498,706,8,6,419.82,0.22,1964.76,COD,11/2/2028,3.5,11,East
2499,12499,925,11,5,455.47,0.07,2117.94,Card,11/3/2028,4.7,8,West
2500,12500,917,1,3,103.62,0.28,223.82,Card,11/4/2028,1.9,5,West
2501,12501,239,10,1,249.34,0.33,167.06,Wallet,11/5/2028,4.9,3,East
2502,12502,854,8,2,297.45,0.31,410.48,COD,11/6/2028,4.5,9,East
2503,12503,2,15,6,223.08,0.11,1191.25,Wallet,11/7/2028,1.4,9,North
2504,12504,222,7,6,203.44,0.14,1049.75,Wallet,11/8/2028,2.7,7,West
2505,12505,791,10,5,416.56,0.28,1499.62,Wallet,11/9/2028,4.7,8,South
2506,12506,737,3,1,141.28,0.21,111.61,Wallet,11/10/2028,1.3,5,South
2507,12507,962,6,1,429.99,0.19,348.29,Card,11/11/2028,2.8,5,West
2508,12508,915,6,3,562.0,0.32,1146.48,Wallet,11/12/2028,3.9,5,West
2509,12509,918,12,4,345.64,0.19,1119.87,Card,11/13/2028,1.1,2,West
2510,12510,584,6,4,372.69,0.18,1222.42,Card,11/14/2028,4.0,3,East
2511,12511,114,6,7,55.33,0.01,383.44,Card,11/15/2028,2.4,8,South
2512,12512,660,10,4,520.72,0.02,2041.22,Card,11/16/2028,2.0,6,South
2513,12513,907,11,7,181.99,0.0,1273.93,COD,11/17/2028,3.3,9,South
2514,12514,101,14,6,374.8,0.32,1529.18,Card,11/18/2028,3.2,7,West
2515,12515,192,10,6,587.78,0.14,3032.94,Card,11/19/2028,4.5,6,East
2516,12516,164,10,2,363.37,0.16,610.46,COD,11/20/2028,3.7,11,West
2517,12517,860,6,6,438.96,0.3,1843.63,Card,11/21/2028,2.7,4,North
2518,12518,88,15,6,275.51,0.21,1305.92,COD,11/22/2028,3.6,7,North
2519,12519,679,10,1,50.31,0.21,39.74,Card,11/23/2028,4.0,4,South
2520,12520,120,5,2,481.6,0.1,866.88,Card,11/24/2028,4.7,7,West
2521,12521,141,9,1,35.47,0.29,25.18,Card,11/25/2028,3.8,5,North
2522,12522,983,9,3,424.88,0.06,1198.16,Card,11/26/2028,3.2,2,North
2523,12523,104,12,7,28.41,0.02,194.89,COD,11/27/2028,2.5,7,West
2524,12524,876,13,7,519.45,0.07,3381.62,COD,11/28/2028,4.6,8,East
2525,12525,424,9,3,107.22,0.09,292.71,Card,11/29/2028,4.2,10,West
2526,12526,301,12,7,315.85,0.1,1989.86,Card,11/30/2028,1.3,11,West
2527,12527,861,7,2,364.33,0.23,561.07,Card,12/1/2028,3.8,2,East
2528,12528,960,15,2,282.66,0.08,520.09,Wallet,12/2/2028,3.2,6,South
2529,12529,313,12,6,214.35,0.24,977.44,Card,12/3/2028,1.4,4,South
2530,12530,952,7,7,288.67,0.03,1960.07,Wallet,12/4/2028,3.3,5,South
2531,12531,629,12,3,197.18,0.05,561.96,COD,12/5/2028,1.8,1,East
2532,12532,891,6,5,271.3,0.18,1112.33,Card,12/6/2028,3.8,6,North
2533,12533,9,7,4,224.96,0.32,611.89,Wallet,12/7/2028,2.1,11,East
2534,12534,764,8,6,346.23,0.3,1454.17,COD,12/8/2028,1.6,8,West
2535,12535,71,10,4,154.19,0.34,407.06,COD,12/9/2028,1.3,2,East
2536,12536,355,10,3,593.36,0.23,1370.66,Card,12/10/2028,3.0,1,North
2537,12537,220,9,7,308.01,0.24,1638.61,COD,12/11/2028,1.8,9,North
2538,12538,412,8,7,128.58,0.22,702.05,Card,12/12/2028,4.4,2,West
2539,12539,548,12,4,294.08,0.22,917.53,Card,12/13/2028,1.0,8,South
2540,12540,366,13,5,521.85,0.05,2478.79,Wallet,12/14/2028,4.4,5,North
2541,12541,708,3,7,27.76,0.19,157.4,Wallet,12/15/2028,3.1,2,North
2542,12542,261,4,5,412.54,0.14,1773.92,Card,12/16/2028,4.7,5,North
2543,12543,829,2,1,335.56,0.15,285.23,COD,12/17/2028,1.8,9,West
2544,12544,683,8,2,114.19,0.18,187.27,COD,12/18/2028,1.4,6,North
2545,12545,849,13,4,493.22,0.04,1893.96,Card,12/19/2028,3.5,3,South
2546,12546,314,12,7,230.8,0.13,1405.57,Card,12/20/2028,3.8,8,West
2547,12547,82,7,5,186.87,0.02,915.66,Card,12/21/2028,2.5,1,South
2548,12548,314,5,7,499.45,0.34,2307.46,COD,12/22/2028,1.1,9,North
2549,12549,109,5,2,388.54,0.04,746.0,Wallet,12/23/2028,2.6,9,North
2550,12550,248,14,2,540.48,0.09,983.67,Card,12/24/2028,1.9,4,South
2551,12551,379,12,1,383.48,0.31,264.6,COD,12/25/2028,2.4,8,West
2552,12552,7,9,2,448.38,0.17,744.31,COD,12/26/2028,3.0,11,West
2553,12553,454,3,2,504.32,0.05,958.21,COD,12/27/2028,3.8,11,South
2554,12554,82,11,6,47.02,0.13,245.44,Card,12/28/2028,4.9,3,North
2555,12555,205,7,3,468.99,0.04,1350.69,COD,12/29/2028,1.6,6,East
2556,12556,889,2,7,374.02,0.07,2434.87,Wallet,12/30/2028,3.7,10,South
2557,12557,386,7,1,55.66,0.02,54.55,Card,12/31/2028,1.9,10,South
2558,12558,310,6,1,312.52,0.15,265.64,Card,1/1/2029,1.9,8,South
2559,12559,22,11,4,63.24,0.28,182.13,Wallet,1/2/2029,3.5,11,North
2560,12560,406,12,2,445.53,0.21,703.94,Card,1/3/2029,4.1,9,West
2561,12561,884,3,4,334.7,0.21,1057.65,Wallet,1/4/2029,4.9,8,North
2562,12562,510,7,6,572.84,0.07,3196.45,Card,1/5/2029,4.1,9,South
2563,12563,125,6,5,122.13,0.12,537.37,Card,1/6/2029,1.6,4,North
2564,12564,798,12,2,369.53,0.3,517.34,Card,1/7/2029,1.9,10,North
2565,12565,692,12,5,138.78,0.03,673.08,Card,1/8/2029,4.0,1,South
2566,12566,863,2,3,374.23,0.3,785.88,Card,1/9/2029,3.1,7,North
2567,12567,14,8,6,437.75,0.17,2180.0,COD,1/10/2029,2.2,11,East
2568,12568,960,7,2,437.55,0.29,621.32,Card,1/11/2029,2.9,10,North
2569,12569,967,11,4,491.82,0.11,1750.88,Wallet,1/12/2029,4.7,4,North
2570,12570,12,16,4,514.33,0.12,1810.44,COD,1/13/2029,4.0,1,West
2571,12571,85,3,2,60.2,0.26,89.1,COD,1/14/2029,2.8,3,West
2572,12572,519,8,7,215.81,0.27,1102.79,Card,1/15/2029,4.9,7,South
2573,12573,898,10,4,416.97,0.08,1534.45,COD,1/16/2029,4.2,11,South
2574,12574,532,6,7,306.67,0.34,1416.82,COD,1/17/2029,1.0,3,West
2575,12575,297,14,2,126.55,0.03,245.51,Card,1/18/2029,1.4,1,East
2576,12576,240,5,1,338.34,0.02,331.57,Wallet,1/19/2029,3.2,7,North
2577,12577,120,3,4,253.35,0.21,800.59,Card,1/20/2029,2.4,8,East
2578,12578,145,6,7,243.17,0.25,1276.64,Card,1/21/2029,4.3,5,East
2579,12579,562,4,2,488.71,0.34,645.1,COD,1/22/2029,4.6,6,West
2580,12580,742,8,2,253.45,0.14,435.93,COD,1/23/2029,2.0,3,South
2581,12581,352,10,7,30.48,0.01,211.23,Card,1/24/2029,4.1,5,North
2582,12582,678,10,4,48.97,0.21,154.75,Wallet,1/25/2029,3.1,3,South
2583,12583,893,10,1,515.9,0.1,464.31,COD,1/26/2029,2.6,2,East
2584,12584,725,4,4,576.95,0.15,1961.63,COD,1/27/2029,4.1,7,East
2585,12585,625,13,2,417.72,0.17,693.42,Card,1/28/2029,3.3,10,South
2586,12586,305,14,1,228.16,0.02,223.6,Wallet,1/29/2029,3.5,11,South
2587,12587,687,12,5,564.08,0.17,2340.93,Card,1/30/2029,1.2,7,West
2588,12588,285,12,3,402.74,0.15,1026.99,COD,1/31/2029,3.3,8,South
2589,12589,303,14,4,508.94,0.25,1526.82,Card,2/1/2029,2.2,1,South
2590,12590,801,7,6,463.02,0.23,2139.15,COD,2/2/2029,3.0,2,West
2591,12591,589,12,2,236.8,0.06,445.18,Card,2/3/2029,1.9,2,South
2592,12592,955,7,1,295.04,0.07,274.39,Card,2/4/2029,3.5,3,East
2593,12593,903,11,7,123.89,0.09,789.18,Wallet,2/5/2029,1.6,7,South
2594,12594,715,9,7,185.83,0.06,1222.76,Card,2/6/2029,1.5,7,North
2595,12595,656,8,7,470.2,0.23,2534.38,Card,2/7/2029,1.8,7,East
2596,12596,544,9,1,537.98,0.35,349.69,COD,2/8/2029,4.3,1,West
2597,12597,348,2,5,438.81,0.23,1689.42,COD,2/9/2029,1.1,2,East
2598,12598,308,9,4,287.13,0.21,907.33,Card,2/10/2029,3.9,8,West
2599,12599,862,10,6,65.61,0.14,338.55,Card,2/11/2029,1.2,9,North
2600,12600,58,11,7,48.31,0.11,300.97,Wallet,2/12/2029,3.4,10,North
2601,12601,637,16,1,233.98,0.32,159.11,COD,2/13/2029,4.1,7,East
2602,12602,913,5,7,286.34,0.34,1322.89,Card,2/14/2029,1.9,1,South
2603,12603,706,8,5,371.34,0.17,1541.06,Wallet,2/15/2029,1.8,4,East
2604,12604,747,11,2,18.8,0.1,33.84,COD,2/16/2029,2.2,10,East
2605,12605,35,11,7,593.99,0.27,3035.29,Card,2/17/2029,3.8,8,North
2606,12606,440,7,5,227.9,0.05,1082.52,Card,2/18/2029,2.0,5,West
2607,12607,91,15,4,511.14,0.27,1492.53,Card,2/19/2029,3.0,1,East
2608,12608,939,3,7,327.96,0.29,1629.96,Wallet,2/20/2029,1.5,7,South
2609,12609,948,11,5,91.31,0.04,438.29,Card,2/21/2029,2.8,6,North
2610,12610,204,5,1,481.58,0.34,317.84,Card,2/22/2029,3.5,9,East
2611,12611,349,4,1,430.25,0.34,283.96,Wallet,2/23/2029,1.3,4,East
2612,12612,892,5,3,323.55,0.33,650.34,Card,2/24/2029,4.3,4,South
2613,12613,328,15,5,316.01,0.17,1311.44,COD,2/25/2029,4.7,8,East
2614,12614,806,10,2,66.18,0.09,120.45,Card,2/26/2029,1.8,4,East
2615,12615,851,2,7,398.67,0.2,2232.55,COD,2/27/2029,4.0,3,East
2616,12616,717,15,6,548.08,0.15,2795.21,Card,2/28/2029,2.3,7,East
2617,12617,157,3,6,69.55,0.07,388.09,Card,3/1/2029,3.7,5,South
2618,12618,943,15,4,169.15,0.15,575.11,COD,3/2/2029,2.2,9,East
2619,12619,946,8,3,542.85,0.23,1253.98,COD,3/3/2029,4.4,5,East
2620,12620,24,4,5,181.34,0.02,888.57,COD,3/4/2029,2.4,9,East
2621,12621,400,9,2,397.56,0.12,699.71,COD,3/5/2029,4.4,6,North
2622,12622,795,12,3,327.87,0.01,973.77,COD,3/6/2029,4.1,6,South
2623,12623,511,15,1,363.85,0.26,269.25,COD,3/7/2029,1.8,11,North
2624,12624,724,16,4,258.24,0.22,805.71,COD,3/8/2029,1.6,6,North
2625,12625,360,2,7,190.5,0.02,1306.83,COD,3/9/2029,4.1,7,South
2626,12626,378,10,7,43.39,0.34,200.46,COD,3/10/2029,2.6,11,North
2627,12627,527,15,7,450.4,0.01,3121.27,COD,3/11/2029,4.8,4,North
2628,12628,945,16,5,451.46,0.21,1783.27,Card,3/12/2029,4.8,4,North
2629,12629,150,12,6,407.37,0.27,1784.28,Card,3/13/2029,3.8,9,South
2630,12630,557,5,2,391.53,0.28,563.8,Card,3/14/2029,3.0,7,East
2631,12631,682,9,7,157.57,0.01,1091.96,Wallet,3/15/2029,1.8,11,West
2632,12632,936,10,7,28.07,0.32,133.61,COD,3/16/2029,4.5,10,West
2633,12633,602,3,1,488.1,0.32,331.91,COD,3/17/2029,1.3,6,South
2634,12634,611,6,3,302.32,0.2,725.57,Card,3/18/2029,2.5,1,West
2635,12635,416,15,7,194.5,0.17,1130.04,Card,3/19/2029,2.3,7,South
2636,12636,247,3,4,74.63,0.02,292.55,Wallet,3/20/2029,4.8,6,South
2637,12637,115,7,3,51.69,0.2,124.06,Wallet,3/21/2029,1.5,4,West
2638,12638,855,15,6,219.09,0.14,1130.5,Card,3/22/2029,4.6,8,North
2639,12639,507,8,3,485.77,0.27,1063.84,COD,3/23/2029,2.8,7,East
2640,12640,732,3,2,552.45,0.14,950.21,Card,3/24/2029,1.2,8,West
2641,12641,573,12,1,539.6,0.24,410.1,Card,3/25/2029,3.9,9,West
2642,12642,331,3,5,553.2,0.04,2655.36,COD,3/26/2029,1.4,1,West
2643,12643,414,12,2,546.02,0.05,1037.44,COD,3/27/2029,1.9,3,West
2644,12644,921,12,6,323.43,0.05,1843.55,COD,3/28/2029,4.2,2,South
2645,12645,764,14,4,143.36,0.02,561.97,Card,3/29/2029,1.6,3,South
2646,12646,292,6,6,481.86,0.19,2341.84,Card,3/30/2029,2.3,11,East
2647,12647,927,5,6,140.02,0.28,604.89,Card,3/31/2029,2.4,11,East
2648,12648,747,6,3,171.32,0.21,406.03,Card,4/1/2029,3.4,2,West
2649,12649,367,14,4,151.45,0.2,484.64,COD,4/2/2029,4.2,11,West
2650,12650,184,11,2,316.26,0.24,480.72,Card,4/3/2029,1.9,6,West
2651,12651,243,9,6,203.27,0.12,1073.27,Card,4/4/2029,1.8,9,East
2652,12652,631,10,2,105.18,0.13,183.01,Card,4/5/2029,1.9,2,West
2653,12653,265,6,7,280.11,0.11,1745.09,COD,4/6/2029,2.5,4,North
2654,12654,637,12,7,526.24,0.25,2762.76,COD,4/7/2029,3.1,5,East
2655,12655,234,5,7,348.77,0.06,2294.91,COD,4/8/2029,1.1,5,North
2656,12656,525,5,5,528.83,0.0,2644.15,Card,4/9/2029,4.1,1,West
2657,12657,547,9,3,129.59,0.21,307.13,Card,4/10/2029,4.7,6,South
2658,12658,21,8,2,112.68,0.33,150.99,Card,4/11/2029,4.4,5,North
2659,12659,900,1,7,351.71,0.21,1944.96,Card,4/12/2029,1.1,6,East
2660,12660,729,9,7,286.05,0.27,1461.72,Card,4/13/2029,3.1,4,North
2661,12661,856,8,4,401.2,0.24,1219.65,Card,4/14/2029,4.3,11,East
2662,12662,784,13,6,479.86,0.17,2389.7,COD,4/15/2029,2.4,6,West
2663,12663,515,5,7,454.51,0.25,2386.18,Wallet,4/16/2029,4.6,9,North
2664,12664,98,15,5,566.22,0.29,2010.08,Card,4/17/2029,4.5,1,South
2665,12665,744,6,4,247.98,0.08,912.57,Wallet,4/18/2029,1.6,6,North
2666,12666,473,5,3,135.74,0.12,358.35,Card,4/19/2029,3.0,1,South
2667,12667,594,12,5,337.28,0.08,1551.49,COD,4/20/2029,1.1,7,East
2668,12668,295,15,5,79.78,0.16,335.08,COD,4/21/2029,2.1,4,West
2669,12669,929,14,5,183.98,0.31,634.73,Wallet,4/22/2029,4.2,6,West
2670,12670,521,10,6,136.61,0.12,721.3,Card,4/23/2029,4.9,7,South
2671,12671,330,7,7,246.99,0.13,1504.17,Card,4/24/2029,4.7,11,East
2672,12672,2,4,1,80.06,0.3,56.04,Card,4/25/2029,1.2,5,West
2673,12673,371,6,5,33.63,0.18,137.88,Card,4/26/2029,4.7,9,East
2674,12674,290,6,4,399.22,0.19,1293.47,Wallet,4/27/2029,4.3,8,South
2675,12675,826,2,4,372.0,0.3,1041.6,COD,4/28/2029,4.5,3,South
2676,12676,923,13,3,429.39,0.17,1069.18,COD,4/29/2029,4.7,1,North
2677,12677,548,5,2,401.33,0.24,610.02,COD,4/30/2029,3.0,11,West
2678,12678,314,15,2,81.86,0.03,158.81,Wallet,5/1/2029,1.8,10,West
2679,12679,497,3,1,185.28,0.06,174.16,Card,5/2/2029,1.1,8,North
2680,12680,817,8,6,90.77,0.14,468.37,Card,5/3/2029,1.1,4,South
2681,12681,377,8,7,508.14,0.17,2952.29,Wallet,5/4/2029,3.6,7,South
2682,12682,617,7,6,451.94,0.34,1789.68,Card,5/5/2029,2.3,4,South
2683,12683,14,4,7,132.89,0.34,613.95,Card,5/6/2029,3.0,7,South
2684,12684,499,14,5,214.67,0.3,751.34,Card,5/7/2029,1.5,1,East
2685,12685,228,10,7,580.47,0.11,3616.33,COD,5/8/2029,4.9,1,West
2686,12686,974,4,1,362.58,0.34,239.3,COD,5/9/2029,1.5,2,West
2687,12687,82,8,3,483.68,0.24,1102.79,Card,5/10/2029,2.8,5,South
2688,12688,128,11,3,169.79,0.14,438.06,COD,5/11/2029,2.8,11,South
2689,12689,735,7,2,137.88,0.25,206.82,COD,5/12/2029,1.0,10,South
2690,12690,827,8,3,473.59,0.01,1406.56,Wallet,5/13/2029,3.7,6,West
2691,12691,143,2,5,416.24,0.05,1977.14,COD,5/14/2029,3.2,2,West
2692,12692,880,9,4,413.37,0.29,1173.97,COD,5/15/2029,3.0,1,South
2693,12693,846,16,3,338.29,0.23,781.45,COD,5/16/2029,4.3,9,East
2694,12694,28,7,1,344.69,0.13,299.88,Card,5/17/2029,2.0,7,North
2695,12695,65,11,5,445.38,0.18,1826.06,Card,5/18/2029,4.4,8,North
2696,12696,161,4,3,172.95,0.32,352.82,COD,5/19/2029,4.5,6,North
2697,12697,226,7,6,221.37,0.22,1036.01,Card,5/20/2029,4.3,9,West
2698,12698,258,10,7,524.91,0.14,3159.96,Card,5/21/2029,2.4,8,West
2699,12699,444,7,3,195.69,0.04,563.59,COD,5/22/2029,1.7,4,North
2700,12700,420,1,6,334.59,0.1,1806.79,Card,5/23/2029,2.9,5,North
2701,12701,455,9,5,426.04,0.34,1405.93,Card,5/24/2029,2.0,2,East
2702,12702,941,10,3,599.96,0.15,1529.9,COD,5/25/2029,1.2,1,West
2703,12703,669,11,6,269.65,0.17,1342.86,COD,5/26/2029,2.1,6,West
2704,12704,297,11,4,265.43,0.17,881.23,Wallet,5/27/2029,2.9,3,North
2705,12705,908,16,2,507.91,0.31,700.92,COD,5/28/2029,1.5,11,East
2706,12706,299,5,5,486.22,0.21,1920.57,COD,5/29/2029,4.8,4,East
2707,12707,284,12,6,442.68,0.24,2018.62,Card,5/30/2029,3.6,1,North
2708,12708,391,12,1,285.99,0.14,245.95,Card,5/31/2029,1.5,6,North
2709,12709,10,11,3,204.5,0.01,607.36,Card,6/1/2029,4.2,8,West
2710,12710,699,1,6,371.11,0.33,1491.86,COD,6/2/2029,4.7,10,North
2711,12711,624,12,7,527.59,0.33,2474.4,COD,6/3/2029,2.1,4,South
2712,12712,267,3,6,532.01,0.33,2138.68,COD,6/4/2029,1.6,10,East
2713,12713,587,6,6,78.47,0.33,315.45,COD,6/5/2029,2.3,8,North
2714,12714,959,9,7,265.58,0.29,1319.93,Card,6/6/2029,4.3,11,South
2715,12715,599,3,2,286.86,0.24,436.03,COD,6/7/2029,1.7,10,East
2716,12716,768,6,7,586.9,0.3,2875.81,Card,6/8/2029,4.1,3,South
2717,12717,833,16,7,411.63,0.21,2276.31,Card,6/9/2029,3.9,11,South
2718,12718,851,4,1,253.24,0.05,240.58,COD,6/10/2029,3.6,7,North
2719,12719,357,12,7,30.24,0.14,182.04,Wallet,6/11/2029,2.7,3,East
2720,12720,254,10,1,345.75,0.34,228.19,Wallet,6/12/2029,2.5,6,South
2721,12721,131,14,4,71.2,0.12,250.62,Wallet,6/13/2029,1.3,4,West
2722,12722,273,12,7,503.15,0.3,2465.43,Card,6/14/2029,2.4,6,East
2723,12723,766,12,2,455.22,0.03,883.13,Card,6/15/2029,3.4,7,West
2724,12724,676,10,7,284.4,0.12,1751.9,Card,6/16/2029,4.6,8,North
2725,12725,961,11,6,266.09,0.12,1404.96,Card,6/17/2029,4.3,6,West
2726,12726,508,13,5,539.94,0.02,2645.71,Card,6/18/2029,1.1,4,East
2727,12727,309,12,2,183.75,0.04,352.8,COD,6/19/2029,1.6,9,South
2728,12728,571,6,7,160.68,0.07,1046.03,COD,6/20/2029,4.4,7,South
2729,12729,875,7,2,564.43,0.29,801.49,Wallet,6/21/2029,4.8,9,East
2730,12730,969,7,1,488.41,0.02,478.64,Wallet,6/22/2029,1.2,3,South
2731,12731,281,11,4,495.07,0.1,1782.25,Card,6/23/2029,3.8,5,West
2732,12732,119,16,4,129.19,0.0,516.76,Wallet,6/24/2029,2.5,1,South
2733,12733,105,10,2,98.83,0.24,150.22,COD,6/25/2029,2.5,11,South
2734,12734,922,13,2,30.23,0.22,47.16,COD,6/26/2029,3.6,8,West
2735,12735,680,2,7,153.67,0.23,828.28,COD,6/27/2029,4.2,1,West
2736,12736,986,6,3,467.9,0.13,1221.22,Card,6/28/2029,2.1,1,West
2737,12737,201,7,6,155.42,0.07,867.24,Wallet,6/29/2029,3.8,7,North
2738,12738,163,5,1,441.53,0.25,331.15,COD,6/30/2029,3.5,11,West
2739,12739,301,8,6,162.37,0.28,701.44,Wallet,7/1/2029,3.1,8,West
2740,12740,492,4,5,246.25,0.05,1169.69,Wallet,7/2/2029,3.4,3,North
2741,12741,626,3,5,590.15,0.17,2449.12,COD,7/3/2029,1.1,2,South
2742,12742,551,12,4,158.21,0.09,575.88,Card,7/4/2029,1.0,7,West
2743,12743,813,6,1,235.18,0.06,221.07,Card,7/5/2029,3.2,10,East
2744,12744,154,3,6,191.14,0.26,848.66,Card,7/6/2029,3.1,5,West
2745,12745,363,1,4,79.13,0.19,256.38,Card,7/7/2029,1.3,1,West
2746,12746,711,6,5,301.59,0.08,1387.31,Wallet,7/8/2029,3.0,2,North
2747,12747,891,5,2,236.53,0.11,421.02,Card,7/9/2029,4.0,3,East
2748,12748,614,9,1,421.51,0.34,278.2,Wallet,7/10/2029,3.2,6,South
2749,12749,248,2,1,493.29,0.3,345.3,COD,7/11/2029,3.1,1,South
2750,12750,946,9,6,333.39,0.31,1380.23,Card,7/12/2029,3.9,8,East
2751,12751,905,7,7,33.83,0.16,198.92,COD,7/13/2029,1.7,2,West
2752,12752,871,11,3,377.07,0.22,882.34,COD,7/14/2029,2.8,5,North
2753,12753,330,10,6,47.4,0.13,247.43,COD,7/15/2029,1.6,8,East
2754,12754,636,8,2,375.57,0.03,728.61,COD,7/16/2029,3.1,5,East
2755,12755,958,1,7,415.74,0.14,2502.75,Card,7/17/2029,3.4,8,South
2756,12756,506,10,7,130.69,0.21,722.72,COD,7/18/2029,1.5,6,North
2757,12757,290,5,7,494.32,0.1,3114.22,COD,7/19/2029,1.3,7,East
2758,12758,20,10,2,547.98,0.3,767.17,COD,7/20/2029,1.7,8,North
2759,12759,279,9,4,490.66,0.05,1864.51,Wallet,7/21/2029,3.3,3,West
2760,12760,787,8,1,193.49,0.13,168.34,Card,7/22/2029,1.8,5,South
2761,12761,1,6,4,358.19,0.04,1375.45,Card,7/23/2029,2.1,10,West
2762,12762,117,11,2,550.17,0.14,946.29,COD,7/24/2029,3.8,7,North
2763,12763,35,12,3,202.59,0.01,601.69,Wallet,7/25/2029,2.0,9,West
2764,12764,195,11,1,494.72,0.1,445.25,Card,7/26/2029,2.6,6,South
2765,12765,480,12,2,20.54,0.14,35.33,Card,7/27/2029,4.7,10,North
2766,12766,748,3,3,17.13,0.17,42.65,Card,7/28/2029,4.3,1,East
2767,12767,58,4,6,459.43,0.19,2232.83,Card,7/29/2029,2.0,11,West
2768,12768,826,9,5,460.45,0.1,2072.02,Card,7/30/2029,3.4,8,South
2769,12769,159,7,7,476.55,0.18,2735.4,Card,7/31/2029,3.7,6,East
2770,12770,684,1,2,559.07,0.18,916.87,COD,8/1/2029,4.6,1,South
2771,12771,203,10,5,83.98,0.11,373.71,Card,8/2/2029,3.2,4,North
2772,12772,12,13,4,150.71,0.29,428.02,Card,8/3/2029,3.2,6,North
2773,12773,485,3,5,543.68,0.19,2201.9,Card,8/4/2029,4.6,10,West
2774,12774,273,12,2,118.68,0.12,208.88,Wallet,8/5/2029,1.2,1,South
2775,12775,686,9,5,414.1,0.33,1387.24,COD,8/6/2029,3.5,10,South
2776,12776,239,4,7,325.32,0.3,1594.07,Wallet,8/7/2029,2.7,5,South
2777,12777,213,6,1,63.67,0.34,42.02,COD,8/8/2029,4.6,3,North
2778,12778,248,10,2,181.88,0.24,276.46,Card,8/9/2029,4.8,7,West
2779,12779,800,11,3,319.42,0.13,833.69,Card,8/10/2029,1.7,8,South
2780,12780,124,8,5,513.62,0.1,2311.29,COD,8/11/2029,2.1,3,South
2781,12781,983,13,1,428.91,0.23,330.26,COD,8/12/2029,2.1,10,East
2782,12782,214,13,7,378.8,0.34,1750.06,COD,8/13/2029,1.4,3,South
2783,12783,302,2,4,305.18,0.22,952.16,COD,8/14/2029,2.9,11,West
2784,12784,787,12,4,189.73,0.31,523.65,COD,8/15/2029,3.1,3,East
2785,12785,183,8,7,84.76,0.12,522.12,Card,8/16/2029,3.3,11,East
2786,12786,39,6,5,254.31,0.14,1093.53,Wallet,8/17/2029,3.7,6,East
2787,12787,220,5,4,31.68,0.32,86.17,COD,8/18/2029,1.3,6,North
2788,12788,182,10,3,138.47,0.26,307.4,Card,8/19/2029,3.5,3,East
2789,12789,490,4,2,268.0,0.34,353.76,COD,8/20/2029,4.7,6,South
2790,12790,423,1,1,259.88,0.27,189.71,COD,8/21/2029,2.8,9,North
2791,12791,176,6,6,40.91,0.16,206.19,Card,8/22/2029,1.4,11,North
2792,12792,908,8,5,359.6,0.19,1456.38,Card,8/23/2029,1.3,8,North
2793,12793,424,12,4,336.57,0.32,915.47,Card,8/24/2029,2.1,11,North
2794,12794,291,7,2,60.69,0.19,98.32,Card,8/25/2029,4.0,7,North
2795,12795,841,15,6,566.75,0.09,3094.46,Card,8/26/2029,2.0,7,North
2796,12796,149,6,3,73.14,0.15,186.51,Card,8/27/2029,4.3,8,North
2797,12797,380,1,4,515.08,0.18,1689.46,Card,8/28/2029,4.3,7,East
2798,12798,632,5,4,15.18,0.03,58.9,Card,8/29/2029,2.8,3,West
2799,12799,802,7,1,531.13,0.26,393.04,Wallet,8/30/2029,2.2,8,South
2800,12800,304,16,3,26.54,0.04,76.44,Card,8/31/2029,3.4,8,South
2801,12801,332,11,3,458.32,0.14,1182.47,Card,9/1/2029,4.2,1,East
2802,12802,935,6,5,226.59,0.28,815.72,Card,9/2/2029,1.3,10,East
2803,12803,738,11,6,446.86,0.16,2252.17,COD,9/3/2029,4.8,5,North
2804,12804,881,5,1,250.02,0.29,177.51,Card,9/4/2029,3.6,5,West
2805,12805,371,14,5,56.48,0.12,248.51,Card,9/5/2029,2.6,1,North
2806,12806,8,5,1,463.99,0.34,306.23,Card,9/6/2029,3.0,6,East
2807,12807,337,14,3,56.68,0.07,158.14,Wallet,9/7/2029,2.5,6,North
2808,12808,127,8,1,554.44,0.01,548.9,COD,9/8/2029,2.7,4,South
2809,12809,766,11,1,44.82,0.31,30.93,Card,9/9/2029,3.4,6,South
2810,12810,663,13,1,295.41,0.26,218.6,Card,9/10/2029,1.2,6,North
2811,12811,348,10,2,437.98,0.08,805.88,Card,9/11/2029,1.7,1,West
2812,12812,354,11,2,245.05,0.34,323.47,Card,9/12/2029,1.9,5,North
2813,12813,512,5,6,142.08,0.18,699.03,COD,9/13/2029,2.6,2,North
2814,12814,490,12,6,459.07,0.33,1845.46,COD,9/14/2029,2.5,7,West
2815,12815,84,10,7,473.81,0.18,2719.67,COD,9/15/2029,3.9,9,West
2816,12816,173,5,3,554.78,0.17,1381.4,Card,9/16/2029,2.0,9,West
2817,12817,792,5,1,235.06,0.16,197.45,COD,9/17/2029,1.2,11,South
2818,12818,191,8,3,311.16,0.12,821.46,Card,9/18/2029,1.2,9,North
2819,12819,307,2,2,227.43,0.19,368.44,Card,9/19/2029,1.0,11,East
2820,12820,117,7,1,165.39,0.16,138.93,COD,9/20/2029,1.2,7,West
2821,12821,215,1,5,454.35,0.01,2249.03,Card,9/21/2029,4.4,7,West
2822,12822,423,10,2,213.7,0.09,388.93,COD,9/22/2029,3.8,1,North
2823,12823,959,6,2,265.47,0.07,493.77,Wallet,9/23/2029,5.0,11,East
2824,12824,410,4,2,251.15,0.3,351.61,Card,9/24/2029,1.1,11,North
2825,12825,112,5,7,431.91,0.21,2388.46,Wallet,9/25/2029,4.4,6,North
2826,12826,967,15,1,551.91,0.27,402.89,Card,9/26/2029,3.8,5,West
2827,12827,143,5,6,405.05,0.33,1628.3,Card,9/27/2029,3.6,8,West
2828,12828,533,9,4,290.88,0.23,895.91,COD,9/28/2029,2.4,8,South
2829,12829,642,7,5,470.83,0.34,1553.74,COD,9/29/2029,2.5,11,East
2830,12830,299,6,5,389.97,0.11,1735.37,Card,9/30/2029,4.4,4,East
2831,12831,736,1,3,50.46,0.07,140.78,COD,10/1/2029,3.9,1,West
2832,12832,870,10,1,70.96,0.14,61.03,Wallet,10/2/2029,3.7,6,West
2833,12833,583,4,6,37.18,0.16,187.39,Card,10/3/2029,1.1,10,West
2834,12834,976,2,2,282.24,0.31,389.49,Wallet,10/4/2029,1.7,1,East
2835,12835,829,11,4,498.12,0.2,1593.98,COD,10/5/2029,4.9,5,South
2836,12836,341,11,1,198.15,0.1,178.34,Wallet,10/6/2029,2.8,5,East
2837,12837,803,4,1,239.73,0.26,177.4,Card,10/7/2029,4.1,3,West
2838,12838,953,2,7,547.04,0.18,3140.01,COD,10/8/2029,2.6,5,West
2839,12839,791,5,6,504.59,0.06,2845.89,Card,10/9/2029,4.1,6,South
2840,12840,1,12,4,404.05,0.2,1292.96,Wallet,10/10/2029,1.5,5,North
2841,12841,145,7,2,171.08,0.32,232.67,COD,10/11/2029,1.2,1,North
2842,12842,284,14,1,83.47,0.29,59.26,Card,10/12/2029,2.9,7,East
2843,12843,965,11,5,24.39,0.21,96.34,Card,10/13/2029,3.4,3,North
2844,12844,648,13,5,77.6,0.13,337.56,Wallet,10/14/2029,2.3,7,North
2845,12845,52,12,4,186.17,0.03,722.34,COD,10/15/2029,3.9,5,East
2846,12846,300,12,2,337.8,0.16,567.5,Card,10/16/2029,3.0,3,West
2847,12847,68,7,4,52.44,0.26,155.22,Card,10/17/2029,4.7,11,North
2848,12848,357,8,1,94.69,0.13,82.38,Wallet,10/18/2029,1.3,6,West
2849,12849,596,10,7,120.93,0.08,778.79,Card,10/19/2029,1.3,1,East
2850,12850,947,6,7,384.71,0.33,1804.29,Card,10/20/2029,4.6,6,West
2851,12851,217,11,5,375.24,0.29,1332.1,Wallet,10/21/2029,3.7,4,West
2852,12852,951,11,7,337.2,0.22,1841.11,Card,10/22/2029,3.7,4,East
2853,12853,696,12,3,161.54,0.05,460.39,Card,10/23/2029,1.1,5,West
2854,12854,955,3,4,232.11,0.05,882.02,Card,10/24/2029,4.8,9,North
2855,12855,570,6,7,71.56,0.04,480.88,Wallet,10/25/2029,4.1,1,North
2856,12856,580,5,3,147.48,0.22,345.1,Card,10/26/2029,4.1,3,North
2857,12857,159,6,3,540.16,0.04,1555.66,COD,10/27/2029,4.6,11,North
2858,12858,674,4,6,588.12,0.29,2505.39,Wallet,10/28/2029,3.3,4,West
2859,12859,87,11,5,393.88,0.35,1280.11,Card,10/29/2029,2.6,2,North
2860,12860,681,15,4,551.34,0.13,1918.66,Wallet,10/30/2029,2.9,9,West
2861,12861,771,15,3,391.0,0.16,985.32,Card,10/31/2029,4.1,11,South
2862,12862,580,8,1,34.42,0.25,25.82,COD,11/1/2029,4.1,7,West
2863,12863,748,9,7,598.11,0.33,2805.14,Card,11/2/2029,3.4,1,North
2864,12864,584,16,6,72.89,0.31,301.76,COD,11/3/2029,1.9,9,South
2865,12865,157,10,2,414.35,0.02,812.13,Card,11/4/2029,4.3,6,East
2866,12866,484,5,7,162.91,0.06,1071.95,Card,11/5/2029,3.6,2,West
2867,12867,960,15,7,244.31,0.26,1265.53,Wallet,11/6/2029,1.9,1,North
2868,12868,320,10,7,392.87,0.24,2090.07,Card,11/7/2029,2.9,6,North
2869,12869,604,15,6,270.35,0.05,1541.0,Wallet,11/8/2029,5.0,7,North
2870,12870,377,9,2,161.57,0.18,264.97,Card,11/9/2029,2.3,10,East
2871,12871,100,16,5,210.65,0.27,768.87,Card,11/10/2029,1.5,6,South
2872,12872,489,6,4,214.81,0.08,790.5,Wallet,11/11/2029,1.1,7,South
2873,12873,638,12,4,576.2,0.3,1613.36,Card,11/12/2029,1.7,6,North
2874,12874,608,10,2,482.19,0.02,945.09,Wallet,11/13/2029,1.7,8,West
2875,12875,19,3,7,283.25,0.27,1447.41,COD,11/14/2029,4.4,2,North
2876,12876,449,11,1,131.9,0.22,102.88,Card,11/15/2029,1.6,9,North
2877,12877,477,12,2,489.44,0.11,871.2,COD,11/16/2029,4.5,9,West
2878,12878,589,11,2,106.95,0.25,160.43,Card,11/17/2029,1.3,11,North
2879,12879,393,5,4,138.12,0.27,403.31,Card,11/18/2029,4.6,9,East
2880,12880,276,5,3,229.12,0.33,460.53,COD,11/19/2029,2.0,7,North
2881,12881,840,9,1,530.0,0.13,461.1,Card,11/20/2029,3.4,9,East
2882,12882,361,9,4,92.1,0.24,279.98,Card,11/21/2029,1.6,1,North
2883,12883,327,10,6,86.51,0.21,410.06,Wallet,11/22/2029,2.6,3,South
2884,12884,635,10,2,303.98,0.18,498.53,Wallet,11/23/2029,1.3,2,West
2885,12885,340,5,3,176.7,0.31,365.77,COD,11/24/2029,3.3,11,South
2886,12886,811,14,1,347.71,0.0,347.71,COD,11/25/2029,2.4,1,North
2887,12887,450,9,5,279.21,0.1,1256.44,COD,11/26/2029,4.4,5,North
2888,12888,595,8,1,269.45,0.19,218.25,COD,11/27/2029,1.7,1,East
2889,12889,717,6,1,80.5,0.06,75.67,Card,11/28/2029,2.1,3,North
2890,12890,649,1,7,97.51,0.32,464.15,Wallet,11/29/2029,1.7,6,North
2891,12891,64,1,2,495.33,0.23,762.81,Card,11/30/2029,3.3,6,North
2892,12892,74,16,2,533.24,0.17,885.18,COD,12/1/2029,1.4,3,South
2893,12893,703,12,5,152.29,0.29,540.63,Wallet,12/2/2029,1.8,4,East
2894,12894,141,11,5,81.37,0.16,341.75,COD,12/3/2029,3.7,7,South
2895,12895,906,9,5,46.25,0.2,185.0,Wallet,12/4/2029,1.3,6,East
2896,12896,904,11,4,370.85,0.0,1483.4,Card,12/5/2029,4.0,11,South
2897,12897,817,6,4,433.48,0.13,1508.51,Card,12/6/2029,1.4,2,North
2898,12898,599,13,2,233.09,0.05,442.87,Wallet,12/7/2029,3.3,9,South
2899,12899,468,1,2,412.61,0.24,627.17,Card,12/8/2029,5.0,6,South
2900,12900,413,14,5,432.08,0.17,1793.13,COD,12/9/2029,1.7,2,East
2901,12901,301,8,4,562.18,0.11,2001.36,Card,12/10/2029,2.0,7,East
2902,12902,728,13,3,52.95,0.16,133.43,COD,12/11/2029,4.6,11,South
2903,12903,492,12,4,127.49,0.07,474.26,COD,12/12/2029,3.5,11,East
2904,12904,288,9,2,55.09,0.32,74.92,Card,12/13/2029,3.0,10,East
2905,12905,929,15,4,522.78,0.02,2049.3,COD,12/14/2029,3.3,10,East
2906,12906,100,12,2,478.66,0.3,670.12,COD,12/15/2029,2.2,4,West
2907,12907,975,7,5,351.17,0.18,1439.8,Card,12/16/2029,4.4,1,East
2908,12908,264,9,7,63.94,0.22,349.11,COD,12/17/2029,4.0,10,West
2909,12909,856,15,5,174.89,0.11,778.26,COD,12/18/2029,3.6,9,West
2910,12910,957,13,5,189.17,0.34,624.26,Card,12/19/2029,4.7,11,East
2911,12911,616,9,3,343.03,0.1,926.18,COD,12/20/2029,3.3,10,South
2912,12912,963,15,7,165.96,0.21,917.76,Card,12/21/2029,3.0,8,East
2913,12913,831,9,3,57.68,0.35,112.48,Card,12/22/2029,4.9,5,North
2914,12914,951,6,2,442.5,0.31,610.65,COD,12/23/2029,1.8,3,South
2915,12915,931,13,1,189.96,0.19,153.87,COD,12/24/2029,1.6,4,West
2916,12916,767,13,6,279.64,0.35,1090.6,Wallet,12/25/2029,1.6,3,West
2917,12917,3,2,3,89.68,0.25,201.78,Card,12/26/2029,5.0,10,South
2918,12918,83,12,2,484.49,0.07,901.15,Card,12/27/2029,3.6,8,South
2919,12919,784,14,7,345.84,0.14,2081.96,Card,12/28/2029,2.2,5,East
2920,12920,324,6,4,542.43,0.12,1909.35,COD,12/29/2029,2.0,11,West
2921,12921,805,2,7,304.85,0.12,1877.88,Card,12/30/2029,1.2,8,North
2922,12922,445,10,5,565.73,0.27,2064.91,COD,12/31/2029,1.5,1,East
2923,12923,449,16,5,536.74,0.2,2146.96,Card,1/1/2030,4.6,9,South
2924,12924,913,5,5,352.23,0.01,1743.54,Wallet,1/2/2030,4.0,11,West
2925,12925,623,11,2,561.33,0.31,774.64,COD,1/3/2030,4.8,10,South
2926,12926,218,8,5,204.01,0.1,918.04,Wallet,1/4/2030,2.7,3,South
2927,12927,152,12,3,228.9,0.35,446.36,Card,1/5/2030,3.4,1,South
2928,12928,659,5,4,41.6,0.33,111.49,COD,1/6/2030,2.9,3,East
2929,12929,12,2,5,359.68,0.33,1204.93,COD,1/7/2030,4.5,2,North
2930,12930,131,6,2,437.33,0.28,629.76,COD,1/8/2030,5.0,7,North
2931,12931,983,8,4,467.51,0.08,1720.44,Card,1/9/2030,4.7,10,West
2932,12932,300,7,5,102.64,0.19,415.69,Wallet,1/10/2030,3.4,4,South
2933,12933,290,10,1,274.83,0.08,252.84,Card,1/11/2030,1.2,7,North
2934,12934,964,12,5,118.46,0.09,538.99,Card,1/12/2030,3.5,3,South
2935,12935,296,7,6,402.34,0.21,1907.09,COD,1/13/2030,1.4,6,West
2936,12936,732,11,7,107.4,0.01,744.28,COD,1/14/2030,1.6,7,South
2937,12937,773,11,3,543.94,0.34,1077.0,COD,1/15/2030,1.8,7,North
2938,12938,43,7,4,149.92,0.32,407.78,Card,1/16/2030,2.5,5,South
2939,12939,933,12,3,185.47,0.13,484.08,Card,1/17/2030,3.4,6,North
2940,12940,339,12,1,512.78,0.18,420.48,COD,1/18/2030,2.3,3,West
2941,12941,322,7,1,283.2,0.16,237.89,Card,1/19/2030,2.8,4,South
2942,12942,803,10,6,29.04,0.31,120.23,Wallet,1/20/2030,1.2,11,North
2943,12943,493,2,3,304.33,0.24,693.87,Wallet,1/21/2030,3.5,6,West
2944,12944,360,4,4,64.46,0.1,232.06,COD,1/22/2030,3.6,3,South
2945,12945,880,15,1,591.43,0.16,496.8,Card,1/23/2030,1.4,7,West
2946,12946,423,11,1,359.05,0.15,305.19,Wallet,1/24/2030,4.1,3,North
2947,12947,21,16,5,165.07,0.34,544.73,Card,1/25/2030,3.6,9,South
2948,12948,403,16,6,344.77,0.06,1944.5,Card,1/26/2030,3.0,4,South
2949,12949,613,16,7,59.97,0.03,407.2,Card,1/27/2030,3.2,2,South
2950,12950,332,9,2,482.94,0.31,666.46,Card,1/28/2030,3.0,6,West
2951,12951,804,5,7,556.32,0.31,2687.03,Wallet,1/29/2030,1.2,9,West
2952,12952,115,15,7,526.55,0.31,2543.24,COD,1/30/2030,3.9,10,North
2953,12953,122,5,1,214.93,0.18,176.24,Wallet,1/31/2030,3.0,10,East
2954,12954,395,6,4,205.57,0.23,633.16,Card,2/1/2030,1.7,2,South
2955,12955,783,7,4,35.53,0.2,113.7,COD,2/2/2030,3.7,4,South
2956,12956,794,5,5,396.07,0.02,1940.74,Wallet,2/3/2030,3.8,5,North
2957,12957,707,11,4,327.92,0.21,1036.23,Wallet,2/4/2030,1.9,9,South
2958,12958,51,6,5,283.72,0.0,1418.6,COD,2/5/2030,4.2,7,West
2959,12959,773,10,1,545.96,0.11,485.9,Card,2/6/2030,2.8,5,West
2960,12960,320,7,1,113.21,0.33,75.85,COD,2/7/2030,1.7,6,South
2961,12961,779,9,7,20.65,0.11,128.65,Card,2/8/2030,3.6,9,South
2962,12962,139,7,1,57.89,0.33,38.79,COD,2/9/2030,3.4,4,West
2963,12963,465,10,1,145.67,0.09,132.56,COD,2/10/2030,1.7,2,South
2964,12964,777,13,2,34.47,0.11,61.36,COD,2/11/2030,4.5,5,West
2965,12965,792,13,6,309.16,0.22,1446.87,COD,2/12/2030,4.4,7,East
2966,12966,330,12,7,198.74,0.27,1015.56,COD,2/13/2030,4.3,4,East
2967,12967,882,11,7,120.58,0.18,692.13,Card,2/14/2030,2.6,1,South
2968,12968,953,10,6,453.8,0.31,1878.73,COD,2/15/2030,4.3,8,South
2969,12969,369,2,2,134.6,0.01,266.51,COD,2/16/2030,4.4,5,South
2970,12970,559,7,1,417.25,0.32,283.73,Card,2/17/2030,5.0,10,West
2971,12971,489,7,4,219.32,0.07,815.87,Card,2/18/2030,4.8,2,East
2972,12972,534,10,5,314.42,0.31,1084.75,Card,2/19/2030,2.5,3,East
2973,12973,663,6,7,561.31,0.14,3379.09,Card,2/20/2030,1.8,10,North
2974,12974,743,3,6,36.85,0.29,156.98,Wallet,2/21/2030,2.2,10,North
2975,12975,154,15,3,307.65,0.24,701.44,Card,2/22/2030,3.0,5,South
2976,12976,288,5,5,514.84,0.06,2419.75,COD,2/23/2030,4.2,11,West
2977,12977,642,12,3,358.96,0.32,732.28,COD,2/24/2030,3.9,4,South
2978,12978,142,10,3,176.97,0.09,483.13,Card,2/25/2030,4.2,9,East
2979,12979,104,9,7,247.64,0.09,1577.47,Wallet,2/26/2030,2.5,9,South
2980,12980,416,11,1,412.96,0.28,297.33,Card,2/27/2030,2.0,8,South
2981,12981,664,12,3,536.12,0.04,1544.03,Wallet,2/28/2030,1.1,2,East
2982,12982,652,10,1,39.02,0.08,35.9,Card,3/1/2030,3.5,5,East
2983,12983,2,8,2,56.85,0.18,93.23,Card,3/2/2030,4.2,8,East
2984,12984,934,1,4,205.16,0.29,582.65,Card,3/3/2030,4.6,8,East
2985,12985,584,7,3,151.18,0.05,430.86,Card,3/4/2030,2.9,7,North
2986,12986,638,13,7,169.98,0.19,963.79,Wallet,3/5/2030,4.7,4,West
2987,12987,88,16,4,144.44,0.25,433.32,Card,3/6/2030,1.8,3,West
2988,12988,341,9,1,129.56,0.3,90.69,COD,3/7/2030,3.1,8,East
2989,12989,346,13,3,91.42,0.33,183.75,Card,3/8/2030,1.9,8,West
2990,12990,454,11,5,561.36,0.27,2048.96,Wallet,3/9/2030,1.8,10,West
2991,12991,260,7,7,99.35,0.23,535.5,COD,3/10/2030,4.8,5,West
2992,12992,347,12,2,134.58,0.15,228.79,COD,3/11/2030,4.3,3,West
2993,12993,106,4,6,159.07,0.04,916.24,Card,3/12/2030,1.0,5,East
2994,12994,581,9,2,560.81,0.25,841.21,COD,3/13/2030,2.1,4,South
2995,12995,39,10,3,457.09,0.35,891.33,Card,3/14/2030,1.8,8,South
2996,12996,898,1,7,476.97,0.26,2470.7,Card,3/15/2030,1.6,2,South
2997,12997,157,12,2,76.28,0.01,151.03,COD,3/16/2030,3.8,11,North
2998,12998,578,13,6,504.24,0.17,2511.12,Wallet,3/17/2030,3.3,8,West
2999,12999,948,15,5,253.79,0.22,989.78,Wallet,3/18/2030,2.8,10,East
3000,13000,308,13,4,168.75,0.24,513.0,COD,3/19/2030,1.8,6,East
3001,13001,238,3,5,351.81,0.25,1319.29,COD,3/20/2030,2.1,4,North
3002,13002,927,2,2,495.98,0.2,793.57,Wallet,3/21/2030,2.4,11,East
3003,13003,440,11,6,470.51,0.08,2597.22,COD,3/22/2030,4.1,3,South
3004,13004,295,14,4,535.65,0.33,1435.54,Card,3/23/2030,5.0,10,North
3005,13005,941,6,7,557.96,0.24,2968.35,Wallet,3/24/2030,1.7,5,East
3006,13006,36,5,6,154.3,0.08,851.74,Card,3/25/2030,2.4,6,North
3007,13007,82,12,5,262.96,0.11,1170.17,Card,3/26/2030,2.1,1,North
3008,13008,447,16,1,23.56,0.32,16.02,COD,3/27/2030,1.2,1,East
3009,13009,875,1,1,529.4,0.31,365.29,Card,3/28/2030,1.9,11,South
3010,13010,765,2,4,105.42,0.14,362.64,Card,3/29/2030,4.6,10,East
3011,13011,811,8,4,518.96,0.01,2055.08,Card,3/30/2030,4.4,3,West
3012,13012,381,11,4,207.69,0.02,814.14,COD,3/31/2030,1.7,2,West
3013,13013,170,8,1,230.36,0.1,207.32,Wallet,4/1/2030,2.5,1,East
3014,13014,372,14,5,37.89,0.22,147.77,Card,4/2/2030,2.2,11,South
3015,13015,678,14,4,206.22,0.2,659.9,Card,4/3/2030,1.6,8,West
3016,13016,358,7,1,534.69,0.22,417.06,Card,4/4/2030,3.5,1,West
3017,13017,554,9,4,29.95,0.25,89.85,COD,4/5/2030,3.2,10,East
3018,13018,880,8,4,252.7,0.01,1000.69,COD,4/6/2030,2.7,8,East
3019,13019,139,5,6,33.37,0.04,192.21,COD,4/7/2030,4.4,5,East
3020,13020,876,4,4,231.99,0.13,807.33,Card,4/8/2030,3.5,4,North
3021,13021,907,7,1,115.99,0.05,110.19,COD,4/9/2030,2.0,8,North
3022,13022,116,9,5,162.55,0.03,788.37,COD,4/10/2030,2.5,8,North
3023,13023,274,8,1,528.4,0.22,412.15,Card,4/11/2030,1.6,11,East
3024,13024,718,12,1,270.09,0.29,191.76,Card,4/12/2030,3.4,8,South
3025,13025,217,2,4,175.17,0.26,518.5,Card,4/13/2030,3.3,3,West
3026,13026,894,6,6,359.76,0.29,1532.58,Wallet,4/14/2030,4.5,8,North
3027,13027,26,8,3,98.13,0.23,226.68,Wallet,4/15/2030,4.4,1,South
3028,13028,516,6,7,166.74,0.26,863.71,COD,4/16/2030,4.3,4,East
3029,13029,773,16,3,334.56,0.1,903.31,Wallet,4/17/2030,3.2,5,North
3030,13030,10,16,3,153.95,0.35,300.2,COD,4/18/2030,3.6,6,East
3031,13031,973,14,1,412.29,0.06,387.55,Wallet,4/19/2030,4.1,5,South
3032,13032,374,10,4,302.52,0.08,1113.27,Card,4/20/2030,1.4,5,North
3033,13033,627,10,7,466.61,0.1,2939.64,COD,4/21/2030,2.2,5,North
3034,13034,631,9,3,569.72,0.34,1128.05,COD,4/22/2030,1.7,9,North
3035,13035,675,15,2,82.75,0.35,107.58,COD,4/23/2030,3.0,10,North
3036,13036,579,12,2,210.78,0.28,303.52,Card,4/24/2030,4.4,10,South
3037,13037,150,7,2,201.94,0.22,315.03,Card,4/25/2030,1.9,3,North
3038,13038,712,1,5,103.44,0.18,424.1,Card,4/26/2030,3.9,2,West
3039,13039,49,1,4,489.03,0.34,1291.04,Card,4/27/2030,2.6,10,West
3040,13040,152,8,1,459.53,0.24,349.24,Card,4/28/2030,4.6,2,East
3041,13041,848,8,1,298.39,0.33,199.92,COD,4/29/2030,3.5,8,North
3042,13042,290,11,4,329.6,0.11,1173.38,Wallet,4/30/2030,4.9,5,West
3043,13043,575,15,6,49.83,0.12,263.1,COD,5/1/2030,2.0,5,West
3044,13044,50,14,7,339.97,0.3,1665.85,Wallet,5/2/2030,4.7,6,West
3045,13045,658,11,6,477.93,0.05,2724.2,Wallet,5/3/2030,2.4,9,South
3046,13046,526,7,5,350.69,0.33,1174.81,Card,5/4/2030,3.5,7,North
3047,13047,606,13,4,170.2,0.18,558.26,Card,5/5/2030,1.7,5,South
3048,13048,59,3,6,405.52,0.32,1654.52,Card,5/6/2030,4.0,5,South
3049,13049,165,10,7,226.47,0.12,1395.06,Wallet,5/7/2030,4.9,10,West
3050,13050,199,7,5,333.75,0.25,1251.56,Card,5/8/2030,4.1,9,West
3051,13051,846,12,3,300.23,0.17,747.57,COD,5/9/2030,3.5,9,East
3052,13052,144,10,3,237.99,0.22,556.9,Card,5/10/2030,2.8,2,North
3053,13053,904,4,5,435.54,0.18,1785.71,Wallet,5/11/2030,2.4,7,North
3054,13054,669,13,4,532.07,0.34,1404.66,Card,5/12/2030,2.7,10,West
3055,13055,959,14,3,18.05,0.24,41.15,Wallet,5/13/2030,2.3,1,West
3056,13056,982,10,4,561.17,0.09,2042.66,Card,5/14/2030,4.3,4,North
3057,13057,434,15,6,314.24,0.32,1282.1,Card,5/15/2030,4.6,2,East
3058,13058,239,6,3,424.93,0.1,1147.31,COD,5/16/2030,4.8,10,West
3059,13059,576,9,7,515.54,0.13,3139.64,Wallet,5/17/2030,2.7,9,East
3060,13060,680,5,7,288.26,0.04,1937.11,COD,5/18/2030,3.2,6,South
3061,13061,556,9,6,503.46,0.31,2084.32,Wallet,5/19/2030,3.3,4,West
3062,13062,478,14,7,118.91,0.1,749.13,COD,5/20/2030,3.6,3,South
3063,13063,106,6,4,108.11,0.09,393.52,COD,5/21/2030,1.0,4,West
3064,13064,223,11,4,399.62,0.32,1086.97,Card,5/22/2030,4.4,2,South
3065,13065,666,9,7,524.03,0.28,2641.11,Card,5/23/2030,2.1,5,West
3066,13066,625,11,2,537.07,0.05,1020.43,Card,5/24/2030,2.9,9,East
3067,13067,655,9,5,391.59,0.27,1429.3,Wallet,5/25/2030,4.4,6,East
3068,13068,966,7,1,322.41,0.32,219.24,Wallet,5/26/2030,5.0,2,East
3069,13069,656,16,5,208.86,0.03,1012.97,COD,5/27/2030,4.2,6,South
3070,13070,428,12,7,588.3,0.29,2923.85,Card,5/28/2030,1.1,9,East
3071,13071,795,9,4,202.02,0.19,654.54,Card,5/29/2030,2.5,4,South
3072,13072,649,7,4,450.35,0.23,1387.08,Wallet,5/30/2030,2.0,1,West
3073,13073,415,14,5,326.21,0.17,1353.77,Card,5/31/2030,4.9,2,South
3074,13074,977,10,4,370.98,0.24,1127.78,Wallet,6/1/2030,2.1,5,West
3075,13075,450,10,6,245.19,0.01,1456.43,Card,6/2/2030,4.8,10,North
3076,13076,158,7,3,579.42,0.27,1268.93,Card,6/3/2030,4.8,7,North
3077,13077,518,12,4,349.43,0.01,1383.74,Wallet,6/4/2030,4.4,8,North
3078,13078,644,10,7,563.61,0.16,3314.03,Card,6/5/2030,1.4,3,South
3079,13079,958,13,7,19.44,0.05,129.28,Card,6/6/2030,1.0,9,North
3080,13080,585,8,5,350.01,0.29,1242.54,Wallet,6/7/2030,4.2,2,North
3081,13081,75,5,5,434.55,0.11,1933.75,COD,6/8/2030,4.4,4,North
3082,13082,504,15,5,450.87,0.16,1893.65,COD,6/9/2030,4.8,4,West
3083,13083,436,14,7,544.41,0.15,3239.24,COD,6/10/2030,1.9,6,East
3084,13084,251,9,2,17.57,0.27,25.65,Card,6/11/2030,3.9,10,South
3085,13085,910,7,7,15.19,0.17,88.25,Card,6/12/2030,3.1,6,North
3086,13086,760,10,6,291.27,0.28,1258.29,COD,6/13/2030,2.3,3,West
3087,13087,316,11,7,32.14,0.03,218.23,Card,6/14/2030,3.4,9,East
3088,13088,793,13,6,585.1,0.07,3264.86,Card,6/15/2030,3.2,11,East
3089,13089,260,4,7,144.91,0.19,821.64,COD,6/16/2030,2.2,5,East
3090,13090,592,1,7,291.51,0.33,1367.18,Card,6/17/2030,2.1,2,West
3091,13091,652,5,2,50.77,0.03,98.49,COD,6/18/2030,2.9,6,North
3092,13092,824,12,6,320.4,0.02,1883.95,Card,6/19/2030,2.9,3,East
3093,13093,549,11,2,237.27,0.05,450.81,Card,6/20/2030,2.2,8,West
3094,13094,370,15,6,41.13,0.22,192.49,Card,6/21/2030,2.1,3,West
3095,13095,631,5,2,211.05,0.14,363.01,Wallet,6/22/2030,4.8,5,South
3096,13096,165,5,2,243.99,0.29,346.47,Card,6/23/2030,4.4,4,West
3097,13097,926,15,6,594.1,0.03,3457.66,COD,6/24/2030,4.3,4,East
3098,13098,745,16,2,136.61,0.07,254.09,COD,6/25/2030,1.9,2,East
3099,13099,454,14,7,333.7,0.11,2078.95,Card,6/26/2030,1.8,8,West
3100,13100,988,12,6,592.58,0.22,2773.27,COD,6/27/2030,4.2,3,East
3101,13101,277,13,2,478.33,0.24,727.06,Wallet,6/28/2030,1.7,4,West
3102,13102,692,3,7,596.12,0.04,4005.93,COD,6/29/2030,3.0,6,East
3103,13103,298,12,7,581.45,0.33,2727.0,Card,6/30/2030,1.9,9,South
3104,13104,526,5,5,301.38,0.12,1326.07,COD,7/1/2030,2.5,4,North
3105,13105,575,10,1,422.38,0.25,316.78,COD,7/2/2030,4.4,3,South
3106,13106,215,2,6,79.61,0.18,391.68,Card,7/3/2030,4.6,5,South
3107,13107,100,12,2,273.07,0.08,502.45,Card,7/4/2030,5.0,9,North
3108,13108,549,5,5,488.28,0.3,1708.98,Card,7/5/2030,4.8,1,East
3109,13109,285,9,1,310.62,0.29,220.54,Card,7/6/2030,3.7,5,North
3110,13110,165,14,2,426.08,0.14,732.86,Card,7/7/2030,2.7,11,West
3111,13111,615,11,1,451.26,0.21,356.5,COD,7/8/2030,1.2,4,North
3112,13112,36,11,6,163.28,0.09,891.51,Card,7/9/2030,3.4,5,South
3113,13113,736,8,7,527.28,0.24,2805.13,Wallet,7/10/2030,1.8,7,North
3114,13114,733,4,7,284.0,0.11,1769.32,COD,7/11/2030,4.4,7,East
3115,13115,349,10,1,137.96,0.3,96.57,Wallet,7/12/2030,3.2,7,South
3116,13116,669,9,7,521.27,0.08,3356.98,COD,7/13/2030,3.9,1,West
3117,13117,888,15,3,259.42,0.01,770.48,Card,7/14/2030,3.7,9,East
3118,13118,71,7,4,453.93,0.09,1652.31,COD,7/15/2030,2.4,7,South
3119,13119,642,3,7,335.6,0.07,2184.76,Wallet,7/16/2030,4.0,4,West
3120,13120,349,11,3,238.39,0.18,586.44,Card,7/17/2030,4.4,4,East
3121,13121,880,6,6,488.78,0.07,2727.39,Card,7/18/2030,4.0,2,West
3122,13122,69,11,6,356.91,0.27,1563.27,Card,7/19/2030,4.1,6,North
3123,13123,421,9,1,243.48,0.08,224.0,Card,7/20/2030,2.4,10,North
3124,13124,988,15,7,79.11,0.25,415.33,Card,7/21/2030,4.8,3,West
3125,13125,700,8,7,538.84,0.2,3017.5,Card,7/22/2030,2.7,1,North
3126,13126,771,13,7,35.75,0.35,162.66,Card,7/23/2030,4.6,5,West
3127,13127,556,11,5,519.96,0.35,1689.87,COD,7/24/2030,4.4,6,East
3128,13128,817,6,2,225.58,0.3,315.81,Card,7/25/2030,1.5,11,South
3129,13129,636,6,4,389.01,0.27,1135.91,COD,7/26/2030,4.9,5,West
3130,13130,945,3,7,554.49,0.14,3338.03,COD,7/27/2030,5.0,5,South
3131,13131,512,12,2,103.75,0.26,153.55,COD,7/28/2030,3.4,10,South
3132,13132,424,10,5,346.67,0.33,1161.34,Card,7/29/2030,4.1,11,West
3133,13133,534,5,6,462.19,0.01,2745.41,COD,7/30/2030,4.7,8,North
3134,13134,158,8,4,458.19,0.19,1484.54,Card,7/31/2030,1.1,10,East
3135,13135,147,10,3,322.49,0.08,890.07,Card,8/1/2030,4.7,1,South
3136,13136,766,4,6,380.47,0.2,1826.26,COD,8/2/2030,3.5,8,East
3137,13137,227,10,6,458.15,0.16,2309.08,Card,8/3/2030,4.3,11,South
3138,13138,704,2,1,507.0,0.2,405.6,Card,8/4/2030,3.2,7,West
3139,13139,557,12,5,460.66,0.19,1865.67,Card,8/5/2030,3.1,1,North
3140,13140,66,15,1,222.09,0.34,146.58,Card,8/6/2030,4.6,9,East
3141,13141,801,3,1,598.08,0.19,484.44,Card,8/7/2030,3.0,4,South
3142,13142,377,12,2,269.18,0.3,376.85,Wallet,8/8/2030,2.9,7,West
3143,13143,57,2,6,29.31,0.11,156.52,Card,8/9/2030,3.4,3,West
3144,13144,256,6,5,227.13,0.15,965.3,COD,8/10/2030,3.1,8,South
3145,13145,338,2,1,89.75,0.16,75.39,COD,8/11/2030,2.8,4,South
3146,13146,827,14,3,86.04,0.1,232.31,COD,8/12/2030,1.7,2,South
3147,13147,128,10,4,179.7,0.13,625.36,Wallet,8/13/2030,2.6,2,North
3148,13148,719,11,7,46.22,0.21,255.6,Wallet,8/14/2030,2.1,8,South
3149,13149,170,10,5,417.78,0.2,1671.12,COD,8/15/2030,2.6,8,South
3150,13150,760,12,2,58.28,0.22,90.92,Wallet,8/16/2030,3.4,1,North
3151,13151,608,10,5,133.92,0.12,589.25,Card,8/17/2030,3.4,6,West
3152,13152,206,10,6,69.35,0.11,370.33,COD,8/18/2030,2.0,9,South
3153,13153,793,7,2,51.95,0.21,82.08,Wallet,8/19/2030,1.3,9,East
3154,13154,350,13,4,171.63,0.05,652.19,COD,8/20/2030,4.0,2,West
3155,13155,466,9,3,349.56,0.09,954.3,Wallet,8/21/2030,3.1,8,East
3156,13156,788,10,1,579.34,0.01,573.55,Card,8/22/2030,2.8,8,South
3157,13157,114,7,5,527.2,0.03,2556.92,Card,8/23/2030,1.5,4,North
3158,13158,261,10,2,527.42,0.09,959.9,Wallet,8/24/2030,2.7,4,North
3159,13159,656,9,4,118.0,0.01,467.28,Card,8/25/2030,4.3,5,North
3160,13160,801,11,1,169.97,0.09,154.67,COD,8/26/2030,3.3,11,South
3161,13161,437,4,7,59.69,0.23,321.73,Card,8/27/2030,1.4,10,South
3162,13162,543,16,4,470.4,0.02,1843.97,COD,8/28/2030,2.3,7,East
3163,13163,448,7,3,55.84,0.15,142.39,Wallet,8/29/2030,4.9,1,North
3164,13164,834,16,1,340.67,0.32,231.66,Card,8/30/2030,3.2,11,South
3165,13165,472,7,1,160.01,0.28,115.21,Card,8/31/2030,2.1,9,West
3166,13166,284,14,7,157.42,0.11,980.73,Card,9/1/2030,4.7,3,South
3167,13167,299,14,1,594.57,0.32,404.31,Wallet,9/2/2030,2.3,11,South
3168,13168,307,5,2,457.72,0.12,805.59,COD,9/3/2030,3.9,4,West
3169,13169,205,10,1,504.61,0.03,489.47,Card,9/4/2030,1.6,7,North
3170,13170,612,10,4,349.61,0.35,908.99,Card,9/5/2030,1.6,5,West
3171,13171,441,5,2,524.54,0.3,734.36,Wallet,9/6/2030,3.2,5,North
3172,13172,664,3,1,392.61,0.16,329.79,Wallet,9/7/2030,2.0,1,West
3173,13173,627,6,4,568.51,0.23,1751.01,Card,9/8/2030,1.2,2,East
3174,13174,54,14,4,179.58,0.23,553.11,Card,9/9/2030,4.7,5,North
3175,13175,901,2,5,363.26,0.07,1689.16,COD,9/10/2030,1.2,2,South
3176,13176,12,9,4,418.73,0.07,1557.68,COD,9/11/2030,3.9,1,East
3177,13177,651,15,7,244.87,0.16,1439.84,Wallet,9/12/2030,2.3,10,North
3178,13178,396,13,6,529.63,0.32,2160.89,COD,9/13/2030,4.7,3,North
3179,13179,897,4,3,588.18,0.0,1764.54,COD,9/14/2030,4.9,11,North
3180,13180,642,2,1,303.86,0.27,221.82,COD,9/15/2030,2.3,1,West
3181,13181,969,16,7,243.52,0.02,1670.55,Wallet,9/16/2030,3.4,10,North
3182,13182,510,11,1,291.08,0.17,241.6,Card,9/17/2030,4.1,8,South
3183,13183,650,14,1,513.85,0.22,400.8,Card,9/18/2030,1.5,8,North
3184,13184,537,12,4,392.6,0.24,1193.5,Card,9/19/2030,3.8,8,South
3185,13185,234,16,4,41.19,0.02,161.46,Wallet,9/20/2030,4.6,7,South
3186,13186,276,4,1,332.17,0.15,282.34,COD,9/21/2030,1.7,7,South
3187,13187,344,6,6,25.12,0.2,120.58,Card,9/22/2030,4.4,2,East
3188,13188,621,6,2,470.44,0.02,922.06,COD,9/23/2030,1.5,9,South
3189,13189,102,6,2,207.06,0.05,393.41,Card,9/24/2030,3.3,7,West
3190,13190,624,6,3,291.12,0.23,672.49,Card,9/25/2030,2.4,5,North
3191,13191,512,9,5,482.23,0.18,1977.14,Card,9/26/2030,2.9,4,West
3192,13192,969,16,7,42.17,0.06,277.48,COD,9/27/2030,2.2,8,East
3193,13193,861,1,3,107.75,0.19,261.83,COD,9/28/2030,2.0,5,North
3194,13194,245,3,1,247.81,0.32,168.51,Wallet,9/29/2030,4.0,6,South
3195,13195,360,12,7,149.51,0.01,1036.1,Wallet,9/30/2030,1.9,4,North
3196,13196,317,2,1,212.67,0.22,165.88,Card,10/1/2030,2.6,2,East
3197,13197,627,14,1,598.93,0.03,580.96,COD,10/2/2030,2.1,7,East
3198,13198,283,10,5,497.87,0.0,2489.35,Card,10/3/2030,2.0,2,West
3199,13199,147,9,4,532.08,0.05,2021.9,Card,10/4/2030,3.5,11,North
3200,13200,82,10,5,563.18,0.15,2393.51,Card,10/5/2030,1.2,7,North
3201,13201,955,4,3,214.45,0.28,463.21,Card,10/6/2030,4.2,7,North
3202,13202,402,8,4,188.79,0.1,679.64,Card,10/7/2030,3.2,1,West
3203,13203,967,15,4,151.93,0.22,474.02,Card,10/8/2030,4.3,10,East
3204,13204,451,12,3,500.62,0.14,1291.6,COD,10/9/2030,1.9,10,South
3205,13205,735,14,4,412.54,0.08,1518.15,Card,10/10/2030,3.8,3,North
3206,13206,790,12,7,153.16,0.18,879.14,COD,10/11/2030,2.7,3,West
3207,13207,159,8,2,235.54,0.28,339.18,Card,10/12/2030,1.3,11,West
3208,13208,774,5,3,311.43,0.29,663.35,Card,10/13/2030,4.0,6,South
3209,13209,455,12,3,323.96,0.3,680.32,Card,10/14/2030,4.0,11,East
3210,13210,545,15,2,534.91,0.12,941.44,Card,10/15/2030,2.1,3,North
3211,13211,495,12,5,237.63,0.28,855.47,Card,10/16/2030,4.7,9,North
3212,13212,730,13,5,546.49,0.07,2541.18,COD,10/17/2030,4.1,5,West
3213,13213,504,5,5,273.2,0.26,1010.84,COD,10/18/2030,2.2,6,East
3214,13214,648,8,4,451.63,0.33,1210.37,Card,10/19/2030,2.0,6,North
3215,13215,794,12,2,559.2,0.0,1118.4,Card,10/20/2030,2.8,8,South
3216,13216,476,9,7,545.93,0.15,3248.28,Wallet,10/21/2030,2.2,10,East
3217,13217,657,2,3,48.32,0.23,111.62,Card,10/22/2030,1.9,11,East
3218,13218,112,12,3,135.34,0.25,304.52,Card,10/23/2030,2.6,3,West
3219,13219,741,13,3,293.99,0.06,829.05,COD,10/24/2030,1.1,9,West
3220,13220,573,4,4,267.46,0.34,706.09,COD,10/25/2030,2.6,7,North
3221,13221,357,9,4,389.92,0.22,1216.55,COD,10/26/2030,1.9,11,West
3222,13222,337,10,6,567.65,0.06,3201.55,COD,10/27/2030,2.1,6,East
3223,13223,760,15,7,80.76,0.01,559.67,Card,10/28/2030,1.3,11,North
3224,13224,976,4,5,279.34,0.27,1019.59,Card,10/29/2030,3.4,1,North
3225,13225,752,4,6,127.56,0.03,742.4,Card,10/30/2030,2.9,4,East
3226,13226,958,7,6,538.05,0.05,3066.88,COD,10/31/2030,4.0,5,North
3227,13227,444,15,4,579.28,0.2,1853.7,Wallet,11/1/2030,4.9,2,South
3228,13228,832,12,5,295.04,0.21,1165.41,Card,11/2/2030,1.5,1,South
3229,13229,824,2,5,75.85,0.24,288.23,Card,11/3/2030,2.1,2,North
3230,13230,178,4,3,474.4,0.14,1223.95,Card,11/4/2030,3.7,8,West
3231,13231,694,11,4,422.83,0.27,1234.66,Card,11/5/2030,1.9,10,South
3232,13232,403,9,5,222.48,0.34,734.18,Card,11/6/2030,1.1,6,North
3233,13233,660,10,6,534.13,0.09,2916.35,COD,11/7/2030,1.4,10,South
3234,13234,194,12,2,585.86,0.25,878.79,Wallet,11/8/2030,2.7,2,West
3235,13235,461,16,2,341.34,0.32,464.22,Card,11/9/2030,2.7,9,East
3236,13236,307,5,4,345.95,0.24,1051.69,Card,11/10/2030,4.9,8,North
3237,13237,259,9,3,189.05,0.24,431.03,Card,11/11/2030,2.9,4,North
3238,13238,415,10,3,356.94,0.08,985.15,Card,11/12/2030,3.7,11,North
3239,13239,402,2,5,272.19,0.19,1102.37,Card,11/13/2030,3.0,10,North
3240,13240,928,8,7,191.78,0.2,1073.97,COD,11/14/2030,2.1,7,North
3241,13241,141,8,4,54.3,0.25,162.9,Card,11/15/2030,1.4,3,North
3242,13242,338,11,7,162.83,0.35,740.88,Wallet,11/16/2030,4.4,6,West
3243,13243,312,4,2,130.74,0.01,258.87,COD,11/17/2030,1.6,3,East
3244,13244,99,13,6,332.09,0.02,1952.69,COD,11/18/2030,1.4,10,West
3245,13245,241,10,5,366.98,0.03,1779.85,Card,11/19/2030,1.9,3,West
3246,13246,485,12,6,371.01,0.26,1647.28,COD,11/20/2030,1.0,11,East
3247,13247,12,10,7,242.09,0.05,1609.9,COD,11/21/2030,1.3,9,West
3248,13248,236,12,5,261.42,0.22,1019.54,Card,11/22/2030,3.5,6,South
3249,13249,556,5,1,503.03,0.11,447.7,Card,11/23/2030,2.0,8,West
3250,13250,42,3,6,293.6,0.16,1479.74,Wallet,11/24/2030,2.4,4,North
3251,13251,671,7,4,592.85,0.08,2181.69,Card,11/25/2030,4.3,4,South
3252,13252,589,14,6,272.18,0.3,1143.16,Card,11/26/2030,4.1,8,South
3253,13253,425,5,6,395.0,0.21,1872.3,Card,11/27/2030,3.0,7,East
3254,13254,793,13,5,44.46,0.33,148.94,Card,11/28/2030,3.5,5,West
3255,13255,156,13,2,397.2,0.2,635.52,Card,11/29/2030,1.3,2,West
3256,13256,213,12,7,513.08,0.04,3447.9,Card,11/30/2030,4.0,6,South
3257,13257,664,7,1,566.34,0.06,532.36,COD,12/1/2030,3.1,1,West
3258,13258,457,5,6,598.43,0.35,2333.88,Card,12/2/2030,3.3,7,West
3259,13259,132,12,7,180.07,0.25,945.37,COD,12/3/2030,3.7,9,East
3260,13260,66,6,7,351.59,0.02,2411.91,COD,12/4/2030,3.0,5,South
3261,13261,837,8,2,278.67,0.25,418.0,Card,12/5/2030,3.1,5,North
3262,13262,7,4,3,344.83,0.14,889.66,COD,12/6/2030,3.0,7,South
3263,13263,937,5,1,107.11,0.11,95.33,COD,12/7/2030,3.0,5,East
3264,13264,521,14,1,515.85,0.05,490.06,COD,12/8/2030,4.0,10,East
3265,13265,71,7,7,547.1,0.29,2719.09,COD,12/9/2030,2.7,4,East
3266,13266,395,14,5,278.05,0.02,1362.44,COD,12/10/2030,1.0,1,West
3267,13267,401,6,6,179.05,0.1,966.87,Card,12/11/2030,3.4,6,South
3268,13268,668,2,3,97.39,0.11,260.03,COD,12/12/2030,4.8,9,West
3269,13269,573,6,5,415.0,0.06,1950.5,Card,12/13/2030,2.0,4,West
3270,13270,848,5,4,197.66,0.18,648.32,COD,12/14/2030,4.3,10,South
3271,13271,128,8,2,547.08,0.0,1094.16,Card,12/15/2030,2.8,11,East
3272,13272,920,7,2,407.54,0.11,725.42,Wallet,12/16/2030,3.6,4,North
3273,13273,461,11,5,392.73,0.33,1315.65,COD,12/17/2030,4.6,5,North
3274,13274,203,12,7,342.25,0.11,2132.22,COD,12/18/2030,4.1,6,South
3275,13275,778,11,2,41.78,0.13,72.7,COD,12/19/2030,4.5,3,South
3276,13276,967,2,6,560.17,0.17,2789.65,Wallet,12/20/2030,1.0,9,East
3277,13277,758,9,2,382.34,0.2,611.74,COD,12/21/2030,1.7,1,South
3278,13278,263,10,6,596.53,0.28,2577.01,Card,12/22/2030,2.7,11,South
3279,13279,532,14,4,329.35,0.07,1225.18,Wallet,12/23/2030,4.4,6,East
3280,13280,951,9,3,430.41,0.31,890.95,COD,12/24/2030,4.4,6,East
3281,13281,783,7,1,47.88,0.27,34.95,COD,12/25/2030,1.7,8,West
3282,13282,250,9,5,384.57,0.25,1442.14,Wallet,12/26/2030,1.6,5,South
3283,13283,811,4,5,462.32,0.03,2242.25,Card,12/27/2030,4.3,9,North
3284,13284,286,4,6,470.43,0.01,2794.35,Card,12/28/2030,3.2,9,South
3285,13285,162,4,4,465.52,0.21,1471.04,COD,12/29/2030,3.5,2,North
3286,13286,93,5,4,147.38,0.3,412.66,COD,12/30/2030,4.2,5,North
3287,13287,772,16,7,585.61,0.2,3279.42,Card,12/31/2030,1.8,7,North
3288,13288,822,10,1,597.18,0.07,555.38,COD,1/1/2031,1.5,2,West
3289,13289,108,10,3,59.22,0.03,172.33,COD,1/2/2031,4.4,7,East
3290,13290,332,12,5,562.82,0.24,2138.72,COD,1/3/2031,1.4,9,East
3291,13291,811,8,6,184.33,0.25,829.48,Wallet,1/4/2031,1.4,8,West
3292,13292,235,8,4,418.23,0.06,1572.54,Card,1/5/2031,2.1,10,East
3293,13293,377,8,5,212.79,0.01,1053.31,COD,1/6/2031,2.3,9,West
3294,13294,431,9,6,581.14,0.14,2998.68,COD,1/7/2031,2.0,4,South
3295,13295,888,5,2,74.38,0.2,119.01,Card,1/8/2031,4.0,8,West
3296,13296,478,14,5,306.18,0.25,1148.18,Card,1/9/2031,4.9,9,East
3297,13297,926,7,3,265.41,0.28,573.29,Card,1/10/2031,1.8,10,East
3298,13298,891,14,6,205.72,0.21,975.11,COD,1/11/2031,4.1,2,South
3299,13299,25,9,3,392.64,0.04,1130.8,Card,1/12/2031,1.2,10,West
3300,13300,647,14,5,91.67,0.24,348.35,Card,1/13/2031,1.5,3,South
3301,13301,115,6,2,434.25,0.34,573.21,Card,1/14/2031,3.1,1,North
3302,13302,477,9,3,588.65,0.32,1200.85,COD,1/15/2031,5.0,1,West
3303,13303,388,11,4,485.67,0.31,1340.45,COD,1/16/2031,4.8,10,South
3304,13304,906,5,6,518.11,0.11,2766.71,COD,1/17/2031,1.4,6,South
3305,13305,983,14,5,225.39,0.26,833.94,Card,1/18/2031,2.0,1,East
3306,13306,953,5,2,205.06,0.3,287.08,COD,1/19/2031,4.8,5,West
3307,13307,532,11,4,317.47,0.24,965.11,COD,1/20/2031,1.6,6,North
3308,13308,77,3,5,41.75,0.09,189.96,Card,1/21/2031,4.0,9,North
3309,13309,575,13,7,568.03,0.33,2664.06,Card,1/22/2031,1.0,6,West
3310,13310,171,5,2,99.11,0.16,166.5,Wallet,1/23/2031,3.5,4,West
3311,13311,945,5,4,543.26,0.05,2064.39,COD,1/24/2031,3.0,1,South
3312,13312,12,12,3,63.9,0.04,184.03,COD,1/25/2031,2.9,6,East
3313,13313,790,6,5,496.24,0.23,1910.52,Card,1/26/2031,4.3,7,East
3314,13314,126,6,5,103.9,0.15,441.58,Wallet,1/27/2031,1.3,5,East
3315,13315,602,3,3,37.31,0.03,108.57,COD,1/28/2031,2.5,6,West
3316,13316,90,6,7,435.9,0.26,2257.96,Wallet,1/29/2031,2.8,10,East
3317,13317,647,8,1,178.96,0.28,128.85,Wallet,1/30/2031,1.5,8,South
3318,13318,538,7,4,432.98,0.25,1298.94,Wallet,1/31/2031,1.3,1,West
3319,13319,835,1,3,339.72,0.07,947.82,Wallet,2/1/2031,1.7,8,West
3320,13320,527,13,5,78.65,0.24,298.87,Card,2/2/2031,2.0,11,East
3321,13321,652,7,4,560.3,0.0,2241.2,Wallet,2/3/2031,4.9,2,North
3322,13322,978,15,7,279.6,0.11,1741.91,Card,2/4/2031,2.9,2,North
3323,13323,817,7,4,444.65,0.14,1529.6,Wallet,2/5/2031,3.0,8,South
3324,13324,442,8,1,308.1,0.29,218.75,Card,2/6/2031,3.8,2,East
3325,13325,386,9,5,368.55,0.14,1584.76,COD,2/7/2031,3.7,8,East
3326,13326,665,8,2,192.12,0.0,384.24,Card,2/8/2031,3.0,5,West
3327,13327,850,9,1,132.21,0.12,116.34,COD,2/9/2031,2.4,9,West
3328,13328,43,3,1,332.4,0.17,275.89,Card,2/10/2031,2.3,9,East
3329,13329,251,12,2,272.53,0.33,365.19,Card,2/11/2031,1.2,8,West
3330,13330,128,2,2,243.22,0.33,325.91,Wallet,2/12/2031,4.6,9,East
3331,13331,59,5,7,408.45,0.06,2687.6,COD,2/13/2031,4.1,7,South
3332,13332,657,7,7,418.95,0.06,2756.69,Card,2/14/2031,3.5,8,West
3333,13333,462,7,1,41.86,0.06,39.35,Card,2/15/2031,2.6,6,East
3334,13334,284,12,4,213.17,0.28,613.93,Card,2/16/2031,3.3,9,West
3335,13335,512,6,3,255.88,0.0,767.64,COD,2/17/2031,2.9,2,South
3336,13336,462,10,3,71.68,0.04,206.44,Wallet,2/18/2031,2.1,3,West
3337,13337,919,5,1,153.0,0.19,123.93,COD,2/19/2031,2.2,2,East
3338,13338,768,5,4,45.21,0.09,164.56,Card,2/20/2031,4.5,6,West
3339,13339,341,13,2,597.8,0.03,1159.73,Card,2/21/2031,3.5,3,West
3340,13340,636,12,6,445.89,0.13,2327.55,Wallet,2/22/2031,1.0,11,East
3341,13341,378,11,1,66.16,0.1,59.54,Card,2/23/2031,2.3,1,North
3342,13342,769,8,5,26.85,0.18,110.08,COD,2/24/2031,2.4,4,West
3343,13343,683,3,4,435.78,0.34,1150.46,Card,2/25/2031,3.8,5,West
3344,13344,250,15,5,271.93,0.04,1305.26,COD,2/26/2031,3.8,11,South
3345,13345,916,7,5,475.28,0.13,2067.47,Wallet,2/27/2031,2.9,4,North
3346,13346,55,6,1,555.23,0.33,372.0,Card,2/28/2031,4.8,6,South
3347,13347,458,12,4,365.59,0.31,1009.03,COD,3/1/2031,4.5,3,East
3348,13348,452,4,5,124.46,0.14,535.18,COD,3/2/2031,4.5,10,East
3349,13349,972,16,7,472.58,0.24,2514.13,Card,3/3/2031,2.4,6,South
3350,13350,81,10,7,574.15,0.03,3898.48,Card,3/4/2031,2.7,10,West
3351,13351,894,6,4,354.44,0.25,1063.32,COD,3/5/2031,2.7,1,North
3352,13352,97,11,3,413.97,0.34,819.66,Card,3/6/2031,2.8,6,South
3353,13353,147,2,6,212.42,0.19,1032.36,Wallet,3/7/2031,4.6,8,South
3354,13354,325,9,5,238.19,0.17,988.49,Card,3/8/2031,2.0,10,East
3355,13355,154,5,5,444.77,0.07,2068.18,Card,3/9/2031,4.2,8,West
3356,13356,188,9,4,557.75,0.22,1740.18,Card,3/10/2031,3.1,1,North
3357,13357,489,16,7,382.96,0.21,2117.77,Card,3/11/2031,2.0,7,South
3358,13358,872,13,6,477.06,0.23,2204.02,COD,3/12/2031,3.1,10,North
3359,13359,260,14,3,115.41,0.01,342.77,Card,3/13/2031,1.8,10,North
3360,13360,78,8,5,139.0,0.19,562.95,COD,3/14/2031,1.4,4,South
3361,13361,396,4,1,326.24,0.21,257.73,Wallet,3/15/2031,4.4,6,North
3362,13362,755,9,7,118.28,0.07,770.0,COD,3/16/2031,3.8,6,East
3363,13363,603,11,4,386.47,0.07,1437.67,Card,3/17/2031,1.8,5,West
3364,13364,257,11,4,185.62,0.1,668.23,Wallet,3/18/2031,4.8,10,West
3365,13365,762,2,7,478.05,0.25,2509.76,Card,3/19/2031,1.1,9,West
3366,13366,609,5,5,487.74,0.21,1926.57,COD,3/20/2031,2.3,11,East
3367,13367,547,14,3,286.32,0.3,601.27,Card,3/21/2031,1.1,10,East
3368,13368,775,15,5,120.77,0.1,543.46,Card,3/22/2031,1.6,8,East
3369,13369,99,11,7,393.36,0.32,1872.39,Wallet,3/23/2031,1.7,6,West
3370,13370,355,9,2,595.78,0.26,881.75,Card,3/24/2031,4.2,4,North
3371,13371,376,11,5,379.22,0.14,1630.65,COD,3/25/2031,5.0,4,East
3372,13372,809,7,6,35.93,0.03,209.11,Card,3/26/2031,4.5,9,South
3373,13373,218,11,7,25.12,0.09,160.01,COD,3/27/2031,3.5,4,East
3374,13374,809,9,6,202.41,0.33,813.69,COD,3/28/2031,3.9,7,South
3375,13375,416,1,7,129.53,0.11,806.97,Card,3/29/2031,3.1,6,West
3376,13376,122,3,2,490.63,0.12,863.51,COD,3/30/2031,2.7,2,South
3377,13377,418,11,6,509.21,0.07,2841.39,COD,3/31/2031,3.8,5,East
3378,13378,228,12,6,166.29,0.28,718.37,COD,4/1/2031,4.9,3,East
3379,13379,683,9,1,205.5,0.1,184.95,COD,4/2/2031,1.1,9,North
3380,13380,62,14,4,153.2,0.12,539.26,COD,4/3/2031,2.3,10,West
3381,13381,480,14,6,546.4,0.15,2786.64,Card,4/4/2031,2.3,1,South
3382,13382,622,11,4,309.05,0.15,1050.77,COD,4/5/2031,2.7,10,West
3383,13383,695,11,7,398.84,0.14,2401.02,COD,4/6/2031,3.5,4,East
3384,13384,569,16,3,258.06,0.18,634.83,Card,4/7/2031,3.1,4,North
3385,13385,758,8,5,384.14,0.29,1363.7,Wallet,4/8/2031,1.1,9,East
3386,13386,478,9,1,240.73,0.29,170.92,Card,4/9/2031,2.6,1,East
3387,13387,514,6,7,213.71,0.28,1077.1,Card,4/10/2031,3.5,2,East
3388,13388,153,12,2,386.17,0.04,741.45,Card,4/11/2031,3.0,1,South
3389,13389,90,6,3,360.77,0.28,779.26,Card,4/12/2031,4.5,1,East
3390,13390,971,16,1,186.71,0.04,179.24,Card,4/13/2031,2.6,1,West
3391,13391,521,15,1,102.37,0.04,98.28,Wallet,4/14/2031,1.1,3,West
3392,13392,450,8,7,230.62,0.33,1081.61,Card,4/15/2031,2.1,11,North
3393,13393,733,4,2,257.89,0.29,366.2,COD,4/16/2031,1.5,4,West
3394,13394,593,5,2,382.78,0.19,620.1,Card,4/17/2031,2.0,10,East
3395,13395,639,15,4,550.0,0.31,1518.0,COD,4/18/2031,2.4,2,East
3396,13396,505,7,5,36.17,0.35,117.55,Wallet,4/19/2031,3.7,1,West
3397,13397,181,1,7,157.54,0.21,871.2,Card,4/20/2031,2.3,5,North
3398,13398,382,2,3,128.32,0.21,304.12,Wallet,4/21/2031,4.5,6,North
3399,13399,569,11,5,308.84,0.26,1142.71,Wallet,4/22/2031,2.2,2,West
3400,13400,723,3,3,266.37,0.08,735.18,COD,4/23/2031,1.5,3,South
3401,13401,401,13,1,441.49,0.06,415.0,Card,4/24/2031,1.7,10,South
3402,13402,243,14,6,156.81,0.27,686.83,COD,4/25/2031,4.7,3,South
3403,13403,734,11,6,362.78,0.12,1915.48,Wallet,4/26/2031,2.8,2,South
3404,13404,586,13,7,532.06,0.05,3538.2,Card,4/27/2031,2.6,4,West
3405,13405,655,3,2,547.75,0.11,975.0,COD,4/28/2031,1.3,5,North
3406,13406,644,12,2,575.89,0.13,1002.05,Card,4/29/2031,3.9,8,East
3407,13407,466,2,1,467.36,0.34,308.46,Card,4/30/2031,3.8,6,East
3408,13408,815,12,1,545.0,0.24,414.2,Wallet,5/1/2031,2.5,9,West
3409,13409,877,10,3,152.2,0.19,369.85,Card,5/2/2031,3.8,3,East
3410,13410,419,5,1,130.58,0.34,86.18,Card,5/3/2031,2.5,10,South
3411,13411,890,7,7,18.8,0.32,89.49,COD,5/4/2031,1.3,9,North
3412,13412,64,7,3,428.5,0.18,1054.11,Card,5/5/2031,4.0,11,West
3413,13413,13,9,5,563.42,0.32,1915.63,Card,5/6/2031,4.9,11,North
3414,13414,210,3,2,124.36,0.14,213.9,COD,5/7/2031,3.6,4,West
3415,13415,975,12,2,387.61,0.08,713.2,Card,5/8/2031,2.1,8,West
3416,13416,239,9,6,451.68,0.08,2493.27,Card,5/9/2031,2.1,10,West
3417,13417,488,12,6,557.65,0.23,2576.34,Card,5/10/2031,4.7,7,West
3418,13418,210,6,7,393.41,0.18,2258.17,COD,5/11/2031,2.2,7,North
3419,13419,686,3,2,582.62,0.23,897.23,Wallet,5/12/2031,4.1,9,East
3420,13420,334,16,7,216.63,0.24,1152.47,Wallet,5/13/2031,3.6,10,West
3421,13421,986,15,5,219.71,0.01,1087.56,Card,5/14/2031,3.4,2,South
3422,13422,171,10,5,332.66,0.02,1630.03,COD,5/15/2031,1.7,5,West
3423,13423,665,7,4,239.35,0.19,775.49,Wallet,5/16/2031,1.1,3,North
3424,13424,162,6,3,15.83,0.07,44.17,Card,5/17/2031,3.0,7,West
3425,13425,460,5,6,443.09,0.22,2073.66,Wallet,5/18/2031,5.0,3,South
3426,13426,984,11,3,454.75,0.19,1105.04,Wallet,5/19/2031,1.8,5,North
3427,13427,492,13,6,451.98,0.21,2142.39,Card,5/20/2031,3.1,5,West
3428,13428,692,6,4,216.84,0.11,771.95,Card,5/21/2031,3.7,2,South
3429,13429,391,13,2,320.54,0.22,500.04,Card,5/22/2031,2.9,11,North
3430,13430,695,8,7,225.58,0.29,1121.13,Card,5/23/2031,3.0,1,West
3431,13431,906,9,3,24.38,0.35,47.54,Wallet,5/24/2031,3.6,6,South
3432,13432,304,8,6,344.03,0.29,1465.57,Wallet,5/25/2031,4.3,1,North
3433,13433,758,10,3,87.4,0.2,209.76,Card,5/26/2031,2.3,9,West
3434,13434,181,2,2,61.82,0.07,114.99,COD,5/27/2031,4.6,10,North
3435,13435,623,7,7,456.97,0.24,2431.08,COD,5/28/2031,2.9,5,South
3436,13436,784,12,1,20.56,0.33,13.78,Card,5/29/2031,3.6,1,West
3437,13437,505,3,6,576.02,0.07,3214.19,COD,5/30/2031,1.4,8,West
3438,13438,700,7,1,316.42,0.09,287.94,Wallet,5/31/2031,3.0,1,West
3439,13439,541,10,4,590.06,0.05,2242.23,Card,6/1/2031,1.1,4,South
3440,13440,559,5,7,48.93,0.26,253.46,Card,6/2/2031,2.6,7,East
3441,13441,618,10,5,356.36,0.14,1532.35,Card,6/3/2031,1.2,4,West
3442,13442,755,14,3,219.36,0.02,644.92,Card,6/4/2031,4.6,5,South
3443,13443,589,13,6,508.44,0.31,2104.94,Card,6/5/2031,3.7,7,North
3444,13444,736,4,3,226.32,0.2,543.17,Card,6/6/2031,4.2,4,North
3445,13445,224,8,4,167.39,0.12,589.21,COD,6/7/2031,2.9,5,South
3446,13446,737,5,4,516.67,0.12,1818.68,COD,6/8/2031,4.4,7,East
3447,13447,725,13,3,234.17,0.1,632.26,Card,6/9/2031,4.5,1,South
3448,13448,431,11,6,24.85,0.16,125.24,Card,6/10/2031,2.4,3,North
3449,13449,914,5,7,243.32,0.12,1498.85,Wallet,6/11/2031,2.5,1,North
3450,13450,418,5,2,397.9,0.19,644.6,Wallet,6/12/2031,3.0,3,West
3451,13451,549,11,7,163.8,0.27,837.02,Card,6/13/2031,1.2,11,East
3452,13452,21,8,2,267.71,0.24,406.92,Card,6/14/2031,5.0,2,South
3453,13453,549,1,5,48.18,0.1,216.81,Wallet,6/15/2031,2.4,5,North
3454,13454,393,1,7,359.03,0.19,2035.7,Card,6/16/2031,2.9,10,North
3455,13455,619,11,3,457.43,0.29,974.33,Card,6/17/2031,4.0,5,North
3456,13456,103,9,3,256.79,0.02,754.96,Card,6/18/2031,2.2,10,South
3457,13457,190,11,6,260.84,0.03,1518.09,Card,6/19/2031,1.8,9,South
3458,13458,17,2,3,66.65,0.19,161.96,Card,6/20/2031,1.5,8,East
3459,13459,118,11,6,133.14,0.22,623.1,Card,6/21/2031,3.1,3,West
3460,13460,389,14,3,105.49,0.07,294.32,COD,6/22/2031,1.0,1,West
3461,13461,421,10,4,296.79,0.26,878.5,Wallet,6/23/2031,3.8,5,West
3462,13462,127,7,1,324.61,0.23,249.95,Wallet,6/24/2031,2.8,11,North
3463,13463,128,7,3,570.13,0.32,1163.07,Card,6/25/2031,3.1,3,West
3464,13464,567,15,1,57.84,0.06,54.37,Card,6/26/2031,2.1,5,North
3465,13465,555,12,2,365.92,0.26,541.56,COD,6/27/2031,1.7,9,East
3466,13466,29,5,5,323.0,0.03,1566.55,COD,6/28/2031,3.8,11,North
3467,13467,95,11,7,317.0,0.2,1775.2,Card,6/29/2031,1.8,1,East
3468,13468,10,14,7,525.8,0.19,2981.29,Card,6/30/2031,4.1,1,East
3469,13469,239,2,2,135.24,0.14,232.61,Card,7/1/2031,1.8,9,West
3470,13470,815,11,3,38.85,0.3,81.59,Card,7/2/2031,3.5,3,West
3471,13471,945,1,7,408.28,0.0,2857.96,Card,7/3/2031,3.6,10,North
3472,13472,229,5,6,216.92,0.18,1067.25,Wallet,7/4/2031,3.0,5,South
3473,13473,779,9,2,25.29,0.08,46.53,Card,7/5/2031,5.0,9,West
3474,13474,281,6,4,162.05,0.26,479.67,Wallet,7/6/2031,2.5,11,West
3475,13475,707,11,1,195.96,0.02,192.04,Wallet,7/7/2031,4.5,5,South
3476,13476,750,15,6,375.85,0.29,1601.12,Card,7/8/2031,1.7,3,South
3477,13477,792,15,7,115.96,0.29,576.32,COD,7/9/2031,2.3,9,West
3478,13478,766,10,6,256.64,0.29,1093.29,COD,7/10/2031,1.6,7,South
3479,13479,944,7,3,297.25,0.05,847.16,Card,7/11/2031,3.4,7,North
3480,13480,718,14,4,283.65,0.22,884.99,Card,7/12/2031,3.6,8,East
3481,13481,197,2,1,584.76,0.01,578.91,COD,7/13/2031,2.8,11,East
3482,13482,934,5,4,41.62,0.3,116.54,COD,7/14/2031,3.9,5,West
3483,13483,77,3,2,571.32,0.25,856.98,COD,7/15/2031,4.5,2,West
3484,13484,902,7,3,355.43,0.19,863.69,COD,7/16/2031,4.1,11,North
3485,13485,945,8,6,480.5,0.26,2133.42,Card,7/17/2031,2.0,9,South
3486,13486,844,13,6,266.78,0.03,1552.66,COD,7/18/2031,2.3,3,West
3487,13487,845,6,2,280.5,0.19,454.41,Card,7/19/2031,2.5,11,East
3488,13488,171,5,6,529.41,0.1,2858.81,COD,7/20/2031,1.8,2,North
3489,13489,462,8,5,539.12,0.34,1779.1,Wallet,7/21/2031,2.4,10,North
3490,13490,576,13,3,154.63,0.3,324.72,COD,7/22/2031,2.0,10,South
3491,13491,412,13,2,131.56,0.26,194.71,COD,7/23/2031,5.0,5,West
3492,13492,929,8,3,305.3,0.33,613.65,COD,7/24/2031,4.1,8,West
3493,13493,444,9,1,541.66,0.12,476.66,COD,7/25/2031,4.4,3,North
3494,13494,85,5,3,203.58,0.32,415.3,COD,7/26/2031,4.7,6,East
3495,13495,99,8,3,396.43,0.11,1058.47,Card,7/27/2031,3.7,9,West
3496,13496,8,12,1,429.27,0.26,317.66,Wallet,7/28/2031,1.7,2,East
3497,13497,834,14,2,470.52,0.26,696.37,Card,7/29/2031,4.0,8,North
3498,13498,197,8,3,344.9,0.01,1024.35,Card,7/30/2031,1.1,10,West
3499,13499,500,11,4,250.44,0.13,871.53,Card,7/31/2031,1.5,7,East
3500,13500,85,11,3,580.7,0.01,1724.68,Card,8/1/2031,1.1,3,North
3501,13501,43,11,2,372.63,0.35,484.42,COD,8/2/2031,1.5,1,East
3502,13502,381,2,6,441.21,0.04,2541.37,Card,8/3/2031,4.0,6,West
3503,13503,615,9,7,216.81,0.19,1229.31,Wallet,8/4/2031,4.5,2,South
3504,13504,430,12,1,406.92,0.28,292.98,Card,8/5/2031,2.1,3,East
3505,13505,404,6,6,165.81,0.07,925.22,Card,8/6/2031,1.5,5,South
3506,13506,478,9,2,158.38,0.17,262.91,Card,8/7/2031,2.1,11,West
3507,13507,658,12,5,433.11,0.21,1710.78,COD,8/8/2031,3.6,8,South
3508,13508,17,9,7,320.02,0.06,2105.73,Wallet,8/9/2031,2.4,2,North
3509,13509,639,8,6,414.72,0.27,1816.47,COD,8/10/2031,4.8,6,South
3510,13510,146,7,3,172.62,0.1,466.07,Card,8/11/2031,1.5,1,East
3511,13511,274,8,7,365.25,0.07,2377.78,Wallet,8/12/2031,5.0,7,East
3512,13512,229,8,3,274.7,0.2,659.28,Card,8/13/2031,1.0,4,South
3513,13513,815,2,1,364.22,0.14,313.23,COD,8/14/2031,2.8,1,North
3514,13514,916,6,3,185.16,0.32,377.73,Card,8/15/2031,2.0,9,West
3515,13515,362,10,7,433.54,0.31,2094.0,Card,8/16/2031,3.3,9,South
3516,13516,225,11,4,486.47,0.17,1615.08,Card,8/17/2031,1.4,11,East
3517,13517,645,7,4,167.05,0.13,581.33,Card,8/18/2031,4.5,3,East
3518,13518,431,16,6,190.86,0.11,1019.19,Wallet,8/19/2031,1.5,6,South
3519,13519,395,10,2,401.78,0.09,731.24,COD,8/20/2031,3.3,7,South
3520,13520,208,15,1,421.92,0.19,341.76,Wallet,8/21/2031,1.1,4,South
3521,13521,387,11,5,426.9,0.28,1536.84,COD,8/22/2031,2.2,6,West
3522,13522,494,8,6,414.38,0.11,2212.79,COD,8/23/2031,1.6,9,East
3523,13523,535,16,2,244.79,0.07,455.31,COD,8/24/2031,4.9,10,East
3524,13524,558,9,1,245.99,0.17,204.17,Wallet,8/25/2031,1.0,6,East
3525,13525,486,5,7,164.07,0.02,1125.52,Card,8/26/2031,2.4,7,West
3526,13526,437,12,1,106.75,0.25,80.06,Card,8/27/2031,2.2,6,North
3527,13527,258,13,7,420.16,0.18,2411.72,COD,8/28/2031,3.6,7,East
3528,13528,763,11,6,69.52,0.17,346.21,Wallet,8/29/2031,1.2,1,East
3529,13529,346,4,2,563.61,0.11,1003.23,Wallet,8/30/2031,4.2,6,North
3530,13530,348,12,2,498.61,0.32,678.11,COD,8/31/2031,2.9,9,West
3531,13531,515,2,3,516.64,0.03,1503.42,Card,9/1/2031,2.8,11,North
3532,13532,316,7,5,545.4,0.3,1908.9,Card,9/2/2031,1.9,3,North
3533,13533,136,15,4,254.03,0.13,884.02,Wallet,9/3/2031,3.0,6,North
3534,13534,545,10,3,510.32,0.31,1056.36,Card,9/4/2031,2.5,4,North
3535,13535,617,1,1,107.47,0.26,79.53,Card,9/5/2031,2.0,7,West
3536,13536,981,12,5,27.66,0.04,132.77,Wallet,9/6/2031,1.7,7,West
3537,13537,364,9,5,474.16,0.29,1683.27,Card,9/7/2031,3.9,9,North
3538,13538,217,7,2,58.76,0.24,89.32,COD,9/8/2031,1.6,4,South
3539,13539,333,9,5,593.29,0.01,2936.79,COD,9/9/2031,1.7,8,South
3540,13540,220,11,6,409.76,0.05,2335.63,Card,9/10/2031,3.3,8,South
3541,13541,642,4,5,455.77,0.22,1777.5,Card,9/11/2031,1.9,8,South
3542,13542,758,4,1,158.8,0.23,122.28,Card,9/12/2031,2.8,8,East
3543,13543,356,8,6,409.21,0.26,1816.89,COD,9/13/2031,3.2,6,West
3544,13544,910,2,6,40.28,0.25,181.26,COD,9/14/2031,2.1,8,West
3545,13545,325,6,3,505.13,0.23,1166.85,Card,9/15/2031,2.4,6,North
3546,13546,951,10,5,114.23,0.27,416.94,Wallet,9/16/2031,1.8,10,East
3547,13547,458,16,2,422.95,0.2,676.72,Card,9/17/2031,2.8,2,North
3548,13548,935,16,7,146.32,0.09,932.06,Card,9/18/2031,5.0,3,North
3549,13549,952,1,3,55.05,0.32,112.3,Card,9/19/2031,2.5,6,West
3550,13550,556,11,2,296.67,0.01,587.41,Card,9/20/2031,3.6,7,East
3551,13551,794,14,5,114.03,0.13,496.03,Wallet,9/21/2031,3.5,4,South
3552,13552,378,12,3,441.72,0.26,980.62,Card,9/22/2031,4.1,1,West
3553,13553,825,12,5,153.98,0.15,654.42,Card,9/23/2031,3.8,4,East
3554,13554,585,11,1,215.35,0.01,213.2,Wallet,9/24/2031,1.0,6,East
3555,13555,611,2,3,346.95,0.02,1020.03,COD,9/25/2031,2.2,8,West
3556,13556,167,14,2,181.71,0.23,279.83,Card,9/26/2031,4.5,4,West
3557,13557,214,13,1,236.12,0.34,155.84,Wallet,9/27/2031,3.2,10,North
3558,13558,374,8,4,492.14,0.19,1594.53,COD,9/28/2031,1.4,1,North
3559,13559,117,9,2,119.84,0.18,196.54,Card,9/29/2031,2.1,5,North
3560,13560,188,12,7,63.09,0.11,393.05,COD,9/30/2031,2.1,7,South
3561,13561,757,11,5,207.09,0.09,942.26,Wallet,10/1/2031,4.5,6,West
3562,13562,366,5,2,263.26,0.01,521.25,COD,10/2/2031,3.2,3,East
3563,13563,768,16,4,332.46,0.1,1196.86,COD,10/3/2031,3.4,7,West
3564,13564,147,6,2,232.87,0.16,391.22,Wallet,10/4/2031,2.5,4,East
3565,13565,669,11,1,477.1,0.07,443.7,COD,10/5/2031,1.2,5,South
3566,13566,646,12,6,38.0,0.03,221.16,Card,10/6/2031,1.3,11,West
3567,13567,848,9,2,267.58,0.25,401.37,Card,10/7/2031,2.7,7,East
3568,13568,483,5,3,238.62,0.31,493.94,COD,10/8/2031,1.7,2,East
3569,13569,760,4,7,393.83,0.33,1847.06,Card,10/9/2031,1.4,4,North
3570,13570,370,7,4,580.27,0.22,1810.44,Wallet,10/10/2031,2.0,4,South
3571,13571,771,16,2,313.57,0.02,614.6,Card,10/11/2031,4.0,6,West
3572,13572,686,5,4,592.32,0.26,1753.27,COD,10/12/2031,1.3,11,North
3573,13573,158,5,6,191.82,0.04,1104.88,COD,10/13/2031,2.8,7,South
3574,13574,347,10,1,33.06,0.23,25.46,COD,10/14/2031,4.3,4,North
3575,13575,901,2,3,111.91,0.27,245.08,Card,10/15/2031,2.1,10,West
3576,13576,285,13,5,246.15,0.25,923.06,Card,10/16/2031,2.2,1,East
3577,13577,285,10,2,200.06,0.33,268.08,COD,10/17/2031,4.5,1,West
3578,13578,881,6,1,71.78,0.26,53.12,Wallet,10/18/2031,3.6,5,South
3579,13579,223,8,4,268.11,0.24,815.05,COD,10/19/2031,4.2,1,West
3580,13580,518,7,6,212.8,0.09,1161.89,Card,10/20/2031,2.2,3,South
3581,13581,517,4,7,86.73,0.32,412.83,Card,10/21/2031,5.0,9,North
3582,13582,773,8,4,188.23,0.06,707.74,Wallet,10/22/2031,1.6,3,South
3583,13583,270,6,7,533.57,0.32,2539.79,Wallet,10/23/2031,4.8,3,East
3584,13584,925,10,6,191.7,0.11,1023.68,Card,10/24/2031,4.6,9,East
3585,13585,398,11,7,432.66,0.05,2877.19,COD,10/25/2031,3.2,5,East
3586,13586,181,11,6,373.05,0.29,1589.19,Card,10/26/2031,3.3,8,North
3587,13587,958,11,1,264.9,0.0,264.9,COD,10/27/2031,4.1,10,South
3588,13588,659,16,2,154.83,0.29,219.86,Wallet,10/28/2031,2.2,9,North
3589,13589,483,15,5,230.87,0.09,1050.46,Card,10/29/2031,3.1,6,West
3590,13590,816,9,2,361.38,0.31,498.7,COD,10/30/2031,4.6,7,West
3591,13591,835,13,3,220.19,0.24,502.03,Card,10/31/2031,1.3,7,West
3592,13592,122,12,2,140.71,0.23,216.69,Card,11/1/2031,4.6,7,West
3593,13593,974,10,6,83.13,0.13,433.94,COD,11/2/2031,3.9,4,East
3594,13594,620,11,6,529.66,0.02,3114.4,Card,11/3/2031,4.1,2,South
3595,13595,780,5,3,272.58,0.29,580.6,COD,11/4/2031,1.3,2,East
3596,13596,410,11,4,380.75,0.06,1431.62,Card,11/5/2031,1.8,7,South
3597,13597,969,5,6,301.89,0.13,1575.87,COD,11/6/2031,4.7,10,South
3598,13598,717,5,3,525.45,0.21,1245.32,Card,11/7/2031,1.5,7,North
3599,13599,170,3,6,334.96,0.17,1668.1,COD,11/8/2031,3.5,10,West
3600,13600,285,9,5,296.26,0.07,1377.61,COD,11/9/2031,4.1,7,South
3601,13601,430,11,6,555.89,0.05,3168.57,Wallet,11/10/2031,1.9,8,West
3602,13602,679,9,1,436.02,0.04,418.58,Wallet,11/11/2031,3.8,3,West
3603,13603,111,6,3,80.26,0.3,168.55,Card,11/12/2031,1.3,11,West
3604,13604,877,12,7,118.96,0.01,824.39,Card,11/13/2031,3.0,5,East
3605,13605,906,16,2,475.47,0.34,627.62,COD,11/14/2031,2.3,6,West
3606,13606,984,7,3,503.97,0.07,1406.08,COD,11/15/2031,3.6,8,South
3607,13607,120,8,4,333.94,0.04,1282.33,Card,11/16/2031,4.6,8,East
3608,13608,539,8,6,339.36,0.2,1628.93,Card,11/17/2031,1.5,10,West
3609,13609,219,12,3,384.68,0.03,1119.42,COD,11/18/2031,2.8,3,North
3610,13610,625,12,5,271.88,0.21,1073.93,Wallet,11/19/2031,2.7,4,West
3611,13611,39,10,3,412.92,0.3,867.13,Wallet,11/20/2031,2.3,6,West
3612,13612,492,6,5,78.46,0.02,384.45,Card,11/21/2031,2.9,4,East
3613,13613,770,12,6,577.35,0.28,2494.15,Card,11/22/2031,4.5,10,South
3614,13614,230,10,2,453.84,0.14,780.6,Card,11/23/2031,4.9,4,West
3615,13615,932,2,6,384.24,0.06,2167.11,COD,11/24/2031,1.0,5,East
3616,13616,525,12,4,200.05,0.06,752.19,COD,11/25/2031,4.0,10,East
3617,13617,147,15,1,109.16,0.32,74.23,COD,11/26/2031,3.5,7,South
3618,13618,393,16,2,254.47,0.04,488.58,COD,11/27/2031,5.0,2,East
3619,13619,655,10,2,402.02,0.3,562.83,Card,11/28/2031,1.4,2,South
3620,13620,632,11,1,385.72,0.19,312.43,Card,11/29/2031,4.2,10,North
3621,13621,893,10,3,238.85,0.01,709.38,Wallet,11/30/2031,4.7,9,West
3622,13622,298,14,6,373.77,0.16,1883.8,Card,12/1/2031,4.6,4,East
3623,13623,356,5,3,491.04,0.29,1045.92,Card,12/2/2031,3.2,5,North
3624,13624,235,13,3,30.38,0.25,68.36,COD,12/3/2031,2.3,3,East
3625,13625,641,1,6,278.61,0.17,1387.48,COD,12/4/2031,3.6,2,East
3626,13626,657,14,4,458.75,0.3,1284.5,Wallet,12/5/2031,2.2,10,North
3627,13627,233,12,2,334.49,0.04,642.22,Card,12/6/2031,2.6,8,East
3628,13628,728,12,5,396.11,0.32,1346.77,COD,12/7/2031,2.8,4,East
3629,13629,200,14,1,317.26,0.3,222.08,COD,12/8/2031,2.2,1,North
3630,13630,253,9,2,595.25,0.25,892.88,Wallet,12/9/2031,2.4,6,East
3631,13631,593,10,3,46.95,0.29,100.0,COD,12/10/2031,1.0,6,South
3632,13632,656,16,1,302.26,0.19,244.83,Wallet,12/11/2031,2.2,2,East
3633,13633,232,8,5,68.48,0.24,260.22,Card,12/12/2031,2.9,2,West
3634,13634,341,4,2,108.47,0.2,173.55,COD,12/13/2031,1.7,8,East
3635,13635,529,14,2,239.08,0.12,420.78,Card,12/14/2031,4.2,11,West
3636,13636,849,12,4,105.99,0.2,339.17,Card,12/15/2031,3.2,7,West
3637,13637,787,4,2,578.76,0.09,1053.34,Card,12/16/2031,4.2,2,East
3638,13638,771,12,2,568.87,0.15,967.08,COD,12/17/2031,1.5,10,North
3639,13639,461,12,5,211.62,0.1,952.29,Card,12/18/2031,4.3,1,South
3640,13640,760,7,5,389.25,0.04,1868.4,Wallet,12/19/2031,4.8,11,South
3641,13641,536,10,1,327.25,0.11,291.25,COD,12/20/2031,2.4,8,East
3642,13642,210,6,3,492.12,0.3,1033.45,Card,12/21/2031,2.1,10,North
3643,13643,458,12,5,382.06,0.13,1661.96,COD,12/22/2031,3.6,2,North
3644,13644,431,5,1,15.15,0.26,11.21,Card,12/23/2031,3.5,5,South
3645,13645,280,8,2,461.46,0.06,867.54,Card,12/24/2031,1.4,6,North
3646,13646,557,14,1,451.91,0.15,384.12,COD,12/25/2031,4.7,10,East
3647,13647,601,15,1,313.19,0.04,300.66,Wallet,12/26/2031,2.9,1,East
3648,13648,458,12,1,543.21,0.05,516.05,COD,12/27/2031,4.1,2,North
3649,13649,403,7,6,546.44,0.22,2557.34,Wallet,12/28/2031,2.4,10,East
3650,13650,86,5,1,321.49,0.21,253.98,COD,12/29/2031,2.0,4,West
3651,13651,44,9,5,370.67,0.07,1723.62,Card,12/30/2031,1.4,2,South
3652,13652,456,16,7,597.97,0.17,3474.21,COD,12/31/2031,2.1,11,East
3653,13653,275,15,7,189.81,0.3,930.07,COD,1/1/2032,5.0,6,North
3654,13654,676,9,7,204.9,0.06,1348.24,Card,1/2/2032,3.6,4,South
3655,13655,417,8,7,121.92,0.01,844.91,Wallet,1/3/2032,4.2,11,East
3656,13656,693,9,6,539.08,0.23,2490.55,COD,1/4/2032,4.8,3,South
3657,13657,349,6,3,450.53,0.02,1324.56,Card,1/5/2032,1.3,6,North
3658,13658,688,11,1,76.8,0.34,50.69,Wallet,1/6/2032,1.7,9,West
3659,13659,510,4,4,589.33,0.21,1862.28,Card,1/7/2032,4.7,8,West
3660,13660,695,13,7,442.61,0.16,2602.55,Wallet,1/8/2032,3.3,2,East
3661,13661,624,5,2,512.56,0.15,871.35,Card,1/9/2032,3.5,3,West
3662,13662,19,6,7,43.17,0.2,241.75,COD,1/10/2032,2.7,2,East
3663,13663,23,4,7,310.4,0.03,2107.62,COD,1/11/2032,4.3,10,South
3664,13664,409,5,2,423.68,0.33,567.73,COD,1/12/2032,3.1,7,East
3665,13665,30,11,6,332.62,0.22,1556.66,Card,1/13/2032,4.3,9,East
3666,13666,797,5,2,404.99,0.06,761.38,Card,1/14/2032,5.0,1,East
3667,13667,106,15,2,493.46,0.2,789.54,Card,1/15/2032,3.6,11,West
3668,13668,363,5,6,233.99,0.05,1333.74,Wallet,1/16/2032,3.1,3,East
3669,13669,278,16,2,511.47,0.01,1012.71,Card,1/17/2032,2.5,6,North
3670,13670,126,4,1,110.31,0.22,86.04,COD,1/18/2032,1.8,4,East
3671,13671,226,4,7,173.47,0.23,935.0,Wallet,1/19/2032,3.6,10,South
3672,13672,109,3,3,40.36,0.2,96.86,Wallet,1/20/2032,1.3,10,North
3673,13673,134,12,6,228.19,0.06,1286.99,Card,1/21/2032,4.8,1,South
3674,13674,358,7,4,237.25,0.21,749.71,Wallet,1/22/2032,3.6,9,South
3675,13675,184,15,6,486.08,0.02,2858.15,Card,1/23/2032,4.8,7,South
3676,13676,650,15,5,397.08,0.21,1568.47,COD,1/24/2032,2.1,11,North
3677,13677,579,6,4,270.48,0.19,876.36,COD,1/25/2032,4.8,7,North
3678,13678,127,9,5,396.49,0.23,1526.49,Card,1/26/2032,3.4,1,West
3679,13679,865,15,6,45.88,0.31,189.94,Card,1/27/2032,4.2,9,North
3680,13680,258,15,5,120.46,0.3,421.61,COD,1/28/2032,1.7,8,East
3681,13681,510,9,4,381.76,0.34,1007.85,Card,1/29/2032,3.0,11,South
3682,13682,444,8,1,390.2,0.34,257.53,Wallet,1/30/2032,3.3,10,West
3683,13683,889,10,6,467.87,0.27,2049.27,Card,1/31/2032,2.6,5,North
3684,13684,102,9,6,250.75,0.33,1008.01,Wallet,2/1/2032,2.0,4,South
3685,13685,478,11,2,437.69,0.3,612.77,COD,2/2/2032,4.6,1,North
3686,13686,221,5,6,415.13,0.25,1868.08,Wallet,2/3/2032,1.3,9,West
3687,13687,821,7,7,578.59,0.03,3928.63,COD,2/4/2032,1.6,8,North
3688,13688,863,8,7,140.85,0.02,966.23,Wallet,2/5/2032,2.3,2,North
3689,13689,855,13,6,337.73,0.29,1438.73,Card,2/6/2032,4.7,4,South
3690,13690,486,14,1,367.03,0.17,304.63,COD,2/7/2032,3.3,4,East
3691,13691,468,9,2,599.21,0.29,850.88,Card,2/8/2032,2.5,7,North
3692,13692,10,11,3,132.69,0.11,354.28,Card,2/9/2032,2.6,3,West
3693,13693,401,3,5,321.08,0.14,1380.64,COD,2/10/2032,4.4,8,North
3694,13694,885,10,4,217.52,0.25,652.56,COD,2/11/2032,1.1,11,North
3695,13695,298,3,3,322.65,0.32,658.21,Card,2/12/2032,1.0,7,East
3696,13696,228,15,2,150.8,0.03,292.55,COD,2/13/2032,1.2,10,South
3697,13697,723,7,7,42.85,0.3,209.96,COD,2/14/2032,2.9,4,West
3698,13698,912,1,7,349.95,0.28,1763.75,Card,2/15/2032,3.3,9,South
3699,13699,65,9,7,211.47,0.11,1317.46,COD,2/16/2032,3.5,6,South
3700,13700,926,10,1,121.44,0.12,106.87,COD,2/17/2032,3.9,3,South
3701,13701,110,6,7,204.5,0.02,1402.87,Card,2/18/2032,1.8,7,North
3702,13702,13,8,4,43.83,0.01,173.57,COD,2/19/2032,2.0,6,East
3703,13703,389,3,5,571.01,0.17,2369.69,COD,2/20/2032,2.0,8,North
3704,13704,495,10,6,354.97,0.03,2065.93,Wallet,2/21/2032,1.6,5,West
3705,13705,921,7,6,491.64,0.07,2743.35,Card,2/22/2032,2.0,6,East
3706,13706,593,6,3,262.52,0.3,551.29,Wallet,2/23/2032,3.5,1,South
3707,13707,231,16,5,543.44,0.2,2173.76,Card,2/24/2032,2.5,8,East
3708,13708,596,10,2,297.74,0.22,464.47,Card,2/25/2032,4.1,1,West
3709,13709,310,5,5,350.76,0.07,1631.03,Card,2/26/2032,3.1,3,North
3710,13710,561,15,1,302.7,0.29,214.92,Wallet,2/27/2032,1.8,2,North
3711,13711,12,9,3,443.97,0.3,932.34,COD,2/28/2032,2.9,6,South
3712,13712,206,14,3,346.49,0.18,852.37,Card,2/29/2032,3.4,8,North
3713,13713,963,6,1,173.89,0.32,118.25,Card,3/1/2032,4.5,8,North
3714,13714,14,16,5,100.14,0.3,350.49,Card,3/2/2032,4.3,7,West
3715,13715,627,16,7,369.58,0.26,1914.42,Card,3/3/2032,2.7,7,East
3716,13716,414,12,1,301.17,0.26,222.87,COD,3/4/2032,3.6,8,North
3717,13717,432,6,7,71.15,0.04,478.13,COD,3/5/2032,2.2,5,West
3718,13718,373,4,4,246.44,0.09,897.04,Wallet,3/6/2032,3.5,3,West
3719,13719,20,6,1,316.14,0.02,309.82,Wallet,3/7/2032,4.7,2,South
3720,13720,582,2,7,498.73,0.0,3491.11,COD,3/8/2032,3.5,3,West
3721,13721,901,7,5,59.52,0.06,279.74,Card,3/9/2032,2.2,11,South
3722,13722,747,9,7,218.87,0.31,1057.14,Card,3/10/2032,3.6,11,North
3723,13723,727,7,1,496.25,0.08,456.55,COD,3/11/2032,4.6,3,South
3724,13724,69,1,2,394.33,0.34,520.52,COD,3/12/2032,1.5,7,West
3725,13725,813,9,6,184.63,0.21,875.15,COD,3/13/2032,2.9,1,East
3726,13726,208,2,1,509.52,0.08,468.76,Wallet,3/14/2032,2.3,7,East
3727,13727,99,4,6,303.58,0.17,1511.83,Wallet,3/15/2032,2.0,6,North
3728,13728,690,8,1,306.54,0.08,282.02,Card,3/16/2032,2.6,11,North
3729,13729,130,12,5,586.3,0.34,1934.79,Card,3/17/2032,2.6,10,East
3730,13730,617,15,4,569.06,0.3,1593.37,Wallet,3/18/2032,1.8,2,South
3731,13731,377,12,4,224.74,0.01,889.97,Wallet,3/19/2032,2.6,10,North
3732,13732,130,14,6,97.24,0.33,390.9,Card,3/20/2032,3.5,1,West
3733,13733,20,8,5,205.52,0.25,770.7,COD,3/21/2032,1.1,9,North
3734,13734,895,8,7,32.83,0.03,222.92,COD,3/22/2032,5.0,2,South
3735,13735,531,16,5,27.15,0.23,104.53,COD,3/23/2032,2.2,4,North
3736,13736,224,7,5,246.38,0.23,948.56,Card,3/24/2032,3.5,9,West
3737,13737,152,6,2,565.5,0.08,1040.52,Wallet,3/25/2032,2.1,9,West
3738,13738,795,8,3,524.74,0.27,1149.18,COD,3/26/2032,2.6,11,West
3739,13739,734,5,1,314.19,0.03,304.76,Card,3/27/2032,3.2,1,South
3740,13740,464,7,5,345.66,0.17,1434.49,COD,3/28/2032,3.4,2,South
3741,13741,811,16,5,18.47,0.0,92.35,COD,3/29/2032,4.1,2,West
3742,13742,989,8,5,141.07,0.34,465.53,Wallet,3/30/2032,4.2,2,West
3743,13743,860,7,4,29.49,0.26,87.29,Card,3/31/2032,3.1,8,South
3744,13744,401,13,5,456.41,0.06,2145.13,Wallet,4/1/2032,1.3,8,South
3745,13745,199,9,1,100.2,0.12,88.18,Card,4/2/2032,3.2,10,South
3746,13746,38,11,7,523.39,0.06,3443.91,COD,4/3/2032,2.9,8,East
3747,13747,931,4,7,391.34,0.27,1999.75,COD,4/4/2032,1.9,4,South
3748,13748,762,15,5,149.21,0.02,731.13,Card,4/5/2032,1.0,8,West
3749,13749,186,7,1,107.27,0.29,76.16,COD,4/6/2032,2.3,7,East
3750,13750,56,7,2,382.16,0.33,512.09,Wallet,4/7/2032,2.0,8,South
3751,13751,930,11,7,541.99,0.24,2883.39,COD,4/8/2032,2.9,1,West
3752,13752,20,5,3,435.24,0.07,1214.32,COD,4/9/2032,4.0,3,North
3753,13753,270,7,4,218.9,0.13,761.77,Card,4/10/2032,2.8,10,East
3754,13754,117,8,1,358.62,0.17,297.65,Card,4/11/2032,4.8,6,West
3755,13755,578,8,7,196.8,0.21,1088.3,Card,4/12/2032,1.9,1,North
3756,13756,511,10,7,599.5,0.23,3231.3,Wallet,4/13/2032,1.9,4,West
3757,13757,218,10,6,453.07,0.19,2201.92,COD,4/14/2032,3.4,9,South
3758,13758,521,3,2,374.41,0.12,658.96,Wallet,4/15/2032,4.6,7,South
3759,13759,510,6,3,262.61,0.31,543.6,Card,4/16/2032,3.7,1,North
3760,13760,720,7,3,376.62,0.03,1095.96,COD,4/17/2032,3.7,6,South
3761,13761,733,9,3,214.85,0.16,541.42,Card,4/18/2032,4.2,6,West
3762,13762,332,9,1,31.89,0.27,23.28,COD,4/19/2032,3.7,2,North
3763,13763,690,13,2,246.13,0.02,482.41,Card,4/20/2032,4.0,6,West
3764,13764,54,5,5,559.33,0.25,2097.49,Card,4/21/2032,4.5,10,West
3765,13765,495,8,6,381.39,0.29,1624.72,COD,4/22/2032,1.0,2,West
3766,13766,889,9,2,64.11,0.23,98.73,Card,4/23/2032,4.5,8,South
3767,13767,877,13,2,532.72,0.0,1065.44,COD,4/24/2032,1.9,7,South
3768,13768,756,12,7,172.29,0.06,1133.67,COD,4/25/2032,4.6,6,West
3769,13769,531,11,2,157.61,0.12,277.39,COD,4/26/2032,2.1,10,East
3770,13770,160,6,1,188.8,0.08,173.7,Wallet,4/27/2032,2.8,6,West
3771,13771,664,11,6,352.66,0.34,1396.53,Card,4/28/2032,4.7,9,West
3772,13772,589,11,1,333.64,0.23,256.9,COD,4/29/2032,1.4,9,North
3773,13773,904,6,6,302.48,0.1,1633.39,Wallet,4/30/2032,4.0,10,West
3774,13774,157,13,6,434.76,0.33,1747.74,COD,5/1/2032,2.6,10,South
3775,13775,186,13,7,200.17,0.26,1036.88,Card,5/2/2032,1.1,2,North
3776,13776,59,5,1,472.51,0.1,425.26,Wallet,5/3/2032,4.8,3,East
3777,13777,904,9,6,117.56,0.13,613.66,Card,5/4/2032,1.5,10,North
3778,13778,806,10,2,472.83,0.07,879.46,Card,5/5/2032,4.1,7,East
3779,13779,315,1,1,403.33,0.34,266.2,Card,5/6/2032,2.5,11,North
3780,13780,867,5,6,414.68,0.18,2040.23,Card,5/7/2032,4.2,10,North
3781,13781,208,13,3,296.71,0.31,614.19,Card,5/8/2032,4.0,9,East
3782,13782,402,10,1,405.2,0.12,356.58,Card,5/9/2032,3.5,6,South
3783,13783,658,8,7,61.68,0.3,302.23,Card,5/10/2032,4.8,11,South
3784,13784,107,10,4,513.16,0.02,2011.59,Card,5/11/2032,1.4,1,South
3785,13785,74,5,1,47.5,0.34,31.35,Card,5/12/2032,4.2,11,North
3786,13786,537,2,1,102.01,0.32,69.37,COD,5/13/2032,3.7,7,West
3787,13787,310,3,1,352.42,0.13,306.61,Card,5/14/2032,2.3,11,North
3788,13788,987,7,6,447.56,0.27,1960.31,Card,5/15/2032,3.2,1,West
3789,13789,115,8,1,59.61,0.26,44.11,Card,5/16/2032,3.6,5,West
3790,13790,916,1,4,553.65,0.32,1505.93,Card,5/17/2032,3.9,9,South
3791,13791,857,16,5,584.56,0.11,2601.29,Card,5/18/2032,1.7,10,West
3792,13792,696,11,1,369.48,0.16,310.36,Card,5/19/2032,1.4,11,North
3793,13793,19,8,3,296.53,0.3,622.71,COD,5/20/2032,1.4,10,North
3794,13794,428,11,4,448.72,0.27,1310.26,COD,5/21/2032,2.2,9,South
3795,13795,678,7,5,207.09,0.14,890.49,Wallet,5/22/2032,1.6,1,East
3796,13796,732,6,6,303.56,0.3,1274.95,COD,5/23/2032,3.1,6,North
3797,13797,346,5,1,550.95,0.02,539.93,COD,5/24/2032,2.7,3,West
3798,13798,181,7,5,574.06,0.27,2095.32,Card,5/25/2032,4.6,9,North
3799,13799,111,9,3,557.34,0.07,1554.98,COD,5/26/2032,3.9,3,North
3800,13800,181,8,4,168.53,0.1,606.71,Card,5/27/2032,1.8,2,North
3801,13801,476,16,4,150.99,0.17,501.29,COD,5/28/2032,1.2,8,East
3802,13802,144,15,6,189.13,0.16,953.22,Card,5/29/2032,3.8,3,West
3803,13803,820,9,6,273.17,0.18,1344.0,COD,5/30/2032,4.4,5,South
3804,13804,622,3,6,198.79,0.19,966.12,Wallet,5/31/2032,3.8,6,North
3805,13805,111,3,5,233.91,0.12,1029.2,Wallet,6/1/2032,3.6,10,West
3806,13806,754,10,1,378.07,0.06,355.39,Card,6/2/2032,2.0,10,West
3807,13807,471,12,2,461.08,0.27,673.18,Card,6/3/2032,3.0,1,South
3808,13808,754,13,4,445.3,0.14,1531.83,Wallet,6/4/2032,3.9,7,North
3809,13809,299,16,2,491.44,0.18,805.96,COD,6/5/2032,1.8,11,East
3810,13810,960,2,7,33.83,0.23,182.34,COD,6/6/2032,2.9,7,West
3811,13811,814,4,4,42.92,0.32,116.74,COD,6/7/2032,1.5,5,South
3812,13812,116,6,6,476.79,0.25,2145.56,COD,6/8/2032,3.1,9,East
3813,13813,802,8,1,326.85,0.02,320.31,Wallet,6/9/2032,3.3,11,West
3814,13814,159,9,1,353.21,0.29,250.78,COD,6/10/2032,3.1,2,North
3815,13815,397,10,4,45.76,0.35,118.98,COD,6/11/2032,2.9,5,West
3816,13816,195,8,5,164.36,0.17,682.09,COD,6/12/2032,3.3,2,East
3817,13817,257,6,7,388.44,0.34,1794.59,Wallet,6/13/2032,5.0,2,East
3818,13818,654,5,6,517.62,0.19,2515.63,COD,6/14/2032,3.5,11,North
3819,13819,744,16,1,551.44,0.16,463.21,COD,6/15/2032,4.0,9,North
3820,13820,47,11,7,307.75,0.12,1895.74,Wallet,6/16/2032,1.8,7,South
3821,13821,976,5,7,334.1,0.23,1800.8,COD,6/17/2032,3.1,4,North
3822,13822,395,9,1,502.33,0.08,462.14,Card,6/18/2032,1.0,11,South
3823,13823,702,5,3,329.51,0.04,948.99,COD,6/19/2032,1.1,8,East
3824,13824,554,13,7,317.36,0.01,2199.3,COD,6/20/2032,2.3,11,East
3825,13825,76,15,1,544.47,0.1,490.02,Card,6/21/2032,2.9,11,West
3826,13826,122,4,3,477.11,0.14,1230.94,COD,6/22/2032,3.3,4,West
3827,13827,73,9,1,546.81,0.19,442.92,COD,6/23/2032,4.6,1,South
3828,13828,860,8,1,142.67,0.1,128.4,COD,6/24/2032,4.1,10,North
3829,13829,135,10,7,321.76,0.34,1486.53,COD,6/25/2032,2.2,3,North
3830,13830,596,5,5,507.85,0.1,2285.33,COD,6/26/2032,4.0,10,West
3831,13831,396,1,5,80.02,0.15,340.08,Wallet,6/27/2032,3.2,1,East
3832,13832,826,16,6,479.88,0.04,2764.11,Card,6/28/2032,4.1,2,South
3833,13833,500,3,1,122.04,0.09,111.06,Card,6/29/2032,2.6,2,East
3834,13834,495,10,6,487.75,0.02,2867.97,Card,6/30/2032,1.4,7,East
3835,13835,568,3,6,373.02,0.2,1790.5,COD,7/1/2032,3.5,4,North
3836,13836,136,12,6,128.04,0.26,568.5,Card,7/2/2032,3.2,10,South
3837,13837,50,1,6,291.91,0.07,1628.86,Card,7/3/2032,4.8,9,East
3838,13838,761,12,4,413.91,0.13,1440.41,COD,7/4/2032,1.6,2,West
3839,13839,962,12,7,385.8,0.01,2673.59,Card,7/5/2032,3.6,9,West
3840,13840,613,8,7,264.94,0.29,1316.75,COD,7/6/2032,2.9,6,North
3841,13841,619,4,4,541.13,0.27,1580.1,COD,7/7/2032,2.5,10,West
3842,13842,851,9,1,318.77,0.02,312.39,COD,7/8/2032,4.2,8,West
3843,13843,251,6,4,310.93,0.13,1082.04,Card,7/9/2032,4.2,7,East
3844,13844,624,1,1,51.42,0.33,34.45,COD,7/10/2032,3.9,11,West
3845,13845,702,8,5,554.44,0.14,2384.09,Card,7/11/2032,1.3,8,West
3846,13846,838,12,7,118.61,0.18,680.82,Wallet,7/12/2032,2.4,9,East
3847,13847,866,5,2,324.08,0.12,570.38,Wallet,7/13/2032,1.2,8,North
3848,13848,558,7,3,485.09,0.21,1149.66,Card,7/14/2032,2.4,6,North
3849,13849,748,3,7,141.04,0.34,651.6,Card,7/15/2032,3.6,8,South
3850,13850,904,15,4,323.51,0.35,841.13,Card,7/16/2032,3.1,8,West
3851,13851,422,8,4,155.8,0.27,454.94,Card,7/17/2032,3.8,2,East
3852,13852,542,1,5,459.42,0.14,1975.51,COD,7/18/2032,3.2,2,South
3853,13853,298,5,4,345.14,0.17,1145.86,COD,7/19/2032,3.2,11,North
3854,13854,911,11,1,515.75,0.12,453.86,Card,7/20/2032,3.0,1,North
3855,13855,576,11,1,538.32,0.34,355.29,COD,7/21/2032,2.5,10,East
3856,13856,345,5,2,394.51,0.25,591.76,Wallet,7/22/2032,2.8,2,South
3857,13857,821,12,2,439.35,0.16,738.11,COD,7/23/2032,1.4,7,South
3858,13858,922,3,7,336.29,0.0,2354.03,Card,7/24/2032,4.3,11,East
3859,13859,969,14,2,239.89,0.18,393.42,COD,7/25/2032,4.6,3,East
3860,13860,49,10,1,394.15,0.34,260.14,COD,7/26/2032,4.1,4,South
3861,13861,906,5,6,546.35,0.18,2688.04,Wallet,7/27/2032,3.3,4,North
3862,13862,72,16,6,258.76,0.06,1459.41,Card,7/28/2032,3.3,4,West
3863,13863,696,2,2,198.93,0.01,393.88,Card,7/29/2032,2.9,2,North
3864,13864,258,3,2,242.24,0.12,426.34,COD,7/30/2032,1.9,11,East
3865,13865,352,8,1,269.71,0.32,183.4,COD,7/31/2032,2.5,6,South
3866,13866,577,13,5,58.03,0.35,188.6,COD,8/1/2032,5.0,1,South
3867,13867,596,7,7,306.59,0.33,1437.91,Card,8/2/2032,1.6,5,West
3868,13868,257,8,4,304.17,0.26,900.34,COD,8/3/2032,3.2,2,South
3869,13869,632,9,7,359.24,0.2,2011.74,Card,8/4/2032,4.5,9,West
3870,13870,735,12,3,227.25,0.21,538.58,Card,8/5/2032,2.8,2,North
3871,13871,292,6,6,373.67,0.19,1816.04,COD,8/6/2032,3.4,6,North
3872,13872,920,10,6,528.76,0.25,2379.42,Card,8/7/2032,4.3,4,South
3873,13873,635,9,1,573.95,0.15,487.86,Card,8/8/2032,3.2,6,South
3874,13874,782,14,7,356.41,0.23,1921.05,COD,8/9/2032,3.9,2,East
3875,13875,309,9,1,39.92,0.04,38.32,COD,8/10/2032,2.4,2,East
3876,13876,606,6,3,582.0,0.09,1588.86,Card,8/11/2032,3.9,7,South
3877,13877,827,8,7,427.93,0.29,2126.81,COD,8/12/2032,1.2,3,South
3878,13878,798,4,3,211.54,0.32,431.54,Card,8/13/2032,1.6,3,North
3879,13879,180,5,2,101.09,0.19,163.77,Card,8/14/2032,3.5,7,South
3880,13880,679,11,7,98.9,0.01,685.38,COD,8/15/2032,2.8,8,East
3881,13881,817,8,3,113.13,0.32,230.79,Card,8/16/2032,4.3,7,North
3882,13882,360,16,4,41.66,0.25,124.98,Wallet,8/17/2032,2.4,3,West
3883,13883,186,1,4,542.76,0.14,1867.09,Card,8/18/2032,4.1,3,East
3884,13884,564,5,6,331.35,0.21,1570.6,COD,8/19/2032,1.6,7,East
3885,13885,538,11,4,424.48,0.15,1443.23,Wallet,8/20/2032,4.7,3,North
3886,13886,591,1,7,499.44,0.16,2936.71,Wallet,8/21/2032,2.7,2,West
3887,13887,658,11,4,478.05,0.31,1319.42,Card,8/22/2032,1.9,7,East
3888,13888,974,5,4,531.32,0.06,1997.76,Wallet,8/23/2032,4.2,3,South
3889,13889,543,8,2,580.84,0.04,1115.21,Wallet,8/24/2032,4.8,5,East
3890,13890,717,9,6,271.86,0.0,1631.16,Card,8/25/2032,4.7,7,North
3891,13891,915,10,1,570.95,0.11,508.15,COD,8/26/2032,2.0,2,North
3892,13892,404,12,6,438.12,0.05,2497.28,Card,8/27/2032,3.7,8,North
3893,13893,865,14,6,56.34,0.08,311.0,COD,8/28/2032,3.2,2,East
3894,13894,612,2,6,413.84,0.0,2483.04,COD,8/29/2032,3.9,4,West
3895,13895,410,9,3,416.73,0.08,1150.17,Card,8/30/2032,2.9,4,South
3896,13896,338,13,1,544.93,0.12,479.54,COD,8/31/2032,2.9,8,North
3897,13897,217,10,3,233.17,0.01,692.51,Card,9/1/2032,4.5,11,West
3898,13898,892,8,2,357.17,0.21,564.33,Wallet,9/2/2032,4.5,1,South
3899,13899,161,9,2,22.13,0.2,35.41,Card,9/3/2032,4.2,9,North
3900,13900,940,4,5,209.26,0.03,1014.91,COD,9/4/2032,3.8,6,South
3901,13901,217,13,5,51.41,0.21,203.07,Card,9/5/2032,3.7,4,South
3902,13902,267,14,2,320.3,0.35,416.39,Card,9/6/2032,1.2,6,West
3903,13903,626,14,2,493.21,0.33,660.9,COD,9/7/2032,4.0,6,South
3904,13904,895,5,3,135.77,0.0,407.31,Card,9/8/2032,3.6,9,North
3905,13905,837,2,2,323.55,0.28,465.91,COD,9/9/2032,2.2,11,West
3906,13906,396,13,7,134.35,0.12,827.6,Wallet,9/10/2032,4.3,4,East
3907,13907,180,3,1,85.6,0.02,83.89,Card,9/11/2032,4.3,8,East
3908,13908,980,5,3,313.93,0.1,847.61,Wallet,9/12/2032,4.7,1,West
3909,13909,612,12,2,61.3,0.11,109.11,Card,9/13/2032,2.7,6,East
3910,13910,721,6,3,358.6,0.18,882.16,Card,9/14/2032,3.2,5,South
3911,13911,202,9,3,33.33,0.23,76.99,Card,9/15/2032,4.6,3,North
3912,13912,577,5,4,77.43,0.26,229.19,Wallet,9/16/2032,2.3,4,South
3913,13913,551,5,5,336.75,0.09,1532.21,Card,9/17/2032,4.2,8,West
3914,13914,830,8,3,360.97,0.11,963.79,Wallet,9/18/2032,5.0,11,North
3915,13915,802,10,6,31.96,0.11,170.67,Wallet,9/19/2032,3.6,11,West
3916,13916,225,9,7,350.43,0.13,2134.12,Card,9/20/2032,4.9,10,West
3917,13917,688,6,7,505.52,0.35,2300.12,COD,9/21/2032,3.1,11,West
3918,13918,613,4,3,437.55,0.27,958.23,COD,9/22/2032,1.6,2,South
3919,13919,591,7,6,91.74,0.34,363.29,Card,9/23/2032,1.7,8,North
3920,13920,839,8,7,361.6,0.24,1923.71,Card,9/24/2032,3.9,7,North
3921,13921,247,15,4,408.27,0.14,1404.45,Card,9/25/2032,1.0,1,North
3922,13922,864,5,2,36.78,0.14,63.26,COD,9/26/2032,3.6,2,South
3923,13923,436,10,3,515.38,0.17,1283.3,COD,9/27/2032,1.6,7,East
3924,13924,528,7,4,545.17,0.15,1853.58,Card,9/28/2032,4.9,11,South
3925,13925,194,10,1,512.51,0.29,363.88,Card,9/29/2032,1.7,11,South
3926,13926,683,1,4,497.41,0.16,1671.3,Wallet,9/30/2032,3.2,3,West
3927,13927,918,10,5,450.8,0.1,2028.6,Card,10/1/2032,3.7,2,North
3928,13928,976,7,5,385.56,0.27,1407.29,COD,10/2/2032,4.3,1,North
3929,13929,514,9,2,412.0,0.3,576.8,Card,10/3/2032,2.8,7,East
3930,13930,69,9,6,486.74,0.15,2482.37,Wallet,10/4/2032,4.7,3,East
3931,13931,633,15,2,402.56,0.23,619.94,Wallet,10/5/2032,2.9,6,West
3932,13932,395,10,7,206.72,0.02,1418.1,Card,10/6/2032,2.0,10,North
3933,13933,967,12,6,234.94,0.19,1141.81,Card,10/7/2032,3.4,8,East
3934,13934,665,6,6,539.78,0.02,3173.91,COD,10/8/2032,3.6,6,East
3935,13935,751,11,6,25.02,0.01,148.62,Card,10/9/2032,3.0,7,North
3936,13936,200,10,6,423.81,0.21,2008.86,Card,10/10/2032,3.9,11,South
3937,13937,146,16,5,573.54,0.11,2552.25,COD,10/11/2032,2.7,6,East
3938,13938,467,14,7,428.14,0.26,2217.77,Card,10/12/2032,1.0,7,North
3939,13939,649,1,5,596.44,0.31,2057.72,Card,10/13/2032,2.1,5,East
3940,13940,933,2,3,417.21,0.05,1189.05,COD,10/14/2032,4.8,9,West
3941,13941,196,13,7,35.1,0.25,184.28,COD,10/15/2032,4.1,3,East
3942,13942,906,12,5,498.8,0.18,2045.08,Card,10/16/2032,1.8,6,North
3943,13943,422,14,2,181.51,0.04,348.5,COD,10/17/2032,1.3,9,East
3944,13944,660,13,5,275.94,0.23,1062.37,COD,10/18/2032,2.4,1,West
3945,13945,487,16,7,197.57,0.21,1092.56,COD,10/19/2032,4.3,5,West
3946,13946,877,5,7,172.1,0.18,987.85,Card,10/20/2032,1.4,4,East
3947,13947,885,9,2,267.37,0.32,363.62,Card,10/21/2032,3.2,9,East
3948,13948,140,13,1,236.57,0.18,193.99,Wallet,10/22/2032,2.1,11,West
3949,13949,309,14,7,385.5,0.35,1754.02,Wallet,10/23/2032,3.9,11,West
3950,13950,163,1,5,490.69,0.18,2011.83,COD,10/24/2032,1.0,1,South
3951,13951,310,11,2,188.8,0.04,362.5,Card,10/25/2032,2.1,4,South
3952,13952,21,12,6,140.03,0.16,705.75,COD,10/26/2032,3.7,1,West
3953,13953,80,12,7,405.13,0.06,2665.76,Wallet,10/27/2032,3.2,3,East
3954,13954,576,14,4,407.14,0.21,1286.56,Card,10/28/2032,4.1,4,North
3955,13955,129,10,6,542.16,0.24,2472.25,Card,10/29/2032,1.6,1,East
3956,13956,594,10,3,24.33,0.16,61.31,COD,10/30/2032,3.1,5,East
3957,13957,722,3,7,514.03,0.03,3490.26,Wallet,10/31/2032,1.8,6,South
3958,13958,922,12,2,319.79,0.16,537.25,Card,11/1/2032,3.6,1,South
3959,13959,973,16,6,378.46,0.03,2202.64,COD,11/2/2032,1.5,10,South
3960,13960,301,6,5,68.45,0.24,260.11,COD,11/3/2032,1.6,11,West
3961,13961,904,14,5,268.08,0.28,965.09,COD,11/4/2032,2.3,10,West
3962,13962,367,5,7,147.97,0.34,683.62,COD,11/5/2032,2.6,4,East
3963,13963,846,2,1,163.72,0.05,155.53,COD,11/6/2032,3.0,4,East
3964,13964,842,4,4,309.9,0.19,1004.08,Card,11/7/2032,3.3,1,North
3965,13965,380,9,7,490.29,0.2,2745.62,Card,11/8/2032,2.9,2,East
3966,13966,897,11,2,450.11,0.32,612.15,COD,11/9/2032,1.2,11,East
3967,13967,440,11,6,360.73,0.22,1688.22,Card,11/10/2032,2.4,10,South
3968,13968,421,16,4,330.56,0.05,1256.13,COD,11/11/2032,1.2,5,South
3969,13969,159,1,1,264.97,0.15,225.22,COD,11/12/2032,1.5,2,South
3970,13970,176,6,7,584.04,0.23,3147.98,Card,11/13/2032,1.4,3,South
3971,13971,623,6,3,342.71,0.25,771.1,COD,11/14/2032,1.6,9,South
3972,13972,700,9,4,163.57,0.3,458.0,COD,11/15/2032,4.3,5,North
3973,13973,884,13,1,149.6,0.06,140.62,Card,11/16/2032,3.5,1,North
3974,13974,485,3,7,372.64,0.33,1747.68,COD,11/17/2032,3.0,5,North
3975,13975,323,10,7,320.85,0.02,2201.03,Wallet,11/18/2032,3.9,3,South
3976,13976,593,8,2,19.5,0.34,25.74,Card,11/19/2032,4.8,1,West
3977,13977,286,10,7,500.59,0.3,2452.89,COD,11/20/2032,2.7,3,South
3978,13978,588,7,3,426.91,0.23,986.16,Card,11/21/2032,2.5,11,South
3979,13979,658,5,7,402.17,0.26,2083.24,Card,11/22/2032,4.9,6,North
3980,13980,568,10,5,55.24,0.03,267.91,Card,11/23/2032,4.1,10,South
3981,13981,568,5,1,226.8,0.01,224.53,COD,11/24/2032,4.1,5,North
3982,13982,350,10,5,562.2,0.04,2698.56,Card,11/25/2032,3.4,1,South
3983,13983,28,8,7,519.61,0.03,3528.15,Card,11/26/2032,3.0,11,East
3984,13984,943,8,3,182.04,0.19,442.36,COD,11/27/2032,3.2,2,West
3985,13985,43,10,1,106.88,0.08,98.33,Card,11/28/2032,3.6,5,West
3986,13986,674,14,1,277.72,0.3,194.4,Card,11/29/2032,2.5,9,North
3987,13987,419,13,7,223.16,0.16,1312.18,Card,11/30/2032,4.1,11,East
3988,13988,593,5,3,414.1,0.24,944.15,Card,12/1/2032,4.6,5,West
3989,13989,175,11,2,580.36,0.23,893.75,COD,12/2/2032,3.3,5,North
3990,13990,524,15,1,227.36,0.11,202.35,Card,12/3/2032,2.5,1,South
3991,13991,604,2,3,51.4,0.09,140.32,Card,12/4/2032,3.8,5,South
3992,13992,955,12,4,540.1,0.12,1901.15,Wallet,12/5/2032,1.7,8,East
3993,13993,489,11,5,37.2,0.28,133.92,Wallet,12/6/2032,4.9,9,West
3994,13994,195,11,1,572.37,0.21,452.17,Wallet,12/7/2032,3.6,10,South
3995,13995,604,8,4,403.78,0.09,1469.76,Wallet,12/8/2032,1.3,3,North
3996,13996,572,9,1,565.89,0.29,401.78,COD,12/9/2032,3.1,4,South
3997,13997,831,5,2,131.8,0.02,258.33,COD,12/10/2032,4.0,7,South
3998,13998,842,13,7,38.81,0.24,206.47,COD,12/11/2032,2.1,7,West
3999,13999,512,6,3,300.6,0.15,766.53,COD,12/12/2032,1.2,1,West
4000,14000,509,6,1,278.61,0.26,206.17,COD,12/13/2032,3.0,11,North
4001,14001,22,5,3,208.92,0.32,426.2,Card,12/14/2032,4.3,6,East
4002,14002,110,8,6,575.23,0.26,2554.02,Wallet,12/15/2032,2.0,9,East
4003,14003,56,9,1,496.21,0.15,421.78,COD,12/16/2032,3.9,5,South
4004,14004,65,9,2,402.03,0.05,763.86,Wallet,12/17/2032,2.6,8,North
4005,14005,831,2,2,110.27,0.28,158.79,Card,12/18/2032,1.2,11,East
4006,14006,96,12,7,444.58,0.16,2614.13,Card,12/19/2032,2.2,10,East
4007,14007,142,15,7,440.3,0.03,2989.64,Card,12/20/2032,2.3,11,South
4008,14008,869,4,4,263.66,0.25,790.98,COD,12/21/2032,4.6,9,North
4009,14009,430,10,2,556.0,0.1,1000.8,Card,12/22/2032,4.9,10,East
4010,14010,631,7,3,112.68,0.02,331.28,Card,12/23/2032,1.8,10,West
4011,14011,672,6,6,171.39,0.32,699.27,Card,12/24/2032,2.7,3,West
4012,14012,84,1,2,51.99,0.17,86.3,Card,12/25/2032,4.9,1,South
4013,14013,583,3,1,480.34,0.1,432.31,COD,12/26/2032,2.6,2,South
4014,14014,340,14,2,378.73,0.25,568.1,Wallet,12/27/2032,2.4,5,South
4015,14015,925,9,6,199.24,0.31,824.85,Card,12/28/2032,1.4,10,South
4016,14016,291,14,3,110.83,0.0,332.49,COD,12/29/2032,4.0,7,East
4017,14017,945,8,1,38.49,0.24,29.25,Card,12/30/2032,2.8,11,North
4018,14018,566,6,4,112.55,0.27,328.65,Card,12/31/2032,3.6,6,South
4019,14019,644,12,4,280.17,0.07,1042.23,COD,1/1/2033,3.0,4,South
4020,14020,605,10,4,159.6,0.17,529.87,COD,1/2/2033,1.7,9,East
4021,14021,696,13,7,166.5,0.03,1130.54,Wallet,1/3/2033,1.7,11,South
4022,14022,240,8,1,527.21,0.26,390.14,COD,1/4/2033,4.8,4,South
4023,14023,820,12,4,316.36,0.3,885.81,Wallet,1/5/2033,4.6,3,North
4024,14024,556,5,7,441.61,0.04,2967.62,Card,1/6/2033,3.4,11,West
4025,14025,949,4,2,35.89,0.29,50.96,Card,1/7/2033,1.0,5,South
4026,14026,32,14,1,228.62,0.27,166.89,Card,1/8/2033,2.7,4,East
4027,14027,387,10,1,295.31,0.12,259.87,COD,1/9/2033,3.1,2,North
4028,14028,274,12,1,124.05,0.24,94.28,Card,1/10/2033,2.8,3,East
4029,14029,527,10,5,85.31,0.0,426.55,Card,1/11/2033,4.7,7,North
4030,14030,152,4,7,524.13,0.33,2458.17,COD,1/12/2033,1.2,2,North
4031,14031,379,7,3,564.57,0.19,1371.91,Card,1/13/2033,3.6,1,South
4032,14032,67,6,5,61.1,0.22,238.29,Card,1/14/2033,2.3,2,South
4033,14033,867,8,5,219.18,0.23,843.84,Card,1/15/2033,3.2,8,South
4034,14034,873,6,5,575.6,0.2,2302.4,Card,1/16/2033,3.6,8,West
4035,14035,211,15,3,63.65,0.3,133.66,COD,1/17/2033,2.8,10,West
4036,14036,649,7,5,391.53,0.21,1546.54,COD,1/18/2033,1.6,2,East
4037,14037,372,10,4,583.75,0.32,1587.8,Card,1/19/2033,3.1,6,South
4038,14038,736,11,1,587.26,0.2,469.81,Card,1/20/2033,4.7,11,West
4039,14039,210,6,1,290.67,0.06,273.23,Wallet,1/21/2033,3.1,11,South
4040,14040,77,1,7,110.21,0.32,524.6,COD,1/22/2033,1.5,11,West
4041,14041,718,9,2,133.22,0.24,202.49,COD,1/23/2033,4.3,7,West
4042,14042,622,3,6,535.42,0.24,2441.52,COD,1/24/2033,1.9,1,North
4043,14043,598,14,4,548.33,0.34,1447.59,Card,1/25/2033,2.5,7,South
4044,14044,772,9,3,370.61,0.03,1078.48,Wallet,1/26/2033,2.7,11,South
4045,14045,912,12,6,463.21,0.15,2362.37,COD,1/27/2033,2.4,8,West
4046,14046,377,12,1,447.86,0.08,412.03,Card,1/28/2033,2.6,9,South
4047,14047,673,16,5,402.17,0.22,1568.46,Card,1/29/2033,4.2,8,West
4048,14048,57,10,7,498.96,0.28,2514.76,Card,1/30/2033,1.9,3,South
4049,14049,786,7,7,415.96,0.34,1921.74,Card,1/31/2033,2.9,8,North
4050,14050,26,6,2,327.39,0.16,550.02,Wallet,2/1/2033,1.1,3,South
4051,14051,870,15,2,153.62,0.28,221.21,Wallet,2/2/2033,3.0,6,North
4052,14052,442,10,1,450.17,0.32,306.12,Card,2/3/2033,1.4,4,East
4053,14053,65,6,4,291.96,0.24,887.56,Card,2/4/2033,2.1,7,South
4054,14054,910,6,7,187.45,0.08,1207.18,COD,2/5/2033,2.3,8,South
4055,14055,751,5,6,484.14,0.21,2294.82,Card,2/6/2033,1.3,10,South
4056,14056,251,16,2,422.58,0.34,557.81,COD,2/7/2033,2.4,6,North
4057,14057,888,12,1,563.34,0.35,366.17,COD,2/8/2033,3.0,10,South
4058,14058,957,14,4,111.78,0.22,348.75,COD,2/9/2033,2.7,4,South
4059,14059,44,16,1,394.78,0.31,272.4,COD,2/10/2033,2.1,8,West
4060,14060,95,8,1,157.88,0.07,146.83,COD,2/11/2033,2.2,7,East
4061,14061,549,15,4,543.6,0.09,1978.7,Wallet,2/12/2033,3.5,10,North
4062,14062,224,5,4,73.21,0.33,196.2,Card,2/13/2033,3.9,8,West
4063,14063,764,12,4,398.85,0.05,1515.63,Wallet,2/14/2033,3.3,10,North
4064,14064,672,14,1,477.79,0.07,444.34,Card,2/15/2033,4.9,7,West
4065,14065,431,6,2,222.63,0.15,378.47,Card,2/16/2033,4.8,3,East
4066,14066,781,7,3,573.17,0.21,1358.41,Card,2/17/2033,1.4,3,West
4067,14067,595,12,3,512.68,0.21,1215.05,COD,2/18/2033,2.0,9,North
4068,14068,375,2,1,187.35,0.1,168.62,Card,2/19/2033,4.5,7,South
4069,14069,176,6,1,19.41,0.32,13.2,Wallet,2/20/2033,1.1,1,South
4070,14070,423,9,2,188.54,0.32,256.41,COD,2/21/2033,3.4,3,East
4071,14071,904,8,4,179.57,0.14,617.72,Card,2/22/2033,4.8,11,North
4072,14072,701,13,1,535.63,0.15,455.29,COD,2/23/2033,3.7,1,North
4073,14073,303,13,7,580.77,0.25,3049.04,Wallet,2/24/2033,1.4,6,North
4074,14074,769,8,5,56.21,0.23,216.41,COD,2/25/2033,4.0,2,East
4075,14075,499,1,4,290.71,0.13,1011.67,Card,2/26/2033,2.5,7,South
4076,14076,265,12,7,335.77,0.14,2021.34,Wallet,2/27/2033,4.7,8,West
4077,14077,581,8,1,69.35,0.12,61.03,COD,2/28/2033,2.1,6,East
4078,14078,8,4,5,235.84,0.08,1084.86,Card,3/1/2033,2.9,5,West
4079,14079,909,1,7,200.49,0.16,1178.88,Card,3/2/2033,4.0,10,South
4080,14080,503,16,6,328.59,0.24,1498.37,COD,3/3/2033,2.0,4,East
4081,14081,471,4,2,401.8,0.26,594.66,Wallet,3/4/2033,1.7,9,South
4082,14082,294,10,5,426.54,0.27,1556.87,Card,3/5/2033,1.0,8,West
4083,14083,162,1,1,95.0,0.13,82.65,Card,3/6/2033,3.0,5,North
4084,14084,480,9,3,490.57,0.27,1074.35,Wallet,3/7/2033,4.7,1,North
4085,14085,592,12,7,411.95,0.0,2883.65,Card,3/8/2033,2.1,8,West
4086,14086,70,10,1,535.11,0.17,444.14,Wallet,3/9/2033,1.2,8,North
4087,14087,562,6,3,277.86,0.28,600.18,Card,3/10/2033,3.5,7,West
4088,14088,894,11,2,537.93,0.22,839.17,COD,3/11/2033,1.2,7,East
4089,14089,554,11,2,521.48,0.17,865.66,Card,3/12/2033,3.0,8,East
4090,14090,900,10,4,271.47,0.23,836.13,Wallet,3/13/2033,2.5,1,East
4091,14091,933,9,7,237.97,0.32,1132.74,COD,3/14/2033,2.9,3,North
4092,14092,235,5,4,560.7,0.2,1794.24,Wallet,3/15/2033,1.7,4,South
4093,14093,102,8,3,433.37,0.28,936.08,COD,3/16/2033,1.4,11,North
4094,14094,207,11,3,558.02,0.34,1104.88,Card,3/17/2033,4.0,6,North
4095,14095,549,14,2,481.23,0.25,721.84,Card,3/18/2033,2.0,10,South
4096,14096,817,4,5,371.44,0.2,1485.76,COD,3/19/2033,4.2,10,South
4097,14097,463,13,3,82.77,0.01,245.83,COD,3/20/2033,4.0,9,South
4098,14098,449,12,3,185.52,0.13,484.21,Wallet,3/21/2033,1.8,4,South
4099,14099,265,16,7,581.77,0.2,3257.91,Card,3/22/2033,4.6,6,North
4100,14100,382,10,5,201.86,0.28,726.7,COD,3/23/2033,1.6,9,West
4101,14101,765,12,4,69.55,0.15,236.47,Wallet,3/24/2033,4.2,9,East
4102,14102,837,10,4,428.92,0.34,1132.35,Card,3/25/2033,2.7,6,West
4103,14103,383,15,3,444.39,0.1,1199.85,Wallet,3/26/2033,1.7,5,North
4104,14104,866,12,7,181.99,0.26,942.71,Card,3/27/2033,4.8,3,South
4105,14105,256,9,4,189.14,0.15,643.08,COD,3/28/2033,4.9,5,East
4106,14106,280,9,4,289.3,0.17,960.48,Card,3/29/2033,3.0,3,East
4107,14107,620,4,6,27.75,0.28,119.88,Card,3/30/2033,2.9,5,West
4108,14108,864,7,7,476.75,0.1,3003.52,Card,3/31/2033,4.6,10,North
4109,14109,40,9,4,200.5,0.03,777.94,Wallet,4/1/2033,3.4,10,North
4110,14110,481,7,2,514.45,0.18,843.7,Wallet,4/2/2033,2.1,1,North
4111,14111,918,8,1,484.54,0.19,392.48,Card,4/3/2033,2.7,6,East
4112,14112,217,15,3,401.92,0.28,868.15,Wallet,4/4/2033,4.3,7,West
4113,14113,127,10,3,205.05,0.34,406.0,COD,4/5/2033,4.4,2,East
4114,14114,515,1,2,317.05,0.02,621.42,Wallet,4/6/2033,4.8,3,East
4115,14115,607,11,1,275.23,0.21,217.43,Card,4/7/2033,2.2,10,South
4116,14116,917,13,1,213.25,0.24,162.07,Card,4/8/2033,3.7,9,West
4117,14117,881,11,2,511.16,0.35,664.51,COD,4/9/2033,1.3,8,South
4118,14118,681,5,5,297.85,0.33,997.8,Card,4/10/2033,3.9,4,North
4119,14119,613,5,5,502.14,0.25,1883.02,COD,4/11/2033,3.3,11,East
4120,14120,607,8,1,76.55,0.18,62.77,Card,4/12/2033,2.0,8,West
4121,14121,257,11,5,97.5,0.06,458.25,Card,4/13/2033,3.6,11,North
4122,14122,979,16,5,586.73,0.13,2552.28,Card,4/14/2033,1.5,8,West
4123,14123,955,9,5,358.84,0.2,1435.36,Wallet,4/15/2033,2.3,6,East
4124,14124,362,15,1,313.22,0.25,234.92,Card,4/16/2033,2.6,1,West
4125,14125,749,15,5,321.05,0.22,1252.1,Card,4/17/2033,4.1,2,North
4126,14126,777,6,3,140.93,0.25,317.09,COD,4/18/2033,2.2,4,South
4127,14127,539,13,6,435.44,0.15,2220.74,COD,4/19/2033,1.2,4,East
4128,14128,643,14,1,64.6,0.25,48.45,COD,4/20/2033,1.7,2,South
4129,14129,519,6,2,350.39,0.05,665.74,COD,4/21/2033,3.4,9,East
4130,14130,896,15,5,348.9,0.06,1639.83,Card,4/22/2033,1.1,2,North
4131,14131,803,10,4,549.8,0.06,2067.25,Card,4/23/2033,4.2,6,East
4132,14132,876,5,1,322.82,0.31,222.75,COD,4/24/2033,4.6,5,South
4133,14133,16,16,7,95.18,0.03,646.27,Wallet,4/25/2033,3.0,4,East
4134,14134,127,6,2,350.06,0.28,504.09,COD,4/26/2033,3.8,6,North
4135,14135,570,10,6,68.43,0.08,377.73,Card,4/27/2033,2.9,4,East
4136,14136,107,7,3,134.22,0.16,338.23,Card,4/28/2033,2.2,9,South
4137,14137,876,15,7,33.2,0.32,158.03,Card,4/29/2033,1.7,11,North
4138,14138,528,3,2,315.28,0.21,498.14,COD,4/30/2033,3.1,10,South
4139,14139,664,8,5,64.45,0.07,299.69,Card,5/1/2033,4.7,7,East
4140,14140,266,15,4,289.6,0.1,1042.56,Card,5/2/2033,4.6,3,West
4141,14141,160,1,5,560.77,0.32,1906.62,Card,5/3/2033,4.7,10,South
4142,14142,257,9,2,436.06,0.15,741.3,COD,5/4/2033,4.9,4,East
4143,14143,913,11,1,60.29,0.21,47.63,Card,5/5/2033,1.7,1,West
4144,14144,100,15,7,146.16,0.16,859.42,COD,5/6/2033,1.6,6,West
4145,14145,501,16,4,409.09,0.13,1423.63,COD,5/7/2033,2.7,2,North
4146,14146,727,4,7,538.4,0.08,3467.3,Card,5/8/2033,3.8,4,West
4147,14147,566,5,7,34.26,0.24,182.26,COD,5/9/2033,2.8,5,South
4148,14148,244,12,4,490.28,0.25,1470.84,Card,5/10/2033,4.6,8,South
4149,14149,634,7,2,343.66,0.1,618.59,Card,5/11/2033,3.9,3,West
4150,14150,785,12,6,334.46,0.28,1444.87,COD,5/12/2033,3.5,6,East
4151,14151,826,11,6,575.32,0.3,2416.34,COD,5/13/2033,1.3,1,South
4152,14152,532,13,5,452.37,0.32,1538.06,COD,5/14/2033,1.7,9,South
4153,14153,129,10,2,512.32,0.06,963.16,COD,5/15/2033,2.7,1,North
4154,14154,349,16,4,222.09,0.11,790.64,Wallet,5/16/2033,4.9,2,East
4155,14155,194,5,2,339.3,0.3,475.02,Card,5/17/2033,2.3,1,West
4156,14156,783,5,4,375.01,0.07,1395.04,COD,5/18/2033,3.5,8,East
4157,14157,905,12,7,203.13,0.0,1421.91,COD,5/19/2033,5.0,4,North
4158,14158,919,10,5,348.6,0.3,1220.1,Card,5/20/2033,2.1,2,North
4159,14159,660,11,1,153.44,0.11,136.56,Card,5/21/2033,1.7,7,East
4160,14160,378,1,7,98.87,0.15,588.28,COD,5/22/2033,3.2,8,North
4161,14161,639,13,1,233.77,0.16,196.37,Card,5/23/2033,3.2,9,North
4162,14162,224,6,2,447.48,0.3,626.47,Card,5/24/2033,4.7,5,North
4163,14163,693,11,4,550.97,0.12,1939.41,COD,5/25/2033,1.1,3,East
4164,14164,471,1,1,282.76,0.31,195.1,Wallet,5/26/2033,2.6,1,North
4165,14165,472,10,7,391.05,0.22,2135.13,Wallet,5/27/2033,2.2,8,West
4166,14166,262,12,4,75.28,0.18,246.92,Card,5/28/2033,3.3,6,West
4167,14167,368,6,5,544.11,0.11,2421.29,COD,5/29/2033,1.0,5,South
4168,14168,481,2,7,347.63,0.09,2214.4,Card,5/30/2033,3.8,7,West
4169,14169,429,9,2,471.5,0.22,735.54,Card,5/31/2033,2.9,5,South
4170,14170,640,11,4,479.75,0.16,1611.96,COD,6/1/2033,3.8,11,East
4171,14171,208,4,2,165.04,0.32,224.45,Card,6/2/2033,2.8,4,North
4172,14172,567,10,4,324.57,0.17,1077.57,Card,6/3/2033,2.9,5,West
4173,14173,929,12,7,576.88,0.18,3311.29,Wallet,6/4/2033,4.6,11,South
4174,14174,373,7,6,67.44,0.15,343.94,Wallet,6/5/2033,1.8,7,East
4175,14175,391,4,6,414.58,0.28,1790.99,COD,6/6/2033,1.9,11,South
4176,14176,445,8,4,577.92,0.15,1964.93,Wallet,6/7/2033,3.2,6,North
4177,14177,932,1,5,190.84,0.09,868.32,COD,6/8/2033,3.6,10,West
4178,14178,360,15,2,518.95,0.3,726.53,Card,6/9/2033,2.4,10,East
4179,14179,865,10,3,561.19,0.21,1330.02,COD,6/10/2033,3.1,11,South
4180,14180,452,1,4,452.05,0.21,1428.48,Card,6/11/2033,1.9,9,East
4181,14181,717,5,4,150.33,0.21,475.04,Card,6/12/2033,1.5,10,South
4182,14182,720,10,6,210.39,0.25,946.75,Wallet,6/13/2033,2.0,2,South
4183,14183,223,7,1,35.95,0.11,32.0,COD,6/14/2033,4.7,7,North
4184,14184,971,12,7,501.4,0.01,3474.7,Card,6/15/2033,4.2,1,North
4185,14185,129,11,6,512.02,0.28,2211.93,Card,6/16/2033,1.6,8,South
4186,14186,583,11,2,385.14,0.05,731.77,Card,6/17/2033,1.2,4,West
4187,14187,471,8,6,221.23,0.25,995.53,Wallet,6/18/2033,1.4,8,East
4188,14188,788,16,3,59.93,0.03,174.4,COD,6/19/2033,2.2,8,East
4189,14189,975,8,5,455.54,0.13,1981.6,COD,6/20/2033,4.2,4,North
4190,14190,274,3,7,440.02,0.02,3018.54,COD,6/21/2033,2.3,4,West
4191,14191,154,10,3,548.87,0.18,1350.22,COD,6/22/2033,1.7,5,South
4192,14192,751,11,5,442.36,0.23,1703.09,COD,6/23/2033,2.6,7,North
4193,14193,215,10,3,499.79,0.06,1409.41,COD,6/24/2033,1.5,6,South
4194,14194,188,11,7,451.38,0.13,2748.9,Wallet,6/25/2033,2.9,1,South
4195,14195,413,10,6,383.95,0.33,1543.48,Wallet,6/26/2033,3.7,6,North
4196,14196,970,16,3,264.78,0.15,675.19,Wallet,6/27/2033,2.5,3,West
4197,14197,668,3,6,542.74,0.28,2344.64,COD,6/28/2033,1.7,9,East
4198,14198,685,3,7,395.82,0.32,1884.1,Wallet,6/29/2033,2.8,3,North
4199,14199,541,9,6,248.04,0.34,982.24,Card,6/30/2033,4.0,9,West
4200,14200,41,2,2,63.83,0.31,88.09,Wallet,7/1/2033,1.3,5,South
4201,14201,303,11,6,185.06,0.11,988.22,Wallet,7/2/2033,1.3,10,North
4202,14202,932,11,1,333.08,0.34,219.83,Wallet,7/3/2033,2.3,8,East
4203,14203,334,4,3,176.25,0.28,380.7,Wallet,7/4/2033,2.7,9,East
4204,14204,310,6,7,144.42,0.29,717.77,Card,7/5/2033,1.9,9,South
4205,14205,73,10,4,323.53,0.01,1281.18,Card,7/6/2033,1.1,7,North
4206,14206,942,7,4,114.34,0.33,306.43,Card,7/7/2033,1.9,10,East
4207,14207,276,10,4,483.24,0.27,1411.06,COD,7/8/2033,2.7,1,North
4208,14208,174,14,7,298.36,0.27,1524.62,Card,7/9/2033,1.3,8,East
4209,14209,885,6,1,350.71,0.03,340.19,COD,7/10/2033,3.9,7,South
4210,14210,656,2,6,101.22,0.08,558.73,COD,7/11/2033,3.2,4,South
4211,14211,270,10,3,204.88,0.34,405.66,COD,7/12/2033,2.7,6,North
4212,14212,826,5,5,254.9,0.18,1045.09,Wallet,7/13/2033,3.1,10,West
4213,14213,614,5,5,487.8,0.14,2097.54,COD,7/14/2033,3.6,2,West
4214,14214,645,7,7,465.54,0.29,2313.73,COD,7/15/2033,5.0,4,South
4215,14215,851,10,2,145.44,0.03,282.15,COD,7/16/2033,4.1,8,East
4216,14216,773,16,1,375.46,0.15,319.14,Wallet,7/17/2033,3.2,4,West
4217,14217,848,3,3,157.42,0.13,410.87,Card,7/18/2033,4.1,10,South
4218,14218,920,3,6,593.12,0.12,3131.67,Card,7/19/2033,2.9,4,East
4219,14219,286,14,4,571.99,0.11,2036.28,Wallet,7/20/2033,2.2,4,East
4220,14220,716,2,1,344.51,0.07,320.39,COD,7/21/2033,2.0,10,West
4221,14221,882,5,1,423.86,0.06,398.43,COD,7/22/2033,2.6,9,South
4222,14222,269,15,3,483.84,0.22,1132.19,COD,7/23/2033,1.0,11,East
4223,14223,919,11,7,436.78,0.32,2079.07,Card,7/24/2033,1.7,2,East
4224,14224,65,6,6,424.4,0.18,2088.05,COD,7/25/2033,1.5,7,North
4225,14225,478,11,7,575.75,0.1,3627.22,Card,7/26/2033,4.8,3,North
4226,14226,925,8,7,363.93,0.06,2394.66,COD,7/27/2033,1.3,4,West
4227,14227,245,10,2,387.24,0.29,549.88,COD,7/28/2033,3.0,1,North
4228,14228,154,3,7,511.82,0.34,2364.61,COD,7/29/2033,4.7,3,South
4229,14229,47,9,6,406.89,0.12,2148.38,COD,7/30/2033,3.4,2,West
4230,14230,924,9,2,443.77,0.1,798.79,Wallet,7/31/2033,3.0,10,West
4231,14231,449,8,2,151.99,0.21,240.14,COD,8/1/2033,4.0,7,North
4232,14232,198,12,4,232.19,0.27,677.99,Wallet,8/2/2033,2.4,6,East
4233,14233,654,10,4,101.17,0.16,339.93,COD,8/3/2033,1.8,1,South
4234,14234,122,12,3,310.87,0.22,727.44,COD,8/4/2033,4.4,11,South
4235,14235,1,7,6,281.6,0.25,1267.2,Card,8/5/2033,1.2,8,South
4236,14236,957,6,7,598.34,0.34,2764.33,Card,8/6/2033,4.2,9,West
4237,14237,750,13,2,372.56,0.06,700.41,COD,8/7/2033,1.4,1,South
4238,14238,844,15,3,475.07,0.35,926.39,Card,8/8/2033,3.5,5,East
4239,14239,634,7,2,210.4,0.14,361.89,COD,8/9/2033,2.9,7,East
4240,14240,189,12,1,501.45,0.25,376.09,COD,8/10/2033,5.0,2,North
4241,14241,574,11,5,374.82,0.2,1499.28,Wallet,8/11/2033,2.6,6,South
4242,14242,511,14,5,422.74,0.17,1754.37,Wallet,8/12/2033,4.8,8,West
4243,14243,437,12,2,187.24,0.24,284.6,Card,8/13/2033,2.6,8,North
4244,14244,910,11,3,335.95,0.14,866.75,Card,8/14/2033,3.7,10,East
4245,14245,804,13,4,385.91,0.04,1481.89,COD,8/15/2033,3.6,10,South
4246,14246,796,8,6,359.62,0.17,1790.91,Card,8/16/2033,1.3,8,East
4247,14247,141,9,2,550.39,0.18,902.64,Card,8/17/2033,4.0,6,North
4248,14248,189,10,2,540.49,0.07,1005.31,Wallet,8/18/2033,1.8,6,East
4249,14249,528,1,6,583.03,0.33,2343.78,Wallet,8/19/2033,2.6,11,South
4250,14250,224,3,7,405.45,0.08,2611.1,COD,8/20/2033,4.1,3,South
4251,14251,309,13,4,583.57,0.14,2007.48,COD,8/21/2033,4.8,2,North
4252,14252,623,8,2,502.0,0.05,953.8,Card,8/22/2033,3.2,5,South
4253,14253,938,6,1,173.44,0.19,140.49,COD,8/23/2033,3.1,9,East
4254,14254,298,4,4,265.05,0.11,943.58,COD,8/24/2033,3.0,4,East
4255,14255,648,3,1,154.46,0.17,128.2,COD,8/25/2033,4.3,5,West
4256,14256,985,9,5,17.46,0.08,80.32,Card,8/26/2033,5.0,6,West
4257,14257,455,15,6,125.01,0.02,735.06,Wallet,8/27/2033,3.5,11,West
4258,14258,397,9,4,17.38,0.27,50.75,COD,8/28/2033,2.5,6,East
4259,14259,546,10,7,436.11,0.22,2381.16,COD,8/29/2033,1.9,4,East
4260,14260,389,14,4,263.94,0.12,929.07,Wallet,8/30/2033,1.8,4,North
4261,14261,856,7,3,197.86,0.02,581.71,Card,8/31/2033,4.4,8,West
4262,14262,755,2,3,460.61,0.3,967.28,Card,9/1/2033,5.0,5,East
4263,14263,834,9,6,502.0,0.06,2831.28,Wallet,9/2/2033,3.8,11,North
4264,14264,204,5,7,585.55,0.33,2746.23,Wallet,9/3/2033,4.8,5,East
4265,14265,207,4,4,390.58,0.17,1296.73,COD,9/4/2033,2.4,9,North
4266,14266,113,1,5,284.99,0.12,1253.96,Card,9/5/2033,3.5,4,West
4267,14267,729,12,7,193.58,0.26,1002.74,COD,9/6/2033,3.0,7,West
4268,14268,640,6,2,145.06,0.31,200.18,Card,9/7/2033,2.9,5,West
4269,14269,248,8,6,139.56,0.13,728.5,COD,9/8/2033,3.5,9,East
4270,14270,216,11,7,254.38,0.14,1531.37,Card,9/9/2033,2.2,8,East
4271,14271,403,1,6,595.2,0.15,3035.52,Wallet,9/10/2033,3.6,8,North
4272,14272,438,3,7,15.5,0.32,73.78,COD,9/11/2033,3.7,10,South
4273,14273,597,12,3,130.37,0.24,297.24,Wallet,9/12/2033,4.3,10,South
4274,14274,350,10,5,125.21,0.09,569.71,Card,9/13/2033,3.9,3,West
4275,14275,877,12,6,434.51,0.06,2450.64,Card,9/14/2033,2.3,9,South
4276,14276,553,3,5,221.2,0.08,1017.52,Wallet,9/15/2033,2.8,8,West
4277,14277,545,12,6,282.5,0.09,1542.45,Card,9/16/2033,1.5,3,North
4278,14278,140,7,3,101.95,0.08,281.38,COD,9/17/2033,2.0,10,South
4279,14279,606,5,2,251.92,0.23,387.96,Card,9/18/2033,3.1,1,South
4280,14280,496,7,3,75.37,0.04,217.07,COD,9/19/2033,1.4,5,West
4281,14281,829,11,6,326.83,0.14,1686.44,Card,9/20/2033,3.3,4,North
4282,14282,694,11,5,72.29,0.22,281.93,Card,9/21/2033,2.6,8,South
4283,14283,542,3,1,477.45,0.1,429.7,COD,9/22/2033,1.1,6,South
4284,14284,653,4,3,346.46,0.02,1018.59,Card,9/23/2033,2.7,10,South
4285,14285,537,13,5,438.52,0.03,2126.82,Card,9/24/2033,2.1,5,North
4286,14286,835,10,7,259.83,0.04,1746.06,COD,9/25/2033,1.3,9,North
4287,14287,502,12,7,238.17,0.29,1183.7,COD,9/26/2033,2.2,6,South
4288,14288,591,8,3,72.45,0.23,167.36,Card,9/27/2033,2.2,11,West
4289,14289,870,12,6,321.46,0.02,1890.18,COD,9/28/2033,2.4,11,West
4290,14290,278,3,7,315.98,0.14,1902.2,Wallet,9/29/2033,2.5,11,South
4291,14291,420,6,5,288.84,0.1,1299.78,Card,9/30/2033,2.7,11,North
4292,14292,845,12,2,448.2,0.2,717.12,COD,10/1/2033,1.4,3,South
4293,14293,267,4,5,502.02,0.18,2058.28,COD,10/2/2033,1.0,6,North
4294,14294,152,2,7,454.21,0.17,2638.96,Card,10/3/2033,3.9,11,South
4295,14295,608,9,7,99.16,0.11,617.77,Card,10/4/2033,2.3,4,North
4296,14296,719,6,4,378.9,0.05,1439.82,COD,10/5/2033,3.5,5,East
4297,14297,656,10,1,61.99,0.26,45.87,COD,10/6/2033,2.2,6,West
4298,14298,933,7,6,421.35,0.31,1744.39,Card,10/7/2033,4.9,9,East
4299,14299,81,12,5,238.38,0.33,798.57,Wallet,10/8/2033,2.3,3,West
4300,14300,616,7,7,92.51,0.02,634.62,COD,10/9/2033,3.4,1,North
4301,14301,936,1,6,519.3,0.26,2305.69,Card,10/10/2033,1.9,2,East
4302,14302,888,8,3,374.19,0.25,841.93,COD,10/11/2033,3.1,8,West
4303,14303,422,9,3,222.51,0.33,447.25,Wallet,10/12/2033,3.3,4,South
4304,14304,272,5,5,32.98,0.09,150.06,Card,10/13/2033,1.7,7,North
4305,14305,705,12,4,329.33,0.26,974.82,COD,10/14/2033,1.5,2,North
4306,14306,281,3,7,555.09,0.02,3807.92,COD,10/15/2033,4.9,11,South
4307,14307,969,8,5,363.88,0.22,1419.13,Card,10/16/2033,4.6,10,South
4308,14308,171,10,2,583.42,0.12,1026.82,Card,10/17/2033,3.6,8,West
4309,14309,323,12,4,94.82,0.27,276.87,Card,10/18/2033,4.4,10,North
4310,14310,710,14,7,347.46,0.3,1702.55,Card,10/19/2033,1.4,9,West
4311,14311,62,10,7,481.9,0.13,2934.77,Card,10/20/2033,3.9,7,South
4312,14312,71,14,6,322.44,0.18,1586.4,Wallet,10/21/2033,2.1,10,North
4313,14313,754,12,5,68.27,0.04,327.7,Wallet,10/22/2033,3.2,11,South
4314,14314,630,11,7,355.99,0.15,2118.14,Card,10/23/2033,4.1,1,West
4315,14315,371,8,6,372.87,0.13,1946.38,Card,10/24/2033,1.1,2,West
4316,14316,627,1,7,441.29,0.06,2903.69,Card,10/25/2033,3.8,9,West
4317,14317,503,3,1,460.31,0.31,317.61,Card,10/26/2033,2.7,10,North
4318,14318,777,11,4,465.9,0.05,1770.42,Card,10/27/2033,2.8,7,South
4319,14319,932,8,5,403.11,0.22,1572.13,Card,10/28/2033,4.6,11,South
4320,14320,394,12,1,141.25,0.31,97.46,Wallet,10/29/2033,4.4,3,West
4321,14321,118,6,5,251.48,0.32,855.03,Card,10/30/2033,1.2,5,West
4322,14322,923,5,2,469.04,0.28,675.42,COD,10/31/2033,3.5,1,West
4323,14323,432,1,3,572.75,0.06,1615.16,Card,11/1/2033,2.7,10,West
4324,14324,818,2,6,61.18,0.29,260.63,Card,11/2/2033,1.5,3,East
4325,14325,669,7,5,328.29,0.1,1477.3,Wallet,11/3/2033,4.4,11,East
4326,14326,925,7,4,197.83,0.32,538.1,Card,11/4/2033,1.3,4,East
4327,14327,460,4,5,146.86,0.25,550.72,Wallet,11/5/2033,1.1,4,West
4328,14328,283,13,5,310.9,0.27,1134.79,Card,11/6/2033,1.8,7,West
4329,14329,262,11,5,369.56,0.03,1792.37,COD,11/7/2033,2.2,5,South
4330,14330,316,12,7,20.72,0.2,116.03,Wallet,11/8/2033,1.2,9,North
4331,14331,666,6,5,471.42,0.29,1673.54,Card,11/9/2033,3.6,7,South
4332,14332,372,12,7,494.63,0.3,2423.69,Card,11/10/2033,2.7,2,East
4333,14333,809,10,4,579.82,0.01,2296.09,COD,11/11/2033,2.6,11,South
4334,14334,87,9,4,120.68,0.33,323.42,Card,11/12/2033,1.6,11,West
4335,14335,648,5,5,362.81,0.02,1777.77,COD,11/13/2033,2.8,8,East
4336,14336,200,11,7,264.58,0.22,1444.61,Card,11/14/2033,2.6,11,East
4337,14337,810,12,3,210.87,0.24,480.78,Card,11/15/2033,2.5,2,North
4338,14338,731,9,5,345.9,0.04,1660.32,Card,11/16/2033,1.9,7,North
4339,14339,944,15,6,472.69,0.02,2779.42,Wallet,11/17/2033,1.4,5,East
4340,14340,330,4,6,28.49,0.27,124.79,Card,11/18/2033,2.0,10,East
4341,14341,219,8,4,582.1,0.13,2025.71,Card,11/19/2033,3.7,6,South
4342,14342,41,7,6,488.78,0.04,2815.37,COD,11/20/2033,1.3,11,East
4343,14343,700,4,6,454.42,0.27,1990.36,Card,11/21/2033,2.5,4,West
4344,14344,67,9,2,459.83,0.3,643.76,Card,11/22/2033,3.1,5,South
4345,14345,977,11,5,242.6,0.21,958.27,Card,11/23/2033,4.9,5,West
4346,14346,766,9,5,454.7,0.06,2137.09,COD,11/24/2033,4.4,7,West
4347,14347,509,11,5,241.26,0.01,1194.24,COD,11/25/2033,4.7,11,West
4348,14348,862,6,5,540.74,0.25,2027.78,Card,11/26/2033,4.3,4,East
4349,14349,631,1,1,118.68,0.19,96.13,Card,11/27/2033,3.4,5,North
4350,14350,616,6,5,186.02,0.23,716.18,COD,11/28/2033,4.4,4,North
4351,14351,593,7,7,337.53,0.28,1701.15,COD,11/29/2033,3.3,4,West
4352,14352,926,4,4,201.74,0.15,685.92,Card,11/30/2033,2.4,8,East
4353,14353,626,10,7,263.18,0.04,1768.57,Card,12/1/2033,2.5,11,South
4354,14354,125,11,4,303.07,0.33,812.23,Card,12/2/2033,3.3,5,West
4355,14355,252,6,1,515.97,0.19,417.94,COD,12/3/2033,4.2,9,South
4356,14356,687,5,5,321.07,0.22,1252.17,Wallet,12/4/2033,1.5,5,South
4357,14357,16,11,3,227.04,0.33,456.35,Card,12/5/2033,1.2,8,East
4358,14358,472,7,7,159.93,0.33,750.07,Card,12/6/2033,4.2,3,East
4359,14359,61,8,5,254.08,0.2,1016.32,Card,12/7/2033,3.6,7,North
4360,14360,870,15,4,316.71,0.1,1140.16,Card,12/8/2033,4.3,1,North
4361,14361,428,5,7,451.48,0.35,2054.23,Card,12/9/2033,4.9,5,East
4362,14362,664,11,2,85.81,0.24,130.43,Wallet,12/10/2033,2.0,2,West
4363,14363,265,11,6,144.64,0.14,746.34,Card,12/11/2033,1.8,8,North
4364,14364,35,5,2,237.1,0.2,379.36,COD,12/12/2033,2.4,6,South
4365,14365,769,10,3,225.83,0.15,575.87,Card,12/13/2033,4.5,5,West
4366,14366,571,2,5,244.17,0.31,842.39,Wallet,12/14/2033,1.1,3,South
4367,14367,489,5,1,479.21,0.17,397.74,COD,12/15/2033,1.0,1,East
4368,14368,557,10,5,204.63,0.29,726.44,Card,12/16/2033,1.9,10,South
4369,14369,464,15,3,308.61,0.29,657.34,Wallet,12/17/2033,2.5,10,West
4370,14370,757,7,3,379.99,0.29,809.38,Card,12/18/2033,2.2,10,East
4371,14371,655,11,6,150.82,0.25,678.69,COD,12/19/2033,4.3,11,West
4372,14372,321,15,3,435.44,0.3,914.42,Wallet,12/20/2033,3.8,10,South
4373,14373,300,3,2,335.06,0.14,576.3,Card,12/21/2033,4.4,8,West
4374,14374,273,13,6,276.37,0.04,1591.89,COD,12/22/2033,2.5,11,East
4375,14375,858,11,5,488.72,0.29,1734.96,Wallet,12/23/2033,3.4,5,South
4376,14376,952,6,7,157.44,0.17,914.73,Wallet,12/24/2033,3.1,9,South
4377,14377,677,13,5,531.66,0.04,2551.97,COD,12/25/2033,2.9,11,North
4378,14378,918,10,1,343.21,0.04,329.48,Card,12/26/2033,2.2,7,North
4379,14379,198,11,3,371.37,0.06,1047.26,COD,12/27/2033,3.8,1,West
4380,14380,440,3,3,526.91,0.26,1169.74,COD,12/28/2033,3.1,11,North
4381,14381,894,12,4,493.29,0.25,1479.87,COD,12/29/2033,1.3,1,North
4382,14382,320,16,6,366.91,0.07,2047.36,Wallet,12/30/2033,1.0,7,North
4383,14383,35,7,4,455.61,0.3,1275.71,Card,12/31/2033,1.1,11,North
4384,14384,966,6,6,268.49,0.1,1449.85,Card,1/1/2034,1.3,7,East
4385,14385,477,9,2,335.22,0.28,482.72,COD,1/2/2034,2.5,9,East
4386,14386,720,14,6,51.31,0.17,255.52,Wallet,1/3/2034,2.2,2,North
4387,14387,475,6,5,67.57,0.26,250.01,COD,1/4/2034,1.6,7,West
4388,14388,64,6,1,500.21,0.13,435.18,Wallet,1/5/2034,3.1,2,East
4389,14389,8,14,7,49.91,0.12,307.45,Wallet,1/6/2034,4.9,10,North
4390,14390,297,13,6,114.1,0.29,486.07,Wallet,1/7/2034,1.6,10,East
4391,14391,339,4,6,480.56,0.01,2854.53,Wallet,1/8/2034,2.0,2,South
4392,14392,427,8,6,15.67,0.34,62.05,Wallet,1/9/2034,2.8,5,East
4393,14393,420,5,1,180.21,0.23,138.76,Wallet,1/10/2034,3.6,9,East
4394,14394,328,1,3,356.66,0.15,909.48,COD,1/11/2034,3.4,9,West
4395,14395,433,6,1,363.34,0.22,283.41,Card,1/12/2034,3.1,10,East
4396,14396,583,9,3,469.63,0.04,1352.53,Card,1/13/2034,3.9,1,West
4397,14397,172,12,7,310.97,0.18,1784.97,Card,1/14/2034,4.4,11,South
4398,14398,554,15,5,313.0,0.34,1032.9,Card,1/15/2034,5.0,7,North
4399,14399,522,7,1,439.31,0.08,404.17,Card,1/16/2034,2.9,10,West
4400,14400,862,15,3,306.7,0.25,690.08,Wallet,1/17/2034,5.0,10,East
4401,14401,653,6,5,370.97,0.15,1576.62,COD,1/18/2034,3.9,3,East
4402,14402,26,12,5,540.2,0.23,2079.77,Card,1/19/2034,3.6,10,West
4403,14403,809,7,3,249.85,0.07,697.08,COD,1/20/2034,3.6,10,South
4404,14404,599,10,3,240.3,0.16,605.56,COD,1/21/2034,4.6,1,North
4405,14405,402,7,2,17.08,0.34,22.55,Card,1/22/2034,4.8,2,East
4406,14406,229,5,5,373.85,0.07,1738.4,Wallet,1/23/2034,1.7,6,South
4407,14407,528,5,3,32.42,0.22,75.86,Card,1/24/2034,3.0,10,North
4408,14408,808,14,5,309.93,0.2,1239.72,COD,1/25/2034,4.8,2,North
4409,14409,545,14,1,485.48,0.2,388.38,Card,1/26/2034,2.5,2,East
4410,14410,778,14,7,336.7,0.22,1838.38,COD,1/27/2034,1.9,4,West
4411,14411,500,10,4,172.74,0.18,566.59,Wallet,1/28/2034,1.4,3,East
4412,14412,663,11,4,474.91,0.01,1880.64,Card,1/29/2034,3.4,8,East
4413,14413,177,6,6,172.78,0.32,704.94,Wallet,1/30/2034,3.8,8,East
4414,14414,130,2,3,443.82,0.29,945.34,Card,1/31/2034,1.8,6,South
4415,14415,812,14,3,372.0,0.06,1049.04,COD,2/1/2034,3.7,4,West
4416,14416,450,13,5,114.45,0.14,492.14,Wallet,2/2/2034,4.6,7,South
4417,14417,344,12,6,544.5,0.27,2384.91,Wallet,2/3/2034,2.0,9,East
4418,14418,535,5,3,132.38,0.34,262.11,Card,2/4/2034,1.5,2,West
4419,14419,762,5,5,593.91,0.33,1989.6,Card,2/5/2034,4.3,6,North
4420,14420,402,9,3,19.28,0.31,39.91,COD,2/6/2034,4.7,7,West
4421,14421,74,12,5,169.14,0.06,794.96,Card,2/7/2034,1.9,1,East
4422,14422,930,4,3,131.92,0.32,269.12,COD,2/8/2034,3.9,6,West
4423,14423,574,9,2,23.19,0.31,32.0,COD,2/9/2034,3.4,8,North
4424,14424,843,10,7,443.44,0.13,2700.55,COD,2/10/2034,2.0,7,North
4425,14425,487,9,5,420.65,0.14,1808.8,Card,2/11/2034,4.3,2,West
4426,14426,192,1,7,478.53,0.16,2813.76,COD,2/12/2034,2.9,2,North
4427,14427,973,5,2,165.17,0.23,254.36,Wallet,2/13/2034,3.8,4,South
4428,14428,160,16,2,274.94,0.09,500.39,COD,2/14/2034,2.2,5,West
4429,14429,343,1,2,400.58,0.01,793.15,COD,2/15/2034,4.3,5,North
4430,14430,940,11,2,272.26,0.05,517.29,Card,2/16/2034,2.1,11,North
4431,14431,357,5,1,422.94,0.15,359.5,Card,2/17/2034,2.5,2,West
4432,14432,759,9,7,385.87,0.1,2430.98,Card,2/18/2034,2.6,7,South
4433,14433,579,11,6,82.07,0.27,359.47,COD,2/19/2034,1.8,8,West
4434,14434,85,13,7,471.91,0.04,3171.24,Card,2/20/2034,4.5,2,North
4435,14435,923,13,4,436.6,0.32,1187.55,COD,2/21/2034,1.5,4,West
4436,14436,259,5,1,398.66,0.31,275.08,COD,2/22/2034,3.3,11,North
4437,14437,211,6,3,105.73,0.32,215.69,COD,2/23/2034,4.3,11,East
4438,14438,659,6,3,171.78,0.26,381.35,Card,2/24/2034,3.3,3,West
4439,14439,714,10,6,245.01,0.04,1411.26,COD,2/25/2034,2.3,4,West
4440,14440,902,11,4,178.76,0.15,607.78,COD,2/26/2034,4.1,5,North
4441,14441,568,9,4,148.27,0.05,563.43,Card,2/27/2034,3.0,6,North
4442,14442,770,9,4,486.13,0.35,1263.94,Card,2/28/2034,1.7,2,North
4443,14443,259,14,2,388.37,0.12,683.53,COD,3/1/2034,2.3,10,North
4444,14444,722,11,1,345.8,0.2,276.64,Card,3/2/2034,3.4,6,West
4445,14445,280,11,3,147.18,0.27,322.32,Card,3/3/2034,3.6,9,North
4446,14446,642,7,1,552.07,0.32,375.41,Card,3/4/2034,3.2,11,West
4447,14447,462,2,1,126.84,0.26,93.86,Card,3/5/2034,2.1,8,South
4448,14448,376,10,1,480.05,0.24,364.84,Wallet,3/6/2034,3.4,1,West
4449,14449,358,9,4,580.5,0.16,1950.48,COD,3/7/2034,2.3,9,North
4450,14450,444,5,6,440.35,0.21,2087.26,COD,3/8/2034,1.9,11,North
4451,14451,436,13,6,595.82,0.03,3467.67,Wallet,3/9/2034,4.8,10,South
4452,14452,91,6,4,395.86,0.31,1092.57,COD,3/10/2034,2.3,11,West
4453,14453,615,14,3,142.21,0.19,345.57,COD,3/11/2034,2.3,2,South
4454,14454,745,3,3,134.23,0.01,398.66,Card,3/12/2034,4.6,11,West
4455,14455,856,14,3,204.87,0.32,417.93,COD,3/13/2034,1.6,1,North
4456,14456,420,5,6,19.17,0.17,95.47,Card,3/14/2034,3.3,6,West
4457,14457,140,5,6,413.79,0.3,1737.92,Card,3/15/2034,4.1,1,North
4458,14458,288,10,1,172.17,0.3,120.52,Card,3/16/2034,2.1,6,North
4459,14459,428,4,4,491.88,0.29,1396.94,Card,3/17/2034,4.4,2,East
4460,14460,741,7,2,225.12,0.02,441.24,Card,3/18/2034,4.1,11,East
4461,14461,841,10,1,295.77,0.09,269.15,Card,3/19/2034,2.9,7,West
4462,14462,813,16,5,579.93,0.31,2000.76,Wallet,3/20/2034,1.5,7,North
4463,14463,682,9,6,156.67,0.31,648.61,Card,3/21/2034,4.9,4,South
4464,14464,647,6,1,436.93,0.16,367.02,Wallet,3/22/2034,3.5,2,North
4465,14465,693,7,4,456.74,0.15,1552.92,COD,3/23/2034,3.1,11,South
4466,14466,987,8,5,144.28,0.06,678.12,COD,3/24/2034,4.5,7,West
4467,14467,49,16,7,308.08,0.34,1423.33,Card,3/25/2034,2.7,1,West
4468,14468,298,10,1,219.87,0.07,204.48,Wallet,3/26/2034,3.3,11,South
4469,14469,870,6,4,466.57,0.07,1735.64,Card,3/27/2034,4.4,11,South
4470,14470,188,8,4,379.15,0.23,1167.78,COD,3/28/2034,2.6,2,North
4471,14471,134,13,6,293.45,0.08,1619.84,COD,3/29/2034,4.1,2,West
4472,14472,550,15,2,470.93,0.33,631.05,Card,3/30/2034,2.0,1,North
4473,14473,400,5,1,152.57,0.0,152.57,Card,3/31/2034,3.8,9,South
4474,14474,881,8,4,455.87,0.0,1823.48,Card,4/1/2034,3.0,6,East
4475,14475,854,9,3,521.24,0.18,1282.25,Wallet,4/2/2034,1.7,3,East
4476,14476,596,2,4,528.99,0.17,1756.25,Wallet,4/3/2034,1.5,6,East
4477,14477,797,8,2,473.45,0.06,890.09,Wallet,4/4/2034,2.8,7,South
4478,14478,337,15,4,253.69,0.17,842.25,Card,4/5/2034,3.8,3,North
4479,14479,748,11,6,589.36,0.14,3041.1,Card,4/6/2034,3.4,4,West
4480,14480,934,9,7,237.06,0.31,1145.0,Card,4/7/2034,4.4,10,South
4481,14481,696,5,1,388.6,0.0,388.6,Wallet,4/8/2034,2.6,1,East
4482,14482,314,3,6,109.23,0.34,432.55,Card,4/9/2034,4.4,6,North
4483,14483,612,8,1,588.56,0.22,459.08,Card,4/10/2034,1.1,6,West
4484,14484,359,1,5,426.83,0.05,2027.44,Wallet,4/11/2034,2.5,9,West
4485,14485,811,8,1,455.73,0.02,446.62,COD,4/12/2034,1.3,2,South
4486,14486,378,7,5,53.48,0.19,216.59,COD,4/13/2034,4.7,5,South
4487,14487,230,12,6,461.6,0.08,2548.03,Card,4/14/2034,2.9,5,West
4488,14488,767,15,3,468.21,0.11,1250.12,COD,4/15/2034,2.3,7,West
4489,14489,340,12,2,407.99,0.09,742.54,Wallet,4/16/2034,3.0,5,East
4490,14490,544,2,3,185.77,0.23,429.13,COD,4/17/2034,3.1,10,West
4491,14491,806,4,5,301.47,0.19,1220.95,Card,4/18/2034,4.4,4,South
4492,14492,548,3,4,79.6,0.03,308.85,Card,4/19/2034,3.2,10,North
4493,14493,524,8,4,290.88,0.18,954.09,Card,4/20/2034,2.7,2,East
4494,14494,845,14,3,157.64,0.28,340.5,COD,4/21/2034,4.8,8,East
4495,14495,779,13,4,219.22,0.03,850.57,Card,4/22/2034,4.9,5,West
4496,14496,808,12,5,110.12,0.31,379.91,COD,4/23/2034,1.2,4,North
4497,14497,566,7,6,149.58,0.2,717.98,COD,4/24/2034,3.8,9,East
4498,14498,924,10,2,59.79,0.33,80.12,COD,4/25/2034,2.5,2,South
4499,14499,181,5,7,553.14,0.05,3678.38,Card,4/26/2034,3.7,3,West
4500,14500,41,12,1,325.29,0.35,211.44,COD,4/27/2034,3.5,8,South
4501,14501,546,9,5,247.09,0.23,951.3,COD,4/28/2034,2.3,11,West
4502,14502,393,8,7,327.99,0.2,1836.74,Card,4/29/2034,4.9,4,East
4503,14503,696,8,5,382.55,0.18,1568.46,Wallet,4/30/2034,2.4,9,West
4504,14504,769,5,1,554.3,0.01,548.76,Card,5/1/2034,3.5,10,North
4505,14505,489,9,1,119.54,0.33,80.09,COD,5/2/2034,4.3,10,South
4506,14506,653,6,2,187.9,0.23,289.37,Card,5/3/2034,1.6,10,North
4507,14507,896,12,2,585.84,0.03,1136.53,COD,5/4/2034,2.2,10,South
4508,14508,329,8,2,232.15,0.01,459.66,COD,5/5/2034,1.8,9,South
4509,14509,125,5,4,28.2,0.02,110.54,Card,5/6/2034,4.1,10,West
4510,14510,553,6,5,101.37,0.21,400.41,COD,5/7/2034,4.2,9,East
4511,14511,552,13,6,30.41,0.21,144.14,COD,5/8/2034,2.0,1,East
4512,14512,1,11,1,594.11,0.17,493.11,COD,5/9/2034,1.0,6,North
4513,14513,166,14,5,178.14,0.11,792.72,Card,5/10/2034,2.7,10,West
4514,14514,614,7,7,555.27,0.19,3148.38,Card,5/11/2034,3.7,6,East
4515,14515,19,6,5,597.59,0.18,2450.12,COD,5/12/2034,3.5,8,South
4516,14516,328,8,2,365.91,0.01,724.5,Card,5/13/2034,2.8,7,South
4517,14517,579,9,2,34.42,0.1,61.96,COD,5/14/2034,2.2,7,West
4518,14518,451,14,5,62.73,0.02,307.38,Card,5/15/2034,2.9,2,North
4519,14519,946,8,2,296.73,0.32,403.55,Card,5/16/2034,1.1,11,West
4520,14520,107,12,4,252.61,0.25,757.83,Wallet,5/17/2034,1.3,4,North
4521,14521,265,11,1,369.61,0.35,240.25,COD,5/18/2034,1.7,1,West
4522,14522,440,11,7,271.73,0.11,1692.88,COD,5/19/2034,3.5,11,South
4523,14523,237,4,5,561.43,0.31,1936.93,Wallet,5/20/2034,1.9,11,West
4524,14524,918,15,1,327.82,0.21,258.98,COD,5/21/2034,2.7,7,East
4525,14525,297,12,4,420.83,0.16,1413.99,COD,5/22/2034,3.5,4,East
4526,14526,596,8,7,539.44,0.08,3473.99,Wallet,5/23/2034,4.3,9,West
4527,14527,101,8,2,100.92,0.26,149.36,COD,5/24/2034,3.2,6,North
4528,14528,977,15,3,149.39,0.32,304.76,COD,5/25/2034,1.7,6,North
4529,14529,247,10,4,77.78,0.08,286.23,Card,5/26/2034,4.8,9,South
4530,14530,448,12,3,96.69,0.06,272.67,Wallet,5/27/2034,1.4,8,South
4531,14531,515,1,1,314.86,0.24,239.29,Card,5/28/2034,2.5,6,North
4532,14532,151,9,5,202.89,0.34,669.54,Card,5/29/2034,4.7,6,West
4533,14533,848,11,7,262.56,0.26,1360.06,Card,5/30/2034,3.4,6,South
4534,14534,172,4,2,589.76,0.1,1061.57,Card,5/31/2034,3.7,4,North
4535,14535,339,8,7,106.67,0.15,634.69,Card,6/1/2034,2.2,5,North
4536,14536,664,10,4,331.38,0.13,1153.2,Wallet,6/2/2034,1.3,3,West
4537,14537,427,10,2,72.84,0.3,101.98,COD,6/3/2034,2.5,9,East
4538,14538,719,9,3,201.32,0.27,440.89,Card,6/4/2034,2.6,11,North
4539,14539,682,9,3,323.6,0.21,766.93,COD,6/5/2034,2.1,2,South
4540,14540,680,1,6,568.78,0.1,3071.41,COD,6/6/2034,1.9,11,West
4541,14541,841,5,7,243.87,0.33,1143.75,COD,6/7/2034,2.4,7,West
4542,14542,839,16,5,52.97,0.23,203.93,Card,6/8/2034,3.6,1,West
4543,14543,652,1,3,242.07,0.34,479.3,Wallet,6/9/2034,4.8,10,East
4544,14544,951,6,5,100.26,0.2,401.04,Card,6/10/2034,3.8,7,East
4545,14545,320,12,6,149.54,0.29,637.04,Card,6/11/2034,4.1,2,South
4546,14546,979,7,4,376.58,0.28,1084.55,Card,6/12/2034,2.2,5,South
4547,14547,666,2,6,54.44,0.12,287.44,COD,6/13/2034,1.4,1,West
4548,14548,633,15,5,286.86,0.34,946.64,COD,6/14/2034,2.2,5,South
4549,14549,416,9,3,371.54,0.01,1103.47,Card,6/15/2034,2.6,11,North
4550,14550,589,13,1,261.79,0.27,191.11,Card,6/16/2034,3.8,4,East
4551,14551,480,8,5,26.19,0.34,86.43,COD,6/17/2034,4.8,1,West
4552,14552,653,4,2,591.53,0.12,1041.09,COD,6/18/2034,4.2,1,West
4553,14553,743,10,1,229.76,0.23,176.92,Card,6/19/2034,2.1,7,North
4554,14554,408,7,7,470.47,0.2,2634.63,Wallet,6/20/2034,4.3,3,North
4555,14555,925,4,5,205.5,0.27,750.08,Wallet,6/21/2034,2.6,10,North
4556,14556,82,8,2,292.88,0.3,410.03,Card,6/22/2034,1.7,9,North
4557,14557,111,7,7,242.25,0.21,1339.64,COD,6/23/2034,2.8,9,West
4558,14558,729,11,6,215.39,0.29,917.56,Card,6/24/2034,3.3,10,East
4559,14559,328,9,1,27.78,0.11,24.72,COD,6/25/2034,4.1,11,East
4560,14560,374,9,5,225.61,0.08,1037.81,Card,6/26/2034,2.4,9,North
4561,14561,747,4,4,535.35,0.15,1820.19,Card,6/27/2034,1.6,1,South
4562,14562,649,9,6,418.88,0.24,1910.09,COD,6/28/2034,1.4,4,West
4563,14563,41,8,2,100.07,0.07,186.13,Wallet,6/29/2034,1.4,1,East
4564,14564,924,16,4,360.83,0.24,1096.92,Card,6/30/2034,4.8,1,North
4565,14565,760,11,3,536.96,0.14,1385.36,Card,7/1/2034,4.8,9,South
4566,14566,948,8,6,424.52,0.28,1833.93,Card,7/2/2034,4.9,5,South
4567,14567,787,16,6,101.98,0.01,605.76,COD,7/3/2034,2.2,1,North
4568,14568,103,4,5,522.68,0.23,2012.32,COD,7/4/2034,1.8,11,West
4569,14569,199,5,5,191.4,0.23,736.89,COD,7/5/2034,4.9,3,East
4570,14570,445,13,2,280.63,0.33,376.04,COD,7/6/2034,5.0,7,South
4571,14571,808,10,6,322.79,0.25,1452.56,COD,7/7/2034,1.3,2,East
4572,14572,832,3,5,512.55,0.28,1845.18,COD,7/8/2034,4.0,4,East
4573,14573,962,10,3,559.99,0.32,1142.38,COD,7/9/2034,2.2,2,South
4574,14574,263,16,7,558.85,0.24,2973.08,COD,7/10/2034,4.6,9,North
4575,14575,899,12,7,19.65,0.1,123.79,Wallet,7/11/2034,1.4,9,South
4576,14576,207,2,7,554.3,0.3,2716.07,Card,7/12/2034,4.6,7,South
4577,14577,558,15,5,46.82,0.26,173.23,Card,7/13/2034,1.0,7,West
4578,14578,116,16,6,170.48,0.15,869.45,Card,7/14/2034,3.1,2,East
4579,14579,705,12,7,316.27,0.25,1660.42,Wallet,7/15/2034,2.3,10,North
4580,14580,373,5,1,295.76,0.3,207.03,Card,7/16/2034,2.7,8,East
4581,14581,546,8,4,368.76,0.34,973.53,Card,7/17/2034,2.7,1,South
4582,14582,535,16,6,295.48,0.33,1187.83,Wallet,7/18/2034,3.6,8,North
4583,14583,761,12,3,561.61,0.11,1499.5,Wallet,7/19/2034,1.1,5,North
4584,14584,82,2,6,155.72,0.15,794.17,Wallet,7/20/2034,3.8,4,North
4585,14585,449,1,3,175.3,0.04,504.86,Card,7/21/2034,1.1,10,North
4586,14586,661,12,6,553.63,0.09,3022.82,Wallet,7/22/2034,1.7,2,West
4587,14587,623,15,7,59.89,0.31,289.27,Card,7/23/2034,3.4,3,North
4588,14588,509,8,4,371.59,0.13,1293.13,Card,7/24/2034,1.3,10,South
4589,14589,599,8,4,413.82,0.22,1291.12,Card,7/25/2034,5.0,2,West
4590,14590,671,11,3,310.74,0.23,717.81,COD,7/26/2034,4.1,11,South
4591,14591,383,7,6,421.13,0.27,1844.55,Card,7/27/2034,3.8,4,South
4592,14592,901,15,4,116.06,0.06,436.39,COD,7/28/2034,2.1,3,East
4593,14593,346,5,2,513.79,0.11,914.55,Wallet,7/29/2034,1.2,5,North
4594,14594,293,5,6,96.92,0.16,488.48,Card,7/30/2034,4.9,7,North
4595,14595,255,13,4,249.48,0.13,868.19,Card,7/31/2034,1.6,9,South
4596,14596,79,14,1,59.03,0.34,38.96,Card,8/1/2034,4.3,5,North
4597,14597,926,11,1,333.95,0.29,237.1,Wallet,8/2/2034,1.8,8,West
4598,14598,265,3,2,406.8,0.17,675.29,Card,8/3/2034,2.5,2,East
4599,14599,415,5,4,565.61,0.31,1561.08,Card,8/4/2034,3.8,6,North
4600,14600,232,11,1,447.51,0.12,393.81,Card,8/5/2034,4.8,8,North
4601,14601,822,12,7,331.55,0.28,1671.01,Wallet,8/6/2034,1.1,9,West
4602,14602,307,5,6,560.58,0.08,3094.4,Card,8/7/2034,2.0,11,East
4603,14603,802,4,5,294.89,0.27,1076.35,Card,8/8/2034,4.1,4,West
4604,14604,964,7,4,343.31,0.16,1153.52,Card,8/9/2034,1.7,4,South
4605,14605,975,15,2,363.72,0.04,698.34,Wallet,8/10/2034,1.4,7,South
4606,14606,353,12,4,254.84,0.1,917.42,Card,8/11/2034,1.2,4,North
4607,14607,210,7,3,505.51,0.14,1304.22,COD,8/12/2034,3.0,5,East
4608,14608,569,1,3,123.33,0.26,273.79,Card,8/13/2034,4.1,2,South
4609,14609,49,14,1,339.58,0.03,329.39,Wallet,8/14/2034,4.8,2,West
4610,14610,125,10,3,437.51,0.23,1010.65,COD,8/15/2034,2.1,11,South
4611,14611,220,6,2,543.83,0.25,815.75,COD,8/16/2034,1.5,10,South
4612,14612,910,11,1,532.09,0.23,409.71,Card,8/17/2034,2.6,5,West
4613,14613,276,5,2,312.61,0.27,456.41,Card,8/18/2034,1.2,10,North
4614,14614,404,13,6,391.25,0.06,2206.65,Card,8/19/2034,2.3,10,East
4615,14615,500,15,2,245.63,0.21,388.1,COD,8/20/2034,3.6,2,North
4616,14616,291,9,3,288.88,0.33,580.65,Wallet,8/21/2034,1.7,6,West
4617,14617,786,3,6,545.17,0.21,2584.11,Card,8/22/2034,3.5,6,South
4618,14618,274,6,3,559.46,0.21,1325.92,Wallet,8/23/2034,4.9,8,East
4619,14619,433,5,2,538.82,0.26,797.45,Card,8/24/2034,4.5,1,North
4620,14620,105,7,3,95.95,0.12,253.31,Wallet,8/25/2034,2.4,7,West
4621,14621,652,5,3,512.3,0.25,1152.68,Card,8/26/2034,2.7,7,South
4622,14622,416,8,3,569.79,0.32,1162.37,Card,8/27/2034,2.7,9,South
4623,14623,605,8,4,226.33,0.0,905.32,COD,8/28/2034,4.4,4,North
4624,14624,425,8,6,318.41,0.3,1337.32,COD,8/29/2034,5.0,7,West
4625,14625,371,11,6,470.77,0.08,2598.65,COD,8/30/2034,4.3,6,South
4626,14626,71,13,7,343.82,0.16,2021.66,COD,8/31/2034,3.2,4,South
4627,14627,938,8,6,596.19,0.3,2504.0,COD,9/1/2034,1.4,10,East
4628,14628,987,9,7,281.59,0.29,1399.5,Card,9/2/2034,4.8,8,South
4629,14629,628,15,2,432.66,0.31,597.07,Card,9/3/2034,4.4,3,North
4630,14630,30,4,7,478.67,0.33,2244.96,Card,9/4/2034,4.4,8,West
4631,14631,186,4,7,304.05,0.16,1787.81,COD,9/5/2034,2.6,5,West
4632,14632,360,7,5,516.34,0.23,1987.91,COD,9/6/2034,2.8,4,East
4633,14633,855,9,2,334.5,0.14,575.34,COD,9/7/2034,1.5,3,West
4634,14634,790,8,6,255.82,0.12,1350.73,COD,9/8/2034,4.8,10,North
4635,14635,446,9,1,78.08,0.15,66.37,Card,9/9/2034,4.8,7,South
4636,14636,193,2,3,245.15,0.26,544.23,COD,9/10/2034,2.0,7,East
4637,14637,154,11,3,444.35,0.18,1093.1,Card,9/11/2034,3.8,6,West
4638,14638,170,12,5,553.95,0.28,1994.22,COD,9/12/2034,1.8,3,East
4639,14639,836,7,1,162.23,0.26,120.05,Card,9/13/2034,2.6,9,East
4640,14640,41,6,4,222.81,0.01,882.33,COD,9/14/2034,2.2,11,West
4641,14641,62,15,7,105.07,0.22,573.68,COD,9/15/2034,2.6,2,East
4642,14642,23,7,2,419.07,0.15,712.42,Card,9/16/2034,2.2,3,West
4643,14643,356,12,4,576.71,0.16,1937.75,COD,9/17/2034,2.4,1,North
4644,14644,73,10,1,389.96,0.29,276.87,Card,9/18/2034,4.2,7,West
4645,14645,555,8,5,375.99,0.19,1522.76,Card,9/19/2034,2.2,2,South
4646,14646,665,9,1,338.79,0.31,233.77,COD,9/20/2034,4.3,10,West
4647,14647,814,6,5,66.75,0.25,250.31,Wallet,9/21/2034,3.3,8,South
4648,14648,116,7,4,441.76,0.19,1431.3,Card,9/22/2034,4.1,9,East
4649,14649,606,15,4,367.2,0.26,1086.91,Card,9/23/2034,4.7,11,West
4650,14650,376,1,1,401.96,0.01,397.94,COD,9/24/2034,1.6,2,South
4651,14651,918,3,1,540.8,0.01,535.39,COD,9/25/2034,2.4,6,West
4652,14652,909,4,7,473.62,0.03,3215.88,Card,9/26/2034,1.2,11,West
4653,14653,672,10,3,471.84,0.15,1203.19,Wallet,9/27/2034,2.6,1,West
4654,14654,287,9,5,557.4,0.08,2564.04,COD,9/28/2034,1.9,8,North
4655,14655,435,9,3,594.11,0.34,1176.34,Card,9/29/2034,3.3,5,South
4656,14656,662,3,2,355.05,0.19,575.18,Card,9/30/2034,4.1,9,North
4657,14657,922,3,2,78.7,0.23,121.2,COD,10/1/2034,2.9,3,North
4658,14658,7,1,1,283.59,0.1,255.23,COD,10/2/2034,2.3,2,South
4659,14659,194,12,4,475.75,0.11,1693.67,Card,10/3/2034,1.6,7,West
4660,14660,417,4,2,31.22,0.12,54.95,Wallet,10/4/2034,1.1,11,North
4661,14661,563,6,2,48.28,0.24,73.39,Card,10/5/2034,3.7,7,North
4662,14662,822,11,3,54.29,0.17,135.18,COD,10/6/2034,1.1,10,North
4663,14663,191,5,3,442.66,0.18,1088.94,Card,10/7/2034,4.7,5,West
4664,14664,554,11,7,308.18,0.21,1704.24,Wallet,10/8/2034,3.4,7,North
4665,14665,146,7,7,230.81,0.27,1179.44,COD,10/9/2034,2.4,6,East
4666,14666,777,12,2,76.79,0.03,148.97,Card,10/10/2034,1.2,9,South
4667,14667,663,7,1,443.36,0.27,323.65,Wallet,10/11/2034,2.7,3,East
4668,14668,199,6,3,202.8,0.2,486.72,Card,10/12/2034,4.5,4,West
4669,14669,439,4,2,170.21,0.23,262.12,COD,10/13/2034,4.9,9,North
4670,14670,903,16,4,396.61,0.11,1411.93,Wallet,10/14/2034,1.3,10,South
4671,14671,977,7,3,342.02,0.14,882.41,COD,10/15/2034,4.1,8,North
4672,14672,415,16,2,227.01,0.08,417.7,Wallet,10/16/2034,2.0,10,West
4673,14673,423,2,7,390.27,0.34,1803.05,Wallet,10/17/2034,2.5,6,South
4674,14674,474,9,5,173.66,0.17,720.69,Wallet,10/18/2034,3.2,3,East
4675,14675,470,6,3,479.98,0.35,935.96,Card,10/19/2034,5.0,9,South
4676,14676,124,12,5,149.15,0.17,618.97,Card,10/20/2034,1.8,9,North
4677,14677,391,10,3,107.92,0.08,297.86,COD,10/21/2034,1.5,11,South
4678,14678,806,16,3,472.73,0.18,1162.92,COD,10/22/2034,3.4,6,West
4679,14679,870,3,7,429.12,0.01,2973.8,COD,10/23/2034,4.4,2,West
4680,14680,796,12,6,121.84,0.32,497.11,Card,10/24/2034,3.6,7,South
4681,14681,571,13,6,83.0,0.29,353.58,Wallet,10/25/2034,2.4,9,West
4682,14682,321,2,5,505.46,0.25,1895.48,Wallet,10/26/2034,4.9,9,West
4683,14683,388,3,1,469.31,0.21,370.75,Card,10/27/2034,5.0,3,West
4684,14684,919,12,2,206.45,0.2,330.32,Card,10/28/2034,4.1,2,East
4685,14685,681,2,1,400.05,0.35,260.03,Card,10/29/2034,4.2,5,North
4686,14686,622,10,1,87.63,0.1,78.87,Card,10/30/2034,4.0,11,West
4687,14687,435,6,6,311.62,0.27,1364.9,COD,10/31/2034,2.0,10,South
4688,14688,201,11,2,25.96,0.2,41.54,Wallet,11/1/2034,1.6,7,West
4689,14689,481,12,6,244.09,0.34,966.6,Card,11/2/2034,3.2,3,East
4690,14690,822,16,6,58.78,0.29,250.4,COD,11/3/2034,4.8,4,South
4691,14691,31,7,7,292.96,0.35,1332.97,COD,11/4/2034,4.5,10,North
4692,14692,384,9,6,261.68,0.21,1240.36,Card,11/5/2034,1.4,2,South
4693,14693,619,10,4,274.97,0.07,1022.89,COD,11/6/2034,1.2,11,South
4694,14694,866,16,1,41.52,0.18,34.05,COD,11/7/2034,4.5,10,South
4695,14695,429,11,7,226.55,0.25,1189.39,Wallet,11/8/2034,3.5,2,South
4696,14696,826,15,7,457.54,0.27,2338.03,COD,11/9/2034,2.2,7,West
4697,14697,915,10,1,230.81,0.0,230.81,COD,11/10/2034,3.2,2,North
4698,14698,372,11,7,433.38,0.18,2487.6,Card,11/11/2034,1.9,1,West
4699,14699,340,6,1,231.15,0.08,212.66,Card,11/12/2034,4.8,4,East
4700,14700,438,8,4,262.6,0.31,724.78,Card,11/13/2034,4.3,6,East
4701,14701,574,6,3,344.88,0.05,982.91,Card,11/14/2034,4.8,10,South
4702,14702,73,9,7,571.15,0.23,3078.5,Card,11/15/2034,1.7,10,West
4703,14703,552,2,5,78.68,0.09,357.99,Card,11/16/2034,4.4,4,West
4704,14704,762,6,5,34.25,0.12,150.7,COD,11/17/2034,3.2,1,North
4705,14705,660,9,4,370.65,0.33,993.34,COD,11/18/2034,2.3,1,North
4706,14706,153,6,1,570.22,0.08,524.6,Card,11/19/2034,2.9,9,North
4707,14707,426,3,5,593.99,0.03,2880.85,Card,11/20/2034,4.8,1,West
4708,14708,359,12,4,298.24,0.02,1169.1,COD,11/21/2034,3.8,7,North
4709,14709,443,12,6,288.83,0.18,1421.04,Card,11/22/2034,2.4,11,North
4710,14710,976,16,2,392.3,0.22,611.99,Card,11/23/2034,5.0,7,North
4711,14711,231,8,5,340.05,0.11,1513.22,COD,11/24/2034,2.4,1,South
4712,14712,558,5,2,385.94,0.24,586.63,Card,11/25/2034,4.3,1,East
4713,14713,807,10,1,526.29,0.02,515.76,Card,11/26/2034,4.1,6,East
4714,14714,259,10,5,451.59,0.3,1580.56,Card,11/27/2034,3.9,8,West
4715,14715,816,7,4,305.67,0.29,868.1,Card,11/28/2034,3.7,7,West
4716,14716,123,10,3,285.19,0.34,564.68,Wallet,11/29/2034,1.4,6,South
4717,14717,900,5,5,389.17,0.33,1303.72,Card,11/30/2034,5.0,10,East
4718,14718,242,7,5,281.59,0.12,1239.0,COD,12/1/2034,1.6,3,North
4719,14719,537,11,5,282.8,0.14,1216.04,COD,12/2/2034,3.4,11,North
4720,14720,927,2,5,24.54,0.26,90.8,Card,12/3/2034,2.0,7,West
4721,14721,480,13,4,116.83,0.05,443.95,Card,12/4/2034,1.7,6,East
4722,14722,120,16,4,300.78,0.11,1070.78,Wallet,12/5/2034,3.2,8,West
4723,14723,123,9,3,496.25,0.04,1429.2,Wallet,12/6/2034,4.3,4,West
4724,14724,544,9,4,178.06,0.16,598.28,Card,12/7/2034,2.5,9,North
4725,14725,168,5,4,320.75,0.19,1039.23,Card,12/8/2034,1.3,1,North
4726,14726,122,11,1,216.8,0.07,201.62,COD,12/9/2034,3.5,7,East
4727,14727,858,3,7,76.31,0.01,528.83,Card,12/10/2034,4.1,9,West
4728,14728,35,9,1,575.6,0.25,431.7,Card,12/11/2034,2.2,10,South
4729,14729,85,8,7,514.98,0.01,3568.81,Card,12/12/2034,3.8,1,East
4730,14730,640,7,2,60.92,0.34,80.41,Card,12/13/2034,1.3,10,West
4731,14731,700,5,3,436.08,0.08,1203.58,Card,12/14/2034,2.4,3,East
4732,14732,776,12,7,218.33,0.23,1176.8,COD,12/15/2034,2.9,7,East
4733,14733,198,6,1,596.99,0.15,507.44,COD,12/16/2034,4.1,9,East
4734,14734,365,10,3,191.9,0.02,564.19,COD,12/17/2034,2.4,1,South
4735,14735,787,1,3,154.66,0.17,385.1,Card,12/18/2034,2.8,6,South
4736,14736,75,9,5,347.22,0.18,1423.6,Card,12/19/2034,3.5,11,North
4737,14737,58,3,6,503.55,0.3,2114.91,COD,12/20/2034,3.5,2,North
4738,14738,427,16,6,127.62,0.26,566.63,Card,12/21/2034,3.1,5,West
4739,14739,632,9,6,430.0,0.03,2502.6,Card,12/22/2034,2.3,7,East
4740,14740,495,14,3,50.92,0.07,142.07,Card,12/23/2034,3.7,7,West
4741,14741,902,9,5,552.58,0.11,2458.98,Card,12/24/2034,4.3,10,North
4742,14742,107,3,2,62.43,0.04,119.87,Wallet,12/25/2034,1.6,7,South
4743,14743,728,7,2,549.83,0.16,923.71,COD,12/26/2034,2.4,4,North
4744,14744,275,12,6,302.12,0.34,1196.4,Card,12/27/2034,3.7,6,West
4745,14745,67,6,2,277.13,0.18,454.49,COD,12/28/2034,4.0,11,North
4746,14746,68,12,5,584.38,0.26,2162.21,Card,12/29/2034,4.1,10,West
4747,14747,163,2,6,594.37,0.24,2710.33,Card,12/30/2034,3.6,6,West
4748,14748,484,10,7,395.35,0.3,1937.22,Card,12/31/2034,2.9,7,West
4749,14749,301,13,7,89.36,0.08,575.48,COD,1/1/2035,3.6,9,West
4750,14750,898,6,5,311.11,0.26,1151.11,Card,1/2/2035,1.5,6,North
4751,14751,667,2,2,324.56,0.31,447.89,Card,1/3/2035,1.8,10,West
4752,14752,361,11,6,315.95,0.06,1781.96,Card,1/4/2035,4.7,1,West
4753,14753,843,8,7,348.15,0.12,2144.6,Card,1/5/2035,4.7,8,East
4754,14754,810,8,5,25.95,0.34,85.64,COD,1/6/2035,3.9,2,West
4755,14755,375,15,4,431.07,0.27,1258.72,Wallet,1/7/2035,2.3,3,North
4756,14756,339,9,7,431.75,0.1,2720.02,COD,1/8/2035,3.6,5,West
4757,14757,936,12,4,82.55,0.2,264.16,COD,1/9/2035,3.8,6,South
4758,14758,888,11,5,348.59,0.14,1498.94,Wallet,1/10/2035,3.1,7,South
4759,14759,549,13,5,347.49,0.17,1442.08,Card,1/11/2035,4.0,4,West
4760,14760,350,11,1,414.23,0.12,364.52,Card,1/12/2035,1.1,3,South
4761,14761,412,8,7,64.96,0.1,409.25,Card,1/13/2035,2.0,9,South
4762,14762,107,12,1,381.5,0.24,289.94,Card,1/14/2035,4.2,4,North
4763,14763,558,2,3,179.24,0.27,392.54,Card,1/15/2035,4.8,9,East
4764,14764,753,3,7,311.6,0.31,1505.03,Card,1/16/2035,4.5,9,South
4765,14765,492,6,6,467.39,0.05,2664.12,Card,1/17/2035,3.9,11,South
4766,14766,337,7,3,427.8,0.29,911.21,COD,1/18/2035,1.7,3,East
4767,14767,931,12,3,84.56,0.09,230.85,Wallet,1/19/2035,2.5,3,East
4768,14768,379,11,2,360.84,0.15,613.43,Card,1/20/2035,1.2,11,South
4769,14769,528,11,4,581.93,0.32,1582.85,Card,1/21/2035,3.6,8,West
4770,14770,296,13,2,106.71,0.16,179.27,COD,1/22/2035,2.8,1,South
4771,14771,137,5,6,513.95,0.07,2867.84,Card,1/23/2035,3.3,6,West
4772,14772,355,1,5,425.99,0.06,2002.15,Card,1/24/2035,4.9,6,West
4773,14773,825,6,1,467.79,0.17,388.27,Card,1/25/2035,2.6,9,West
4774,14774,494,15,6,179.95,0.27,788.18,COD,1/26/2035,2.2,2,East
4775,14775,381,8,5,183.42,0.35,596.12,Wallet,1/27/2035,1.6,8,South
4776,14776,598,7,6,545.02,0.28,2354.49,COD,1/28/2035,1.6,7,South
4777,14777,948,11,5,225.5,0.31,777.97,Card,1/29/2035,3.1,2,North
4778,14778,277,5,7,51.86,0.26,268.63,Card,1/30/2035,4.0,1,East
4779,14779,631,6,1,366.35,0.31,252.78,Card,1/31/2035,3.3,4,North
4780,14780,478,16,5,88.02,0.03,426.9,Wallet,2/1/2035,4.5,2,North
4781,14781,898,4,3,481.01,0.33,966.83,COD,2/2/2035,2.3,3,West
4782,14782,109,9,6,390.42,0.14,2014.57,Card,2/3/2035,3.4,2,East
4783,14783,855,12,1,526.72,0.32,358.17,COD,2/4/2035,3.6,9,North
4784,14784,137,7,5,474.13,0.03,2299.53,Card,2/5/2035,2.1,4,South
4785,14785,985,7,3,80.59,0.25,181.33,Wallet,2/6/2035,2.6,1,North
4786,14786,430,9,3,237.93,0.26,528.2,Wallet,2/7/2035,3.4,8,East
4787,14787,504,14,7,468.12,0.35,2129.95,Card,2/8/2035,1.1,4,South
4788,14788,270,3,4,259.14,0.27,756.69,COD,2/9/2035,4.5,10,South
4789,14789,97,2,3,583.83,0.13,1523.8,COD,2/10/2035,1.4,11,South
4790,14790,755,10,2,445.41,0.2,712.66,Card,2/11/2035,1.2,11,West
4791,14791,839,4,1,24.07,0.13,20.94,COD,2/12/2035,1.9,8,South
4792,14792,102,15,1,529.79,0.07,492.7,COD,2/13/2035,3.0,8,West
4793,14793,211,8,1,73.97,0.09,67.31,Card,2/14/2035,2.3,9,West
4794,14794,752,5,5,97.21,0.08,447.17,COD,2/15/2035,2.8,10,North
4795,14795,658,15,6,444.68,0.19,2161.14,COD,2/16/2035,1.3,7,North
4796,14796,753,5,5,521.01,0.32,1771.43,Card,2/17/2035,1.9,4,South
4797,14797,777,8,2,328.76,0.32,447.11,Card,2/18/2035,1.4,2,East
4798,14798,163,8,6,184.09,0.02,1082.45,COD,2/19/2035,1.9,6,South
4799,14799,988,8,7,220.52,0.03,1497.33,Card,2/20/2035,3.8,4,North
4800,14800,842,11,3,215.59,0.09,588.56,Wallet,2/21/2035,3.3,6,South
4801,14801,515,4,5,206.11,0.09,937.8,Card,2/22/2035,2.3,8,North
4802,14802,281,13,6,157.1,0.03,914.32,Card,2/23/2035,2.0,3,South
4803,14803,512,6,3,371.19,0.14,957.67,Card,2/24/2035,5.0,1,East
4804,14804,651,11,6,541.74,0.21,2567.85,COD,2/25/2035,4.1,5,South
4805,14805,607,5,3,194.64,0.2,467.14,COD,2/26/2035,4.3,3,East
4806,14806,162,11,6,124.22,0.19,603.71,Card,2/27/2035,1.1,6,East
4807,14807,875,12,5,505.57,0.12,2224.51,Card,2/28/2035,1.2,3,South
4808,14808,653,7,5,448.94,0.25,1683.52,Wallet,3/1/2035,3.9,1,East
4809,14809,63,8,2,559.54,0.29,794.55,Card,3/2/2035,1.8,9,East
4810,14810,89,5,7,111.83,0.12,688.87,Card,3/3/2035,2.7,5,North
4811,14811,115,9,7,99.39,0.03,674.86,Card,3/4/2035,1.7,2,North
4812,14812,855,6,4,331.74,0.1,1194.26,Card,3/5/2035,1.7,2,East
4813,14813,264,12,1,374.44,0.05,355.72,Card,3/6/2035,1.4,11,West
4814,14814,811,2,5,295.9,0.16,1242.78,Card,3/7/2035,3.4,9,South
4815,14815,678,5,5,365.4,0.05,1735.65,Card,3/8/2035,4.0,1,East
4816,14816,554,16,3,120.52,0.16,303.71,Wallet,3/9/2035,1.2,10,South
4817,14817,138,10,4,295.57,0.08,1087.7,Card,3/10/2035,2.1,3,North
4818,14818,243,11,7,399.98,0.26,2071.9,COD,3/11/2035,3.6,10,South
4819,14819,655,3,5,268.13,0.01,1327.24,COD,3/12/2035,2.6,11,East
4820,14820,749,9,6,412.48,0.19,2004.65,Card,3/13/2035,3.8,7,East
4821,14821,391,5,7,278.95,0.06,1835.49,COD,3/14/2035,4.0,1,East
4822,14822,482,6,4,210.16,0.0,840.64,Card,3/15/2035,1.1,2,East
4823,14823,471,10,1,192.61,0.3,134.83,Card,3/16/2035,2.5,6,West
4824,14824,512,14,6,255.38,0.24,1164.53,Wallet,3/17/2035,3.9,9,West
4825,14825,966,8,3,28.51,0.03,82.96,COD,3/18/2035,2.5,9,West
4826,14826,182,11,2,406.09,0.23,625.38,Wallet,3/19/2035,1.0,8,East
4827,14827,20,12,6,509.39,0.21,2414.51,Wallet,3/20/2035,2.3,3,West
4828,14828,926,12,7,222.46,0.17,1292.49,Card,3/21/2035,4.5,2,South
4829,14829,553,2,1,41.93,0.15,35.64,Card,3/22/2035,4.8,1,East
4830,14830,519,15,6,592.26,0.31,2451.96,Card,3/23/2035,3.2,11,North
4831,14831,577,10,4,169.26,0.09,616.11,Wallet,3/24/2035,2.2,11,East
4832,14832,524,11,4,89.07,0.14,306.4,Wallet,3/25/2035,2.9,9,South
4833,14833,872,15,1,231.31,0.12,203.55,COD,3/26/2035,1.9,5,West
4834,14834,145,6,7,447.06,0.27,2284.48,Card,3/27/2035,1.7,3,East
4835,14835,660,5,4,186.94,0.32,508.48,Card,3/28/2035,3.0,10,West
4836,14836,300,8,6,351.2,0.3,1475.04,Wallet,3/29/2035,3.9,10,East
4837,14837,614,11,2,258.1,0.28,371.66,Wallet,3/30/2035,1.9,11,South
4838,14838,740,14,6,83.89,0.35,327.17,Card,3/31/2035,4.6,5,East
4839,14839,809,4,2,208.22,0.24,316.49,Card,4/1/2035,1.7,11,West
4840,14840,853,12,4,439.05,0.26,1299.59,Card,4/2/2035,3.2,3,West
4841,14841,577,6,6,373.02,0.34,1477.16,Card,4/3/2035,4.1,9,South
4842,14842,687,5,4,85.07,0.0,340.28,Wallet,4/4/2035,1.9,1,East
4843,14843,753,5,7,110.54,0.22,603.55,COD,4/5/2035,2.2,1,North
4844,14844,225,10,2,389.83,0.26,576.95,COD,4/6/2035,1.2,3,East
4845,14845,100,13,7,490.85,0.32,2336.45,Card,4/7/2035,4.8,6,South
4846,14846,582,8,4,219.44,0.31,605.65,Card,4/8/2035,2.9,11,North
4847,14847,413,6,5,363.26,0.29,1289.57,Card,4/9/2035,1.3,2,South
4848,14848,947,11,3,114.83,0.33,230.81,COD,4/10/2035,4.3,1,East
4849,14849,213,10,6,197.16,0.19,958.2,COD,4/11/2035,3.3,8,North
4850,14850,403,9,5,26.86,0.0,134.3,Card,4/12/2035,1.2,11,South
4851,14851,395,16,7,464.44,0.0,3251.08,Card,4/13/2035,2.8,10,West
4852,14852,912,12,4,249.59,0.19,808.67,Card,4/14/2035,2.7,9,North
4853,14853,707,15,4,492.43,0.15,1674.26,Card,4/15/2035,1.6,10,North
4854,14854,696,6,3,429.4,0.16,1082.09,COD,4/16/2035,2.7,1,South
4855,14855,752,5,4,499.82,0.14,1719.38,COD,4/17/2035,2.1,3,West
4856,14856,494,7,3,182.11,0.32,371.5,Card,4/18/2035,3.8,5,North
4857,14857,746,6,6,123.29,0.13,643.57,Wallet,4/19/2035,1.0,7,South
4858,14858,460,9,2,583.56,0.3,816.98,COD,4/20/2035,1.4,10,North
4859,14859,684,9,3,434.64,0.32,886.67,Card,4/21/2035,4.7,4,North
4860,14860,938,16,3,502.91,0.17,1252.25,Card,4/22/2035,2.7,6,North
4861,14861,963,16,5,22.68,0.16,95.26,Wallet,4/23/2035,1.7,1,West
4862,14862,723,12,4,222.36,0.27,649.29,COD,4/24/2035,4.2,4,East
4863,14863,80,5,6,449.55,0.25,2022.98,Card,4/25/2035,4.4,8,East
4864,14864,598,10,2,60.62,0.11,107.9,COD,4/26/2035,1.8,5,West
4865,14865,936,10,1,346.89,0.04,333.01,Card,4/27/2035,3.9,8,West
4866,14866,680,10,7,266.01,0.09,1694.48,Wallet,4/28/2035,3.5,1,South
4867,14867,743,3,3,25.31,0.05,72.13,Wallet,4/29/2035,4.0,10,North
4868,14868,762,11,1,153.05,0.1,137.74,COD,4/30/2035,4.2,9,West
4869,14869,892,12,4,181.6,0.09,661.02,COD,5/1/2035,3.6,4,South
4870,14870,361,12,7,80.44,0.22,439.2,Card,5/2/2035,4.8,9,East
4871,14871,161,10,3,384.45,0.33,772.74,COD,5/3/2035,4.5,8,East
4872,14872,48,8,1,156.8,0.24,119.17,COD,5/4/2035,1.9,8,East
4873,14873,506,10,5,177.41,0.32,603.19,COD,5/5/2035,4.7,2,East
4874,14874,325,10,1,540.47,0.27,394.54,COD,5/6/2035,2.4,3,South
4875,14875,829,7,7,288.27,0.25,1513.42,Wallet,5/7/2035,3.9,10,North
4876,14876,114,10,5,244.39,0.14,1050.88,Card,5/8/2035,4.4,9,South
4877,14877,930,16,7,438.46,0.11,2731.61,Card,5/9/2035,2.7,3,North
4878,14878,838,6,2,547.12,0.3,765.97,COD,5/10/2035,1.2,8,East
4879,14879,333,12,4,29.65,0.32,80.65,Wallet,5/11/2035,4.8,5,West
4880,14880,870,14,6,277.22,0.16,1397.19,Wallet,5/12/2035,1.3,7,West
4881,14881,729,9,1,372.31,0.0,372.31,COD,5/13/2035,2.4,4,West
4882,14882,853,7,3,201.36,0.28,434.94,Wallet,5/14/2035,3.4,8,North
4883,14883,829,7,7,466.86,0.1,2941.22,COD,5/15/2035,1.5,4,East
4884,14884,145,10,7,583.31,0.0,4083.17,Card,5/16/2035,4.4,5,South
4885,14885,570,8,4,566.91,0.28,1632.7,COD,5/17/2035,1.8,1,West
4886,14886,796,2,1,170.6,0.18,139.89,Card,5/18/2035,4.9,10,North
4887,14887,319,3,3,147.41,0.24,336.09,Card,5/19/2035,4.7,8,West
4888,14888,438,8,3,575.13,0.32,1173.27,Card,5/20/2035,3.4,7,South
4889,14889,826,5,7,283.3,0.19,1606.31,Card,5/21/2035,3.6,11,East
4890,14890,13,9,6,136.85,0.18,673.3,Card,5/22/2035,3.1,5,South
4891,14891,932,12,7,428.59,0.1,2700.12,Card,5/23/2035,2.6,6,East
4892,14892,489,6,6,181.39,0.11,968.62,Card,5/24/2035,2.4,1,East
4893,14893,693,7,7,171.34,0.28,863.55,Card,5/25/2035,4.6,8,East
4894,14894,284,4,7,529.36,0.16,3112.64,COD,5/26/2035,3.3,9,West
4895,14895,712,6,3,110.05,0.06,310.34,COD,5/27/2035,4.3,11,South
4896,14896,112,8,6,52.67,0.03,306.54,Wallet,5/28/2035,3.1,5,West
4897,14897,475,8,3,172.47,0.17,429.45,Wallet,5/29/2035,2.2,10,South
4898,14898,22,15,1,370.06,0.16,310.85,Card,5/30/2035,1.4,7,North
4899,14899,345,13,7,87.01,0.23,468.98,COD,5/31/2035,2.3,10,North
4900,14900,718,5,2,290.88,0.16,488.68,Card,6/1/2035,4.5,4,South
4901,14901,676,9,6,381.99,0.05,2177.34,Card,6/2/2035,3.8,6,South
4902,14902,824,13,5,511.51,0.18,2097.19,COD,6/3/2035,4.1,2,South
4903,14903,561,11,5,149.47,0.32,508.2,COD,6/4/2035,4.1,4,South
4904,14904,895,2,5,493.15,0.06,2317.8,Wallet,6/5/2035,1.5,5,East
4905,14905,799,8,2,152.42,0.24,231.68,COD,6/6/2035,1.6,9,West
4906,14906,316,7,3,410.91,0.21,973.86,Card,6/7/2035,2.3,9,East
4907,14907,124,5,3,266.94,0.26,592.61,Wallet,6/8/2035,2.2,8,West
4908,14908,274,13,4,82.09,0.05,311.94,COD,6/9/2035,1.3,4,West
4909,14909,965,11,5,432.84,0.33,1450.01,Wallet,6/10/2035,1.6,6,West
4910,14910,201,4,5,142.39,0.22,555.32,COD,6/11/2035,4.4,7,East
4911,14911,192,7,3,118.32,0.3,248.47,Card,6/12/2035,3.4,1,South
4912,14912,674,12,5,224.62,0.09,1022.02,Card,6/13/2035,2.4,1,East
4913,14913,658,11,3,397.17,0.26,881.72,Card,6/14/2035,3.1,4,East
4914,14914,542,6,7,151.89,0.27,776.16,Card,6/15/2035,2.0,3,West
4915,14915,688,5,7,122.44,0.14,737.09,Card,6/16/2035,3.3,10,North
4916,14916,283,6,3,20.82,0.13,54.34,COD,6/17/2035,1.3,4,North
4917,14917,56,15,6,290.91,0.23,1344.0,Wallet,6/18/2035,4.6,9,East
4918,14918,726,6,3,265.76,0.03,773.36,Wallet,6/19/2035,2.0,2,West
4919,14919,299,4,1,151.81,0.26,112.34,COD,6/20/2035,4.3,4,East
4920,14920,161,7,1,46.39,0.02,45.46,Card,6/21/2035,3.6,7,East
4921,14921,19,16,1,266.11,0.07,247.48,Card,6/22/2035,3.1,2,South
4922,14922,366,10,1,476.1,0.23,366.6,COD,6/23/2035,4.7,8,West
4923,14923,261,5,2,433.44,0.03,840.87,Card,6/24/2035,1.6,10,North
4924,14924,784,11,4,518.57,0.34,1369.02,Wallet,6/25/2035,1.5,4,North
4925,14925,111,8,4,20.61,0.3,57.71,Wallet,6/26/2035,2.3,9,North
4926,14926,483,2,3,580.36,0.22,1358.04,Card,6/27/2035,4.3,1,East
4927,14927,323,11,7,214.73,0.29,1067.21,COD,6/28/2035,1.1,7,West
4928,14928,537,9,5,594.38,0.31,2050.61,Card,6/29/2035,2.0,1,South
4929,14929,641,3,1,162.78,0.09,148.13,COD,6/30/2035,2.7,11,North
4930,14930,574,9,4,290.85,0.3,814.38,Card,7/1/2035,3.9,10,West
4931,14931,64,14,4,222.05,0.07,826.03,Card,7/2/2035,2.2,11,North
4932,14932,289,8,1,223.12,0.14,191.88,COD,7/3/2035,2.8,9,South
4933,14933,25,15,7,507.74,0.2,2843.34,COD,7/4/2035,2.3,10,West
4934,14934,544,11,2,451.66,0.25,677.49,COD,7/5/2035,1.4,10,East
4935,14935,1,12,2,595.41,0.01,1178.91,COD,7/6/2035,4.0,1,East
4936,14936,900,7,4,373.91,0.1,1346.08,COD,7/7/2035,2.8,3,North
4937,14937,544,3,2,286.01,0.21,451.9,COD,7/8/2035,4.3,7,North
4938,14938,139,7,6,67.69,0.13,353.34,Wallet,7/9/2035,3.8,1,West
4939,14939,736,11,1,597.99,0.27,436.53,Wallet,7/10/2035,1.2,5,South
4940,14940,642,8,7,337.65,0.23,1819.93,COD,7/11/2035,3.0,6,North
4941,14941,890,2,4,424.78,0.08,1563.19,COD,7/12/2035,5.0,3,West
4942,14942,186,15,1,252.94,0.05,240.29,COD,7/13/2035,2.2,6,South
4943,14943,126,4,2,335.41,0.22,523.24,Card,7/14/2035,3.0,4,North
4944,14944,198,10,1,566.41,0.16,475.78,Card,7/15/2035,3.6,6,North
4945,14945,125,12,2,112.36,0.06,211.24,Wallet,7/16/2035,1.8,6,West
4946,14946,254,5,7,186.04,0.11,1159.03,Wallet,7/17/2035,3.8,4,North
4947,14947,669,14,2,103.95,0.11,185.03,COD,7/18/2035,3.6,1,East
4948,14948,542,10,1,478.45,0.04,459.31,Card,7/19/2035,2.5,3,South
4949,14949,192,9,7,51.3,0.19,290.87,Card,7/20/2035,2.1,11,South
4950,14950,695,14,2,62.75,0.27,91.62,Card,7/21/2035,4.7,10,East
4951,14951,102,10,6,189.62,0.2,910.18,Card,7/22/2035,1.5,7,West
4952,14952,530,5,3,315.8,0.29,672.65,COD,7/23/2035,2.7,2,East
4953,14953,262,8,1,252.67,0.04,242.56,Wallet,7/24/2035,4.1,4,East
4954,14954,792,7,3,41.22,0.15,105.11,Card,7/25/2035,1.6,6,South
4955,14955,931,14,1,575.13,0.21,454.35,COD,7/26/2035,4.7,5,West
4956,14956,963,8,2,572.43,0.24,870.09,Card,7/27/2035,3.1,6,North
4957,14957,380,8,2,178.42,0.24,271.2,Wallet,7/28/2035,3.0,5,East
4958,14958,257,5,7,442.94,0.26,2294.43,Wallet,7/29/2035,2.7,9,East
4959,14959,410,8,4,353.47,0.23,1088.69,Card,7/30/2035,4.5,11,West
4960,14960,980,5,6,153.92,0.03,895.81,Wallet,7/31/2035,4.8,2,East
4961,14961,354,12,4,168.37,0.24,511.84,COD,8/1/2035,2.5,4,West
4962,14962,73,11,3,302.32,0.25,680.22,Card,8/2/2035,3.2,1,North
4963,14963,351,12,2,260.25,0.35,338.32,COD,8/3/2035,2.3,7,West
4964,14964,579,12,4,185.37,0.24,563.52,Card,8/4/2035,2.5,1,North
4965,14965,761,8,2,487.39,0.24,740.83,COD,8/5/2035,1.1,6,West
4966,14966,899,13,1,296.66,0.18,243.26,Wallet,8/6/2035,4.1,10,East
4967,14967,186,14,4,398.09,0.3,1114.65,COD,8/7/2035,4.9,10,North
4968,14968,962,13,3,125.72,0.35,245.15,Card,8/8/2035,4.1,9,East
4969,14969,678,7,7,327.1,0.27,1671.48,Card,8/9/2035,3.1,2,North
4970,14970,981,5,4,201.02,0.21,635.22,Card,8/10/2035,4.3,1,West
4971,14971,287,6,2,322.95,0.03,626.52,Card,8/11/2035,4.4,11,West
4972,14972,45,11,5,471.78,0.25,1769.17,Card,8/12/2035,3.2,11,West
4973,14973,568,10,5,464.81,0.25,1743.04,COD,8/13/2035,4.7,11,South
4974,14974,81,6,7,222.22,0.27,1135.54,COD,8/14/2035,1.1,10,South
4975,14975,121,3,7,421.15,0.04,2830.13,COD,8/15/2035,1.0,3,North
4976,14976,354,10,6,565.65,0.23,2613.3,Card,8/16/2035,1.3,6,South
4977,14977,523,9,7,381.02,0.1,2400.43,Card,8/17/2035,1.2,7,West
4978,14978,65,14,2,101.82,0.27,148.66,Card,8/18/2035,2.7,11,South
4979,14979,925,12,1,412.63,0.08,379.62,Card,8/19/2035,4.8,8,South
4980,14980,651,13,4,76.37,0.24,232.16,Card,8/20/2035,3.7,4,East
4981,14981,371,14,7,525.18,0.1,3308.63,Card,8/21/2035,3.6,8,North
4982,14982,160,4,5,317.25,0.0,1586.25,COD,8/22/2035,2.5,7,North
4983,14983,738,5,1,240.31,0.22,187.44,Wallet,8/23/2035,3.1,11,North
4984,14984,376,15,2,48.35,0.04,92.83,COD,8/24/2035,2.2,8,South
4985,14985,650,5,1,237.76,0.23,183.08,COD,8/25/2035,3.1,5,West
4986,14986,354,7,2,543.38,0.32,739.0,Card,8/26/2035,4.0,10,East
4987,14987,186,5,6,27.28,0.34,108.03,Wallet,8/27/2035,3.2,7,North
4988,14988,318,12,4,292.67,0.08,1077.03,Card,8/28/2035,2.7,4,South
4989,14989,445,7,1,559.73,0.28,403.01,Card,8/29/2035,4.4,1,West
4990,14990,469,5,4,245.98,0.12,865.85,Card,8/30/2035,2.1,3,East
4991,14991,13,15,1,265.48,0.32,180.53,Card,8/31/2035,2.9,10,East
4992,14992,182,14,2,353.46,0.28,508.98,COD,9/1/2035,4.9,9,North
4993,14993,109,13,2,285.82,0.03,554.49,Wallet,9/2/2035,4.9,11,North
4994,14994,916,9,1,113.63,0.14,97.72,COD,9/3/2035,1.0,4,West
4995,14995,503,16,6,25.85,0.12,136.49,Card,9/4/2035,3.1,5,South
4996,14996,287,8,2,371.74,0.27,542.74,COD,9/5/2035,2.3,3,West
4997,14997,292,4,3,553.67,0.14,1428.47,COD,9/6/2035,2.2,11,North
4998,14998,446,3,3,77.22,0.24,176.06,Wallet,9/7/2035,3.4,6,West
4999,14999,893,9,4,138.41,0.21,437.38,COD,9/8/2035,2.8,4,South
5000,15000,212,15,7,231.58,0.34,1069.9,COD,9/9/2035,3.9,5,East
